#VRML V2.0 utf8
# 3D model generated by easyeda2kicad.py (https://github.com/uPesy/easyeda2kicad.py)

Shape{
    appearance Appearance {
        material  Material 	{
            diffuseColor 0.25098039215686274 0.25098039215686274 0.25098039215686274
            specularColor 0.12549019607843137 0.12549019607843137 0.12549019607843137
            ambientIntensity 0.251
            transparency 0.0
            shininess 0.5
        }
    }
    geometry IndexedFaceSet {
        ccw TRUE
        solid FALSE
        coord DEF co Coordinate {
            point [
                2.9757 2.5773 1.0236, 2.9757 2.5773 3.189, 3.2093 2.1969 3.189, 0.7512 4.2974 2.3778, 0.8175 4.273 2.3956, 1.1525 4.1311 0.2362, 0.0637 4.4856 0.2362, 0.3437 4.4228 2.1495, 0.6193 4.3426 0.2362, 0.6186 4.3404 2.3082, 0.689 4.3193 2.3488, -0.5055 4.5578 0.2362, -0.5055 4.5578 1.6592, -0.184 4.517 0.2362, -0.2198 4.5306 1.8242, 0.0637 4.4856 1.9878, -0.6792 4.5655 1.5434, -0.696 4.5659 1.4355, -0.7132 4.5662 1.5047, -0.7417 4.5666 1.4619, -0.6406 4.5643 1.5773, -0.5976 4.5627 1.606, -0.7911 4.5669 1.3166, -0.7811 4.5669 1.367, -0.7644 4.5668 1.4159, -0.7945 4.5669 1.2651, -0.7945 4.5669 1.0236, -1.0792 4.558 1.0236, -1.0792 4.558 0.2362, -1.405 4.517 0.2362, -1.6484 4.4864 1.0236, -1.6484 4.4864 0.2362, -2.2041 4.3439 0.2362, -2.2041 4.3439 1.0236, -2.7376 4.1329 0.2362, -2.7376 4.1329 1.0236, -2.7433 4.1298 0.2362, -3.2404 3.8567 1.0236, -5.0256 1.7189 2.2047, -5.0162 1.7417 2.1585, -5.0224 1.7268 2.1331, -5.0094 1.7582 2.1098, -5.0052 1.7683 2.0594, -5.0038 1.7717 2.0079, -5.0038 1.7717 1.0236, -3.2404 3.8567 0.2362, -3.7046 3.5197 0.2362, -3.7046 3.5197 1.0236, -4.1229 3.127 0.2362, -4.1229 3.127 1.0236, -4.4887 2.6851 0.2362, -4.4887 2.6851 1.0236, -4.4961 2.6734 0.2362, -4.7962 2.2007 1.0236, -4.7962 2.2007 0.2362, -5.0405 1.6817 0.2362, -5.0405 1.6817 2.2584, -5.0505 1.6563 2.2863, -5.1404 1.3742 0.2362, -5.0813 1.5748 2.3488, -5.2178 1.1361 2.4016, -5.1486 1.378 2.4016, -5.115 1.4798 2.3882, -5.2178 1.1361 0.2362, -5.2656 0.8858 0.2362, -5.3254 0.5726 2.4016, -5.3254 0.5726 0.2362, -5.3614 -0.0 0.2362, -5.3614 -0.0 2.4016, -5.3558 -0.226 2.3778, -5.3586 -0.1597 2.3956, -5.3605 -0.0914 2.4016, -5.2178 -1.1361 0.2362, -5.2178 -1.1361 1.8593, -5.2656 -0.8858 0.2362, -5.2805 -0.856 2.021, -5.3254 -0.5726 0.2362, -5.3254 -0.5726 2.1847, -5.3523 -0.2882 2.3488, -5.0405 -1.6817 1.5156, -5.0505 -1.6563 1.5434, -5.0813 -1.5748 1.606, -5.0405 -1.6817 0.2362, -5.0224 -1.7268 1.3903, -5.0256 -1.7189 1.4619, -5.0052 -1.7683 1.3166, -5.0094 -1.7582 1.367, -5.0163 -1.7415 1.4161, -4.7962 -2.2007 0.2362, -4.7962 -2.2007 1.0236, -5.0038 -1.7717 1.0236, -5.0038 -1.7717 1.2651, -4.6857 -2.3747 0.2362, -4.4961 -2.6734 0.2362, -4.4887 -2.6851 1.0236, -4.4887 -2.6851 0.2362, -4.1229 -3.127 0.2362, -4.1229 -3.127 1.0236, -3.7046 -3.5197 0.2362, -3.7046 -3.5197 1.0236, -3.2404 -3.8567 0.2362, -3.2404 -3.8567 1.0236, -2.7433 -4.1298 0.2362, -2.7376 -4.1329 1.0236, -0.6499 -4.5646 2.1976, -0.7945 -4.5669 2.0079, -0.7945 -4.5669 1.0236, -0.7417 -4.5666 2.2047, -0.7645 -4.5668 2.1585, -0.7811 -4.5669 2.1098, -0.7911 -4.5669 2.0592, -0.6404 -4.5643 2.3203, -0.6792 -4.5655 2.2863, -0.713 -4.5662 2.2477, -2.7376 -4.1329 0.2362, -2.2041 -4.3439 0.2362, -2.2041 -4.3439 1.0236, -1.6484 -4.4864 0.2362, -1.6484 -4.4864 1.0236, -1.405 -4.517 0.2362, -1.0792 -4.558 1.0236, -1.0792 -4.558 0.2362, -0.5055 -4.5578 0.2362, 0.0637 -4.4856 0.2362, 0.0637 -4.4856 2.4016, -0.184 -4.517 0.2362, -0.4008 -4.5499 2.4016, -0.4523 -4.5541 2.3982, -0.5026 -4.5576 2.388, -0.5055 -4.5578 2.3874, -0.5976 -4.5627 2.3488, 0.5559 -4.3627 2.3778, 0.4883 -4.3831 2.3956, 0.4178 -4.4031 2.4016, 1.1525 -4.1311 0.2362, 0.8892 -4.2452 2.1902, 0.6193 -4.3426 0.2362, 0.6193 -4.3426 2.3485, 0.6187 -4.3428 2.3488, 1.6551 -3.8544 0.2362, 1.6551 -3.8544 1.7012, 1.3122 -4.0432 0.2362, 1.4082 -4.0007 1.8659, 1.1525 -4.1311 2.0291, 1.8597 -3.7164 1.5434, 1.8735 -3.7066 1.4355, 1.8873 -3.6966 1.5047, 1.9104 -3.6797 1.4619, 1.8282 -3.7387 1.5773, 1.7929 -3.7633 1.606, 1.95 -3.6503 1.3166, 1.942 -3.6563 1.367, 1.9287 -3.6662 1.4159, 1.9527 -3.6482 1.2651, 1.9527 -3.6482 1.0236, 2.119 -3.5169 1.0236, 2.119 -3.5169 0.2362, 2.5369 -3.1239 0.2362, 2.5369 -3.1239 1.0236, 2.9023 -2.6816 0.2362, 2.9023 -2.6816 1.0236, 3.0967 -2.3747 0.2362, 2.9757 -2.5773 1.0236, 3.2093 -2.1969 0.2362, 2.9757 -2.5773 3.189, 3.2093 2.1969 0.2362, 2.9023 2.6816 0.2362, 2.9023 2.6816 1.0236, 2.5369 3.1239 0.2362, 2.5369 3.1239 1.0236, 2.119 3.5169 0.2362, 2.119 3.5169 1.0236, 1.806 3.7543 2.2041, 1.9527 3.6482 2.0079, 1.9527 3.6482 1.0236, 1.9287 3.6662 2.1585, 1.9104 3.6797 2.2047, 1.8872 3.6967 2.2477, 1.942 3.6563 2.1098, 1.9501 3.6503 2.0592, 1.7548 3.7892 2.3715, 1.7929 3.7633 2.3488, 1.8281 3.7389 2.3203, 1.8597 3.7164 2.2863, 1.6551 3.8544 0.2362, 0.8858 4.2466 2.4016, 1.1525 4.1311 2.4016, 1.3122 4.0432 0.2362, 1.628 3.8715 2.4016, 1.6551 3.8544 2.4003, 1.714 3.8163 2.3882, 3.63 1.1319 3.189, 3.63 1.1319 0.2362, 3.5515 1.3742 0.2362, 3.4532 1.6777 3.189, 3.3009 2.002 0.2362, 3.4532 1.6777 0.2362, 3.2093 -2.1969 3.189, 3.3009 -2.002 0.2362, 3.4532 -1.6777 3.189, 3.4532 -1.6777 0.2362, 3.63 -1.1319 0.2362, 3.63 -1.1319 3.189, 0.8858 3.6473 2.4016, 1.1881 3.4922 2.4016, 1.295 3.4293 2.4016, -0.5976 4.0109 1.606, -0.6405 4.0128 1.5773, -0.2775 3.9823 1.0236, -0.6792 4.0141 1.5434, -0.7132 4.0149 1.5046, -0.7417 4.0154 1.4619, -0.7645 4.0156 1.4158, -0.7811 4.0157 1.367, -0.7911 4.0157 1.3166, -0.7945 4.0157 1.2651, -0.7945 4.0157 1.0236, 0.2308 3.8827 1.0236, -0.0218 3.9407 1.9385, -0.2775 3.9823 1.7908, 0.7221 3.7184 1.0236, 0.689 3.7317 2.3488, 0.2308 3.8827 2.0843, 0.8175 3.678 2.3956, 1.1881 3.4922 1.0236, 0.752 3.7057 2.3752, 0.7221 3.7184 2.3659, 1.6212 3.2079 1.0236, 1.6212 3.2079 2.0079, 1.3817 3.375 2.3882, 1.3389 3.4022 2.3982, 1.4608 3.3226 2.2047, 1.4965 3.2981 2.3201, 1.461 3.3225 2.3488, 1.4226 3.3483 2.3716, 1.5971 3.2259 2.1587, 1.5788 3.2394 2.2047, 1.6105 3.216 2.1098, 1.6185 3.21 2.0594, 1.5557 3.2562 2.2475, 1.5281 3.276 2.2863, 3.1528 -0.7382 3.189, 3.1528 -0.7382 1.0236, 3.0551 -1.1432 3.189, 3.0551 -1.1432 1.0236, 2.9159 -1.536 3.189, 2.9159 -1.536 1.0236, 2.7368 -1.9122 3.189, 2.7368 -1.9122 1.0236, 2.5196 -2.2678 3.189, 2.5196 -2.2678 1.0236, 5.111 -0.5906 3.189, 4.7173 -0.5906 3.189, 5.111 -1.1319 3.189, 4.7173 -0.7382 3.189
            ]
        }
        coordIndex [
            0,1,2,-1,3,4,5,-1,6,7,8,-1,8,7,9,-1,8,9,5,-1,5,9,10,-1,5,10,3,-1,11,12,13,-1,13,12,14,-1,13,14,6,-1,6,14,15,-1,6,15,7,-1,16,17,18,-1,18,17,19,-1,16,20,17,-1,17,20,21,-1,17,21,12,-1,22,23,17,-1,17,23,24,-1,17,24,19,-1,22,17,25,-1,25,17,12,-1,25,12,26,-1,26,12,11,-1,26,11,27,-1,11,28,27,-1,27,28,29,-1,27,29,30,-1,29,31,30,-1,30,31,32,-1,30,32,33,-1,33,32,34,-1,33,34,35,-1,35,34,36,-1,35,36,37,-1,38,39,40,-1,40,39,41,-1,41,42,40,-1,40,42,43,-1,40,43,44,-1,36,45,37,-1,37,45,46,-1,37,46,47,-1,47,46,48,-1,47,48,49,-1,49,48,50,-1,49,50,51,-1,51,50,52,-1,51,52,53,-1,53,52,54,-1,53,54,44,-1,44,54,55,-1,44,55,40,-1,38,40,56,-1,56,40,55,-1,56,55,57,-1,57,55,58,-1,57,58,59,-1,60,61,58,-1,58,61,62,-1,58,62,59,-1,58,63,60,-1,60,63,64,-1,60,64,65,-1,64,66,65,-1,65,66,67,-1,65,67,68,-1,69,70,67,-1,67,70,71,-1,67,71,68,-1,72,73,74,-1,74,73,75,-1,74,75,76,-1,76,75,77,-1,76,77,67,-1,67,77,78,-1,67,78,69,-1,79,80,72,-1,72,80,81,-1,72,81,73,-1,72,82,79,-1,79,82,83,-1,79,83,84,-1,85,86,83,-1,83,86,87,-1,83,87,84,-1,88,89,82,-1,82,89,90,-1,82,90,83,-1,83,90,91,-1,83,91,85,-1,88,92,89,-1,89,92,93,-1,89,93,94,-1,93,95,94,-1,94,95,96,-1,94,96,97,-1,97,96,98,-1,97,98,99,-1,99,98,100,-1,99,100,101,-1,101,100,102,-1,101,102,103,-1,104,105,106,-1,107,108,104,-1,108,109,104,-1,104,109,110,-1,104,110,105,-1,111,112,104,-1,104,112,113,-1,104,113,107,-1,102,114,103,-1,103,114,115,-1,103,115,116,-1,116,115,117,-1,116,117,118,-1,118,117,119,-1,118,119,120,-1,120,119,121,-1,120,121,106,-1,106,121,122,-1,106,122,104,-1,123,124,125,-1,125,124,126,-1,126,127,125,-1,125,127,128,-1,125,128,122,-1,122,128,129,-1,122,129,104,-1,104,129,130,-1,104,130,111,-1,131,132,123,-1,123,132,133,-1,123,133,124,-1,134,135,136,-1,136,135,137,-1,136,137,123,-1,123,137,138,-1,123,138,131,-1,139,140,141,-1,141,140,142,-1,141,142,134,-1,134,142,143,-1,134,143,135,-1,144,145,146,-1,146,145,147,-1,144,148,145,-1,145,148,149,-1,145,149,140,-1,150,151,145,-1,145,151,152,-1,145,152,147,-1,150,145,153,-1,153,145,140,-1,153,140,154,-1,154,140,139,-1,154,139,155,-1,139,156,155,-1,155,156,157,-1,155,157,158,-1,158,157,159,-1,158,159,160,-1,160,159,161,-1,160,161,162,-1,162,161,163,-1,162,163,164,-1,165,166,167,-1,167,166,168,-1,167,168,169,-1,169,168,170,-1,169,170,171,-1,172,173,174,-1,175,172,176,-1,176,172,177,-1,175,178,172,-1,172,178,179,-1,172,179,173,-1,180,181,172,-1,181,182,172,-1,172,182,183,-1,172,183,177,-1,171,170,174,-1,174,170,184,-1,174,184,172,-1,4,185,5,-1,5,185,186,-1,5,186,187,-1,187,186,188,-1,187,188,184,-1,184,188,189,-1,184,189,172,-1,172,189,190,-1,172,190,180,-1,191,192,193,-1,191,193,194,-1,167,0,165,-1,165,0,2,-1,165,2,195,-1,195,2,194,-1,195,194,196,-1,196,194,193,-1,164,163,197,-1,197,163,198,-1,197,198,199,-1,198,200,199,-1,199,200,201,-1,199,201,202,-1,185,203,186,-1,186,203,204,-1,186,204,188,-1,188,204,205,-1,206,207,208,-1,208,207,209,-1,208,209,210,-1,210,211,208,-1,208,211,212,-1,208,212,213,-1,213,214,208,-1,208,214,215,-1,208,215,216,-1,217,218,208,-1,208,218,219,-1,208,219,206,-1,220,221,217,-1,217,221,222,-1,217,222,218,-1,203,223,224,-1,224,223,225,-1,224,225,220,-1,220,225,226,-1,220,226,221,-1,224,227,228,-1,229,230,231,-1,231,230,205,-1,231,205,224,-1,224,205,204,-1,224,204,203,-1,232,233,231,-1,231,233,234,-1,231,234,229,-1,235,236,231,-1,235,231,237,-1,224,228,231,-1,231,228,238,-1,231,238,237,-1,236,239,231,-1,231,239,240,-1,231,240,232,-1,241,242,243,-1,243,242,244,-1,243,244,245,-1,245,244,246,-1,245,246,247,-1,247,246,248,-1,247,248,249,-1,249,248,250,-1,251,252,253,-1,253,252,254,-1,253,254,202,-1,249,164,247,-1,247,164,197,-1,247,197,245,-1,245,197,199,-1,245,199,243,-1,243,199,202,-1,243,202,241,-1,241,202,254,-1,
        ]
    }
}
Shape{
    appearance Appearance {
        material  Material 	{
            diffuseColor 0.7529411764705882 0.7529411764705882 0.7529411764705882
            specularColor 0.3764705882352941 0.3764705882352941 0.3764705882352941
            ambientIntensity 0.7529
            transparency 0.0
            shininess 0.5
        }
    }
    geometry IndexedFaceSet {
        ccw TRUE
        solid FALSE
        coord DEF co Coordinate {
            point [
                -1.6469 0.4921 1.0236, -1.5667 0.6102 1.0236, -1.385 0.6102 1.0236, -1.0047 -0.3184 1.0236, -1.7452 -0.2547 1.0236, -0.9913 -0.2165 1.0236, -1.7787 0.0 1.0236, -0.9913 0.2165 1.0236, -1.7452 0.2547 1.0236, -1.0047 0.3184 1.0236, -1.0441 -0.4134 1.0236, -1.1066 -0.4949 1.0236, -1.1882 -0.5575 1.0236, -1.5667 -0.6102 1.0236, -1.6469 -0.4921 1.0236, -1.385 -0.6102 1.0236, -1.2831 -0.5968 1.0236, -1.2831 0.5968 1.0236, -1.1882 0.5575 1.0236, -1.1066 0.4949 1.0236, -1.0441 0.4134 1.0236, -1.385 0.6102 1.1024, -4.1382 0.6102 1.044, -4.1304 0.6102 1.063, -4.0622 0.6102 1.1024, -4.1179 0.6102 1.0793, -4.0826 0.6102 1.0997, -4.1016 0.6102 1.0918, -4.1409 0.6102 1.0236, -1.385 -0.6102 1.1024, -4.1409 -0.6102 1.0236, -4.0622 -0.6102 1.1024, -4.1382 -0.6102 1.044, -4.0826 -0.6102 1.0997, -4.1016 -0.6102 1.0918, -4.1179 -0.6102 1.0793, -4.1304 -0.6102 1.063, -0.9913 -0.2165 1.1024, -0.9913 0.2165 1.1024, -1.2831 0.5968 1.1024, -1.2831 -0.5968 1.1024, -1.1882 -0.5575 1.1024, -1.0047 0.3184 1.1024, -1.0441 0.4134 1.1024, -1.1066 0.4949 1.1024, -1.1066 -0.4949 1.1024, -1.0441 -0.4134 1.1024, -1.0047 -0.3184 1.1024, -1.1882 0.5575 1.1024
            ]
        }
        coordIndex [
            0,1,2,-1,3,4,5,-1,5,4,6,-1,5,6,7,-1,7,6,8,-1,7,8,9,-1,3,10,4,-1,4,10,11,-1,4,11,12,-1,13,14,15,-1,15,14,4,-1,15,4,16,-1,16,4,12,-1,0,2,8,-1,8,2,17,-1,8,17,18,-1,18,19,8,-1,8,19,20,-1,8,20,9,-1,21,2,1,-1,22,23,24,-1,24,23,25,-1,24,25,26,-1,26,25,27,-1,21,1,24,-1,24,1,28,-1,24,28,22,-1,13,15,29,-1,13,29,30,-1,30,29,31,-1,30,31,32,-1,33,34,35,-1,33,35,31,-1,31,35,36,-1,31,36,32,-1,31,37,24,-1,24,37,38,-1,24,38,21,-1,21,38,39,-1,31,29,37,-1,37,29,40,-1,37,40,41,-1,42,43,44,-1,41,45,37,-1,37,45,46,-1,37,46,47,-1,42,44,38,-1,38,44,48,-1,38,48,39,-1,38,37,7,-1,7,37,5,-1,28,30,32,-1,28,32,22,-1,22,32,36,-1,22,36,23,-1,23,36,35,-1,23,35,25,-1,25,35,34,-1,25,34,27,-1,27,34,33,-1,27,33,26,-1,26,33,31,-1,26,31,24,-1,2,21,39,-1,2,39,17,-1,17,39,48,-1,17,48,18,-1,18,48,44,-1,18,44,19,-1,19,44,43,-1,19,43,20,-1,20,43,42,-1,20,42,9,-1,9,42,38,-1,9,38,7,-1,29,15,16,-1,29,16,40,-1,40,16,12,-1,40,12,41,-1,41,12,11,-1,41,11,45,-1,45,11,10,-1,45,10,46,-1,46,10,3,-1,46,3,47,-1,47,3,5,-1,47,5,37,-1,
        ]
    }
}
Shape{
    appearance Appearance {
        material  Material 	{
            diffuseColor 0.25098039215686274 0.25098039215686274 0.25098039215686274
            specularColor 0.12549019607843137 0.12549019607843137 0.12549019607843137
            ambientIntensity 0.251
            transparency 0.0
            shininess 0.5
        }
    }
    geometry IndexedFaceSet {
        ccw TRUE
        solid FALSE
        coord DEF co Coordinate {
            point [
                -4.3983 -1.7717 1.0236, -5.0038 -1.7717 1.0236, -4.7962 -2.2007 1.0236, 2.9023 -2.6816 1.0236, 2.9757 -2.5773 1.0236, 2.5196 -2.2678 1.0236, -3.2404 -3.8567 1.0236, -2.7376 -4.1329 1.0236, -0.7945 -4.0157 1.0236, -2.2041 -4.3439 1.0236, -0.7945 4.5669 1.0236, -1.0792 4.558 1.0236, -0.7945 4.0157 1.0236, -1.6484 4.4864 1.0236, -4.3983 1.7717 1.0236, -2.2041 4.3439 1.0236, -2.7376 4.1329 1.0236, 2.5369 -3.1239 1.0236, -4.4887 -2.6851 1.0236, -4.1229 -3.127 1.0236, -3.7046 -3.5197 1.0236, -1.6484 -4.4864 1.0236, -1.0792 -4.558 1.0236, -0.7945 -4.5669 1.0236, 1.6212 -3.2079 1.0236, 1.9527 -3.6482 1.0236, 2.119 -3.5169 1.0236, -4.8017 0.2619 1.0236, -4.8017 -0.2619 1.0236, -4.1409 0.6102 1.0236, -4.1409 -0.6102 1.0236, 0.1898 -0.0 1.0236, 4.0481 -0.6102 1.0236, 4.0481 0.6102 1.0236, -3.2404 3.8567 1.0236, -3.7046 3.5197 1.0236, -4.1229 3.127 1.0236, -0.7945 -0.9843 1.0236, -1.0492 -0.9507 1.0236, 0.1562 0.2547 1.0236, 3.1528 0.7382 1.0236, 4.7173 0.7382 1.0236, 4.1268 0.6102 1.0236, 4.7173 -0.7382 1.0236, -4.4887 2.6851 1.0236, -4.7962 2.2007 1.0236, -5.0038 1.7717 1.0236, 0.2308 -3.8827 1.0236, 0.7221 -3.7184 1.0236, -0.2775 -3.9823 1.0236, 1.1881 -3.4922 1.0236, 4.1268 -0.6102 1.0236, 3.1528 -0.7382 1.0236, 3.0551 -1.1432 1.0236, 0.1562 -0.2547 1.0236, 2.9159 -1.536 1.0236, 0.0579 -0.4921 1.0236, 2.7368 -1.9122 1.0236, -1.2866 -0.8524 1.0236, -1.0492 0.9507 1.0236, -0.7945 0.9843 1.0236, 1.6212 3.2079 1.0236, 1.1881 3.4922 1.0236, 2.5196 2.2678 1.0236, 0.7221 3.7184 1.0236, 0.2308 3.8827 1.0236, -4.5982 1.2875 1.0236, -4.7335 0.7813 1.0236, 2.9757 2.5773 1.0236, 2.9023 2.6816 1.0236, 2.5369 3.1239 1.0236, 2.119 3.5169 1.0236, 1.9527 3.6482 1.0236, -0.0985 -0.696 1.0236, -0.3023 -0.8524 1.0236, -0.5397 -0.9507 1.0236, -4.7335 -0.7813 1.0236, -4.5982 -1.2875 1.0236, -1.5667 -0.6102 1.0236, -1.4904 -0.696 1.0236, -1.5667 0.6102 1.0236, -1.4904 0.696 1.0236, -1.2866 0.8524 1.0236, -0.5397 0.9507 1.0236, -0.2775 3.9823 1.0236, -0.3023 0.8524 1.0236, -0.0985 0.696 1.0236, 2.7368 1.9122 1.0236, 0.0579 0.4921 1.0236, 2.9159 1.536 1.0236, 3.0551 1.1432 1.0236, -1.0492 0.9507 0.2362, -1.2059 0.8858 0.2362, -1.405 0.8858 0.2362, -1.4904 -0.696 0.2362, -1.405 -0.7616 0.2362, -1.405 -0.8858 0.2362, -0.5397 -0.9507 0.2362, -0.3831 -0.8858 0.2362, -0.184 -0.8858 0.2362, 3.2093 -2.1969 0.2362, 3.0967 -2.3747 0.2362, 1.3122 -2.3747 0.2362, -4.6857 -2.3747 0.2362, -4.4961 -2.3747 0.2362, -4.4961 -2.6734 0.2362, -5.3254 0.5726 0.2362, -5.2656 0.8858 0.2362, -4.4961 0.8858 0.2362, 2.4426 2.0622 0.2362, 2.4345 2.0009 0.2362, 1.3122 1.3742 0.2362, 3.5515 1.3742 0.2362, 3.63 1.1319 0.2362, 3.3009 0.8858 0.2362, 3.3009 1.3742 0.2362, 3.3009 2.002 0.2362, 3.4532 1.6777 0.2362, 2.7896 2.2059 0.2362, 2.7325 2.2296 0.2362, 2.9023 2.6816 0.2362, 2.4426 1.9397 0.2362, 2.4663 1.8826 0.2362, 2.5039 1.8336 0.2362, 2.5529 1.7959 0.2362, 2.61 1.7723 0.2362, 2.6713 1.7642 0.2362, 2.7325 1.7723 0.2362, 2.7896 1.7959 0.2362, 2.8386 1.8336 0.2362, 2.8763 1.8826 0.2362, 2.8999 1.9397 0.2362, 2.908 2.0009 0.2362, 3.2093 2.1969 0.2362, 2.5369 3.1239 0.2362, 2.6713 2.2377 0.2362, 2.119 3.5169 0.2362, 2.61 2.2296 0.2362, 1.6551 3.8544 0.2362, 2.5529 2.2059 0.2362, 1.3122 4.0432 0.2362, 2.5039 2.1683 0.2362, 2.4663 2.1193 0.2362, 2.8999 2.0622 0.2362, 2.8763 2.1193 0.2362, 2.8386 2.1683 0.2362, -0.184 1.3742 0.2362, -0.184 4.517 0.2362, 0.0637 4.4856 0.2362, 1.1525 4.1311 0.2362, 0.6193 4.3426 0.2362, -1.405 1.3742 0.2362, -1.0792 4.558 0.2362, -0.5055 4.5578 0.2362, -2.2041 4.3439 0.2362, -1.6484 4.4864 0.2362, -1.405 4.517 0.2362, -4.4961 1.9946 0.2362, -4.4889 1.9397 0.2362, -4.4961 1.3742 0.2362, -4.4652 1.8826 0.2362, -4.4276 1.8336 0.2362, -4.3786 1.7959 0.2362, -4.3215 1.7723 0.2362, -2.7376 4.1329 0.2362, -2.7433 1.3742 0.2362, -2.7433 4.1298 0.2362, -4.0235 2.0009 0.2362, -4.0315 2.0622 0.2362, -4.2602 1.7642 0.2362, -4.1989 1.7723 0.2362, -4.1418 1.7959 0.2362, -4.0928 1.8336 0.2362, -4.0552 1.8826 0.2362, -4.0315 1.9397 0.2362, -4.4961 2.6734 0.2362, -4.4276 2.1683 0.2362, -4.4652 2.1193 0.2362, -4.0552 2.1193 0.2362, -4.0928 2.1683 0.2362, -3.2404 3.8567 0.2362, -4.1418 2.2059 0.2362, -3.7046 3.5197 0.2362, -4.1989 2.2296 0.2362, -4.1229 3.127 0.2362, -4.2602 2.2377 0.2362, -4.4887 2.6851 0.2362, -4.3215 2.2296 0.2362, -4.3786 2.2059 0.2362, -4.4889 2.0622 0.2362, -4.4961 2.0073 0.2362, -4.7962 2.2007 0.2362, -5.0405 1.6817 0.2362, -4.4969 2.0009 0.2362, -5.1404 1.3742 0.2362, -5.2178 1.1361 0.2362, -4.4961 -0.8858 0.2362, -5.3254 -0.5726 0.2362, -5.3614 -0.0 0.2362, -4.7962 -2.2007 0.2362, -5.0405 -1.6817 0.2362, -5.2178 -1.1361 0.2362, -5.2656 -0.8858 0.2362, -2.7433 -2.3747 0.2362, -2.7433 -4.1298 0.2362, -3.2404 -3.8567 0.2362, -3.7046 -3.5197 0.2362, -4.1229 -3.127 0.2362, -4.4887 -2.6851 0.2362, -1.405 -4.517 0.2362, -1.6484 -4.4864 0.2362, -1.405 -2.3747 0.2362, -2.2041 -4.3439 0.2362, -2.7376 -4.1329 0.2362, -0.5895 -4.1202 0.2362, -0.5658 -4.0631 0.2362, -0.184 -4.517 0.2362, -0.7332 -3.7732 0.2362, -0.7945 -3.7652 0.2362, -0.184 -2.3747 0.2362, -1.0792 -4.558 0.2362, -0.8557 -4.2305 0.2362, -0.7945 -4.2386 0.2362, -0.5658 -3.9406 0.2362, -0.5895 -3.8835 0.2362, -0.8557 -3.7732 0.2362, -0.9128 -3.7969 0.2362, -0.9619 -3.8345 0.2362, -0.5055 -4.5578 0.2362, -0.5577 -4.0019 0.2362, -0.6271 -3.8345 0.2362, -0.6761 -3.7969 0.2362, -0.9995 -3.8835 0.2362, -1.0231 -3.9406 0.2362, -1.0312 -4.0019 0.2362, -1.0231 -4.0631 0.2362, -0.7332 -4.2305 0.2362, -0.6761 -4.2069 0.2362, -0.6271 -4.1693 0.2362, -0.9995 -4.1202 0.2362, -0.9619 -4.1693 0.2362, -0.9128 -4.2069 0.2362, 0.0637 -4.4856 0.2362, 0.6193 -4.3426 0.2362, 2.9023 -2.6816 0.2362, 2.5369 -3.1239 0.2362, 2.119 -3.5169 0.2362, 1.6551 -3.8544 0.2362, 1.3122 -4.0432 0.2362, 1.1525 -4.1311 0.2362, 3.63 -1.1319 0.2362, 3.4532 -1.6777 0.2362, 3.3009 -0.8858 0.2362, 3.3009 -2.002 0.2362, 1.3122 -0.8858 0.2362, 0.1898 -0.0 0.2362, 0.1562 0.2547 0.2362, 1.3122 0.8858 0.2362, 0.1562 -0.2547 0.2362, -0.3023 -0.8524 0.2362, -0.184 -0.7616 0.2362, -0.0985 -0.696 0.2362, 0.0579 -0.4921 0.2362, -0.7945 -0.9843 0.2362, -1.2866 -0.8524 0.2362, -1.2059 -0.8858 0.2362, -1.0492 -0.9507 0.2362, -2.7433 -0.8858 0.2362, -1.6469 -0.4921 0.2362, -1.6469 0.4921 0.2362, -1.7452 0.2547 0.2362, -2.7433 0.8858 0.2362, -1.7787 0.0 0.2362, -1.7452 -0.2547 0.2362, -1.2866 0.8524 0.2362, -1.405 0.7616 0.2362, -1.4904 0.696 0.2362, -0.3831 0.8858 0.2362, -0.5397 0.9507 0.2362, -0.7945 0.9843 0.2362, 0.0579 0.4921 0.2362, -0.0985 0.696 0.2362, -0.184 0.8858 0.2362, -0.184 0.7616 0.2362, -0.3023 0.8524 0.2362, 4.4811 0.7874 0.2362, 5.111 0.8858 0.2362, 5.111 1.1319 0.2362, 3.6937 0.7874 0.2362, 3.6937 -0.7874 0.2362, 4.4811 -0.7874 0.2362, 5.111 -0.8858 0.2362, 5.111 -1.1319 0.2362, -4.4953 0.7874 0.2362, -4.4953 -0.7874 0.2362, -3.7079 -0.7874 0.2362, -3.7079 0.7874 0.2362, 0.4178 -4.4031 2.4016, 0.0573 -3.9244 2.4016, 0.0637 -4.4856 2.4016, -0.2775 -3.9823 2.4016, -0.4008 -4.5499 2.4016, -0.4008 -3.9964 2.4016, 5.111 -0.5906 2.9921, 5.111 -0.5906 3.189, 5.111 -1.1319 3.189, 5.111 1.1319 3.189, 5.111 0.5906 2.9921, 5.111 0.5906 3.189, 5.111 -0.2803 2.7953, 5.111 -0.2803 2.9921, 5.111 0.2803 2.9921, 5.111 0.2803 2.7953, 3.63 1.1319 3.189, 3.63 -1.1319 3.189, -4.5982 -1.2875 1.7719, -4.4885 -1.5748 1.606, -4.4527 -1.6563 1.5434, -4.4372 -1.6903 1.5048, -4.4237 -1.7189 1.4619, -4.4129 -1.7415 1.4161, -4.4048 -1.7582 1.367, -4.4 -1.7682 1.3167, -4.3983 -1.7717 1.2651, -4.6741 -1.0366 1.9167, -4.7335 -0.7813 2.0641, -4.7999 -0.2882 2.3488, -4.8015 -0.2619 2.3611, -4.8092 -0.0914 2.4016, -4.807 -0.1597 2.3956, -4.8039 -0.226 2.3778, -4.5276 1.4798 2.3882, -4.4876 1.577 2.2047, -4.4885 1.5748 2.3488, -4.4527 1.6563 2.2863, -4.4129 1.7415 2.1589, -4.4237 1.7189 2.2047, -4.4373 1.69 2.2479, -4.3983 1.7717 2.0079, -4.4 1.7683 2.0595, -4.4048 1.7582 2.1098, -4.5982 1.2875 2.4016, -4.5664 1.378 2.4016, -4.8017 0.2619 2.4016, -4.7335 0.7813 2.4016, -5.0038 1.7717 2.0079, -5.0038 -1.7717 1.2651, -5.3605 -0.0914 2.4016, -5.3614 -0.0 2.4016, -5.3254 0.5726 2.4016, -5.2178 1.1361 2.4016, -5.1486 1.378 2.4016, -0.7945 -4.0157 2.0079, -0.6406 -4.0128 2.3201, -0.5976 -4.0109 2.3488, -0.5974 -4.0109 2.2047, -0.5514 -4.0084 2.3716, -0.5027 -4.0051 2.3882, -0.7644 -4.0156 2.1587, -0.7417 -4.0154 2.2047, -0.7811 -4.0157 2.1098, -0.7911 -4.0157 2.0594, -0.7132 -4.0149 2.2475, -0.6792 -4.0141 2.2863, 1.461 -3.3225 1.606, 1.4964 -3.2982 1.5773, 1.5281 -3.276 1.5434, 1.5558 -3.2562 1.5046, 1.5788 -3.2394 1.4619, 1.5972 -3.2259 1.4158, 1.6105 -3.216 1.367, 1.6185 -3.21 1.3166, 1.6212 -3.2079 1.2651, 0.9588 -3.6128 1.9385, 1.1881 -3.4922 1.7908, 0.2653 -3.8734 2.3488, 0.7221 -3.7184 2.0843, -0.4521 -4.0011 2.3982, 0.1304 -3.9078 2.3956, 0.1993 -3.8905 2.3752, 0.2308 -3.8827 2.3659, -0.7945 -4.5669 2.0079, -0.7945 4.5669 1.2651, -0.7945 4.0157 1.2651, 2.5196 2.2678 3.189, 2.7368 1.9122 3.189, 2.9159 1.536 3.189, 3.0551 1.1432 3.189, 3.1528 0.7382 3.189, 4.7173 0.7382 3.189, 4.7173 -0.2803 2.7953, 4.7173 -0.7382 3.189, 4.7173 -0.5906 3.189, 4.7173 -0.5906 2.9921, 4.7173 -0.2803 2.9921, 4.7173 0.2803 2.7953, 4.7173 0.2803 2.9921, 4.7173 0.5906 2.9921, 4.7173 0.5906 3.189, 3.1528 -0.7382 3.189, 2.9757 2.5773 3.189, 3.2093 2.1969 3.189, 3.4532 1.6777 3.189, -1.6469 0.4921 1.0236, -1.7452 0.2547 1.0236, -1.7787 0.0 1.0236, -1.7452 -0.2547 1.0236, -1.6469 -0.4921 1.0236, -3.7079 -0.7874 0.0394, -3.7079 0.7874 0.0394, -4.4953 -0.7874 0.0394, -4.4953 0.7874 0.0394, -4.0622 0.6102 0.0394, -4.0622 -0.6102 0.0394, -4.1409 -0.6102 0.0394, -4.1409 0.6102 0.0394, 4.4811 0.7874 0.0394, 3.6937 0.7874 0.0394, 4.4811 -0.7874 0.0394, 3.6937 -0.7874 0.0394, 4.1268 -0.6102 0.0394, 4.0481 -0.6102 0.0394, 4.0481 0.6102 0.0394, 4.1268 0.6102 0.0394
            ]
        }
        coordIndex [
            0,1,2,-1,3,4,5,-1,6,7,8,-1,8,7,9,-1,10,11,12,-1,12,11,13,-1,12,13,14,-1,14,13,15,-1,14,15,16,-1,3,5,17,-1,18,19,8,-1,8,19,20,-1,8,20,6,-1,9,21,8,-1,8,21,22,-1,8,22,23,-1,24,25,26,-1,27,28,29,-1,29,28,30,-1,31,32,33,-1,16,34,14,-1,14,34,35,-1,14,35,36,-1,37,38,8,-1,39,31,40,-1,40,31,33,-1,40,33,41,-1,41,33,42,-1,41,42,43,-1,36,44,14,-1,14,44,45,-1,14,45,46,-1,47,48,49,-1,49,48,50,-1,49,50,8,-1,8,50,24,-1,8,24,5,-1,5,24,26,-1,5,26,17,-1,42,51,43,-1,43,51,32,-1,43,32,52,-1,52,32,31,-1,52,31,53,-1,53,31,54,-1,53,54,55,-1,55,54,56,-1,55,56,57,-1,57,56,5,-1,38,58,8,-1,8,58,0,-1,8,0,18,-1,18,0,2,-1,12,59,60,-1,61,62,63,-1,63,62,64,-1,63,64,65,-1,14,66,29,-1,29,66,67,-1,29,67,27,-1,68,69,63,-1,63,69,70,-1,63,70,61,-1,61,70,71,-1,61,71,72,-1,56,73,5,-1,5,73,74,-1,5,74,8,-1,8,74,75,-1,8,75,37,-1,28,76,30,-1,30,76,77,-1,30,77,78,-1,78,77,0,-1,78,0,79,-1,79,0,58,-1,29,80,14,-1,14,80,81,-1,14,81,12,-1,12,81,82,-1,12,82,59,-1,60,83,12,-1,12,83,63,-1,12,63,84,-1,84,63,65,-1,83,85,63,-1,63,85,86,-1,63,86,87,-1,87,86,88,-1,87,88,89,-1,89,88,39,-1,89,39,90,-1,90,39,40,-1,91,92,93,-1,94,95,96,-1,97,98,99,-1,100,101,102,-1,103,104,105,-1,106,107,108,-1,109,110,111,-1,112,113,114,-1,115,116,117,-1,118,119,120,-1,110,121,111,-1,111,121,122,-1,111,122,123,-1,123,124,111,-1,111,124,125,-1,111,125,115,-1,125,126,115,-1,115,126,127,-1,115,127,128,-1,128,129,115,-1,115,129,130,-1,115,130,116,-1,130,131,116,-1,116,131,132,-1,116,132,133,-1,120,119,134,-1,134,119,135,-1,134,135,136,-1,136,135,137,-1,136,137,138,-1,138,137,139,-1,138,139,140,-1,140,139,141,-1,140,141,142,-1,132,143,133,-1,133,143,144,-1,133,144,120,-1,120,144,145,-1,120,145,118,-1,146,147,148,-1,142,109,140,-1,140,109,111,-1,140,111,149,-1,149,111,146,-1,149,146,150,-1,150,146,148,-1,151,152,146,-1,146,152,153,-1,146,153,147,-1,154,155,151,-1,151,155,156,-1,151,156,152,-1,157,158,159,-1,159,158,160,-1,160,161,159,-1,159,161,162,-1,159,162,163,-1,154,151,164,-1,164,151,165,-1,164,165,166,-1,166,165,167,-1,166,167,168,-1,163,169,159,-1,159,169,170,-1,159,170,165,-1,165,170,171,-1,165,171,172,-1,172,173,165,-1,165,173,174,-1,165,174,167,-1,175,176,177,-1,168,178,166,-1,166,178,179,-1,166,179,180,-1,180,179,181,-1,180,181,182,-1,182,181,183,-1,182,183,184,-1,184,183,185,-1,184,185,186,-1,186,185,187,-1,186,187,175,-1,175,187,188,-1,175,188,176,-1,177,189,175,-1,175,189,190,-1,175,190,191,-1,191,190,192,-1,190,193,192,-1,192,193,157,-1,192,157,194,-1,194,157,159,-1,194,159,195,-1,196,197,198,-1,106,108,198,-1,104,103,196,-1,196,103,199,-1,196,199,200,-1,200,201,196,-1,196,201,202,-1,196,202,197,-1,203,204,205,-1,205,206,203,-1,203,206,207,-1,203,207,208,-1,209,210,211,-1,211,210,212,-1,211,212,213,-1,214,215,216,-1,217,218,219,-1,220,221,222,-1,223,224,219,-1,225,226,211,-1,211,226,227,-1,220,222,228,-1,223,219,229,-1,224,230,219,-1,219,230,231,-1,219,231,217,-1,227,232,211,-1,211,232,233,-1,211,233,209,-1,209,233,234,-1,209,234,235,-1,222,236,228,-1,228,236,237,-1,228,237,216,-1,216,237,238,-1,216,238,214,-1,235,239,209,-1,209,239,240,-1,209,240,220,-1,220,240,241,-1,220,241,221,-1,215,229,216,-1,216,229,219,-1,216,219,242,-1,242,219,243,-1,101,244,102,-1,102,244,245,-1,102,245,246,-1,246,247,102,-1,102,247,248,-1,102,248,219,-1,219,248,249,-1,219,249,243,-1,250,251,252,-1,252,251,253,-1,252,253,254,-1,255,256,257,-1,255,257,258,-1,98,259,99,-1,99,259,260,-1,99,260,254,-1,254,260,261,-1,254,261,262,-1,263,219,211,-1,211,219,218,-1,211,218,225,-1,95,264,96,-1,96,264,265,-1,96,265,211,-1,211,265,266,-1,211,266,263,-1,267,268,94,-1,269,270,271,-1,271,270,272,-1,271,272,267,-1,267,272,273,-1,267,273,268,-1,92,274,93,-1,93,274,275,-1,93,275,271,-1,271,275,276,-1,271,276,269,-1,277,278,146,-1,146,278,279,-1,146,279,151,-1,256,280,257,-1,257,280,281,-1,257,281,282,-1,282,281,283,-1,282,283,284,-1,263,97,219,-1,219,97,99,-1,219,99,102,-1,102,99,254,-1,102,254,100,-1,100,254,253,-1,94,96,267,-1,267,96,211,-1,267,211,203,-1,203,211,213,-1,203,213,204,-1,285,114,286,-1,286,114,113,-1,286,113,287,-1,288,289,252,-1,252,289,290,-1,285,286,290,-1,290,286,291,-1,290,291,252,-1,252,291,292,-1,252,292,250,-1,262,258,254,-1,254,258,257,-1,254,257,252,-1,252,257,114,-1,252,114,288,-1,288,114,285,-1,108,293,294,-1,198,108,196,-1,196,108,294,-1,196,294,295,-1,293,108,296,-1,296,108,271,-1,296,271,295,-1,295,271,267,-1,295,267,196,-1,196,267,203,-1,196,203,104,-1,104,203,208,-1,104,208,105,-1,284,277,282,-1,282,277,146,-1,282,146,257,-1,257,146,111,-1,257,111,114,-1,114,111,115,-1,114,115,112,-1,112,115,117,-1,107,195,108,-1,108,195,159,-1,108,159,271,-1,271,159,165,-1,271,165,93,-1,93,165,151,-1,93,151,91,-1,91,151,279,-1,297,298,299,-1,299,298,300,-1,299,300,301,-1,301,300,302,-1,303,304,305,-1,287,306,307,-1,307,306,308,-1,305,292,303,-1,303,292,309,-1,303,309,310,-1,307,311,287,-1,287,311,312,-1,287,312,286,-1,286,312,309,-1,286,309,291,-1,291,309,292,-1,313,306,113,-1,113,306,287,-1,305,314,292,-1,292,314,250,-1,315,316,77,-1,77,316,317,-1,77,317,318,-1,318,319,77,-1,77,319,320,-1,77,320,321,-1,321,322,77,-1,77,322,323,-1,77,323,0,-1,315,77,324,-1,324,77,76,-1,324,76,325,-1,325,76,326,-1,326,76,28,-1,326,28,327,-1,328,329,28,-1,28,329,330,-1,28,330,327,-1,331,332,333,-1,333,332,334,-1,335,336,332,-1,332,336,337,-1,332,337,334,-1,338,339,332,-1,332,339,340,-1,332,340,335,-1,14,338,341,-1,341,338,332,-1,341,332,342,-1,342,332,331,-1,328,28,343,-1,343,28,27,-1,343,27,344,-1,344,27,67,-1,344,67,341,-1,341,67,66,-1,341,66,14,-1,338,14,345,-1,345,14,46,-1,346,1,323,-1,323,1,0,-1,347,328,348,-1,348,328,343,-1,348,343,349,-1,349,343,350,-1,350,343,344,-1,350,344,351,-1,351,344,341,-1,351,341,342,-1,49,8,352,-1,353,354,355,-1,355,354,356,-1,355,356,357,-1,358,359,355,-1,358,355,360,-1,49,352,355,-1,355,352,361,-1,355,361,360,-1,359,362,355,-1,355,362,363,-1,355,363,353,-1,364,365,50,-1,50,365,366,-1,50,366,367,-1,367,368,50,-1,50,368,369,-1,50,369,370,-1,370,371,50,-1,50,371,372,-1,50,372,24,-1,48,373,50,-1,50,373,374,-1,50,374,364,-1,47,375,48,-1,48,375,376,-1,48,376,373,-1,357,377,355,-1,355,377,302,-1,355,302,49,-1,49,302,300,-1,49,300,298,-1,298,378,49,-1,49,378,379,-1,49,379,47,-1,47,379,380,-1,47,380,375,-1,352,8,381,-1,381,8,23,-1,382,10,383,-1,383,10,12,-1,384,63,385,-1,385,63,87,-1,385,87,386,-1,386,87,89,-1,386,89,387,-1,387,89,90,-1,387,90,388,-1,388,90,40,-1,40,41,388,-1,388,41,389,-1,41,43,390,-1,391,392,393,-1,394,390,393,-1,393,390,43,-1,393,43,391,-1,395,396,397,-1,398,389,397,-1,397,389,41,-1,397,41,395,-1,395,41,390,-1,52,399,43,-1,43,399,391,-1,398,308,389,-1,389,308,306,-1,389,306,388,-1,388,306,313,-1,400,384,401,-1,401,384,385,-1,401,385,402,-1,402,385,386,-1,402,386,313,-1,313,386,387,-1,313,387,388,-1,278,277,83,-1,83,277,85,-1,278,83,279,-1,279,83,60,-1,279,60,91,-1,91,60,59,-1,91,59,92,-1,92,59,82,-1,92,82,274,-1,274,82,275,-1,275,82,81,-1,275,81,276,-1,276,81,80,-1,276,80,269,-1,269,80,403,-1,269,403,270,-1,270,403,404,-1,270,404,272,-1,272,404,405,-1,272,405,273,-1,273,405,406,-1,273,406,268,-1,406,407,268,-1,268,407,78,-1,268,78,94,-1,94,78,79,-1,94,79,95,-1,95,79,58,-1,38,265,58,-1,58,265,264,-1,58,264,95,-1,74,98,75,-1,75,98,97,-1,75,97,37,-1,37,97,263,-1,37,263,38,-1,38,263,266,-1,38,266,265,-1,73,260,74,-1,74,260,259,-1,74,259,98,-1,277,284,85,-1,85,284,283,-1,85,283,86,-1,86,283,281,-1,86,281,88,-1,88,281,280,-1,88,280,39,-1,39,280,256,-1,39,256,31,-1,31,256,255,-1,31,255,54,-1,54,255,258,-1,54,258,56,-1,56,258,262,-1,56,262,73,-1,73,262,261,-1,73,261,260,-1,408,409,295,-1,295,409,296,-1,410,408,294,-1,294,408,295,-1,411,410,293,-1,293,410,294,-1,409,411,296,-1,296,411,293,-1,412,409,413,-1,413,409,408,-1,413,408,414,-1,414,408,410,-1,414,410,415,-1,415,410,411,-1,415,411,412,-1,412,411,409,-1,416,417,285,-1,285,417,288,-1,418,416,290,-1,290,416,285,-1,419,418,289,-1,289,418,290,-1,417,419,288,-1,288,419,289,-1,420,418,421,-1,421,418,419,-1,421,419,422,-1,422,419,417,-1,422,417,423,-1,423,417,416,-1,423,416,420,-1,420,416,418,-1,
        ]
    }
}
Shape{
    appearance Appearance {
        material  Material 	{
            diffuseColor 0.7529411764705882 0.7529411764705882 0.7529411764705882
            specularColor 0.3764705882352941 0.3764705882352941 0.3764705882352941
            ambientIntensity 0.7529
            transparency 0.0
            shininess 0.5
        }
    }
    geometry IndexedFaceSet {
        ccw TRUE
        solid FALSE
        coord DEF co Coordinate {
            point [
                -4.1409 0.6102 0.0394, -4.0622 0.6102 0.0394, -4.1409 0.6102 0.0, -4.0622 0.6102 0.0, -4.0622 -0.6102 0.0, -4.0622 -0.6102 0.0394, -4.1409 -0.6102 0.0, -4.1409 -0.6102 0.0394, -4.1409 -0.1575 0.0, -4.1409 0.1575 0.0, -4.1409 -0.1575 -1.4173, -4.1409 0.1575 -1.4173, -4.1409 -0.1521 -1.4581, -4.1409 -0.1364 -1.4961, -4.1409 0.1521 -1.4581, -4.1409 0.1364 -1.4961, -4.1409 0.1114 -1.5287, -4.1409 0.0787 -1.5537, -4.1409 -0.1114 -1.5287, -4.1409 0.0408 -1.5694, -4.1409 0.0 -1.5748, -4.1409 -0.0408 -1.5694, -4.1409 -0.0787 -1.5537, -4.0622 0.1575 0.0, -4.0622 -0.1575 0.0, -4.0622 0.1575 -1.4173, -4.0622 -0.1575 -1.4173, -4.0622 -0.1521 -1.4581, -4.0622 -0.1364 -1.4961, -4.0622 -0.1114 -1.5287, -4.0622 0.1521 -1.4581, -4.0622 0.0408 -1.5694, -4.0622 0.0787 -1.5537, -4.0622 -0.0787 -1.5537, -4.0622 -0.0408 -1.5694, -4.0622 0.0 -1.5748, -4.0622 0.1114 -1.5287, -4.0622 0.1364 -1.4961, 4.0481 0.6102 0.0394, 4.1268 0.6102 0.0394, 4.0481 0.6102 0.0, 4.1268 0.6102 0.0, 4.1268 -0.6102 0.0, 4.1268 -0.6102 0.0394, 4.0481 -0.6102 0.0, 4.0481 -0.6102 0.0394, 4.0481 -0.1575 0.0, 4.0481 0.1575 0.0, 4.0481 -0.1575 -1.0236, 4.0481 0.1575 -1.0236, 4.0481 0.1521 -1.0644, 4.0481 0.1364 -1.1024, 4.0481 0.1114 -1.135, 4.0481 -0.1521 -1.0644, 4.0481 0.0787 -1.16, 4.0481 0.0408 -1.1757, 4.0481 -0.1114 -1.135, 4.0481 -0.1364 -1.1024, 4.0481 0.0 -1.1811, 4.0481 -0.0408 -1.1757, 4.0481 -0.0787 -1.16, 4.1268 0.1575 0.0, 4.1268 -0.1575 0.0, 4.1268 0.0787 -1.16, 4.1268 0.1114 -1.135, 4.1268 -0.1114 -1.135, 4.1268 -0.1364 -1.1024, 4.1268 0.1575 -1.0236, 4.1268 -0.1575 -1.0236, 4.1268 0.1521 -1.0644, 4.1268 0.1364 -1.1024, 4.1268 -0.1521 -1.0644, 4.1268 -0.0787 -1.16, 4.1268 -0.0408 -1.1757, 4.1268 0.0 -1.1811, 4.1268 0.0408 -1.1757, -2.5798 0.2165 1.3167, -1.8591 0.6102 1.1896, -2.5798 -0.2165 1.3167, -1.8591 -0.6102 1.1896, -2.1921 -0.6102 1.2483, -2.5666 0.3184 1.3143, -2.5279 0.4134 1.3075, -2.4662 0.4949 1.2966, -2.3859 0.5575 1.2825, -2.2924 0.5968 1.266, -2.1921 0.6102 1.2483, -2.3859 -0.5575 1.2825, -2.4662 -0.4949 1.2966, -2.2924 -0.5968 1.266, -2.5279 -0.4134 1.3075, -2.5666 -0.3184 1.3143, -2.5661 0.2165 1.3942, -2.5661 -0.2165 1.3942, -1.8455 0.6102 1.2671, -2.1784 0.6102 1.3259, -1.8455 -0.6102 1.2671, -2.1784 -0.6102 1.3259, -2.5529 0.3184 1.3919, -2.5142 0.4134 1.3851, -2.4526 0.4949 1.3742, -2.2788 0.5968 1.3435, -2.3723 0.5575 1.36, -2.5529 -0.3184 1.3919, -2.5142 -0.4134 1.3851, -2.2788 -0.5968 1.3435, -2.4526 -0.4949 1.3742, -2.3723 -0.5575 1.36, -1.8021 0.6102 1.2644, -1.8021 -0.6102 1.2644, -1.7592 0.6102 1.2712, -1.7592 -0.6102 1.2712, -1.7189 0.6102 1.2872, -1.7189 -0.6102 1.2872, -0.6919 0.3496 1.8333, -0.6919 0.0446 1.8333, -0.2568 0.0446 2.0646, -0.774 -0.3496 1.7896, -0.774 -0.0446 1.7896, -1.2091 -0.0446 1.5582, 0.9173 -0.6102 2.6889, -0.6919 -0.3496 1.8333, -1.2091 0.0446 1.5582, -0.6919 -0.0446 1.8333, -0.2568 -0.0446 2.0646, 0.9173 0.6102 2.6889, -0.774 0.3496 1.7896, -0.774 0.0446 1.7896, 0.9577 -0.6102 2.7049, 0.9577 0.6102 2.7049, 1.0006 -0.6102 2.7117, 1.0006 0.6102 2.7117, 1.0439 -0.6102 2.7089, 1.0439 0.6102 2.7089, 3.9641 0.6102 2.194, 3.9641 -0.6102 2.194, 4.0079 -0.6102 2.1809, 4.0079 0.6102 2.1809, 4.0475 -0.6102 2.1581, 4.0475 0.6102 2.1581, 4.0807 -0.6102 2.1267, 4.0807 0.6102 2.1267, 4.1059 -0.6102 2.0885, 4.1059 0.6102 2.0885, 4.1215 -0.6102 2.0456, 4.1215 0.6102 2.0456, 4.1268 -0.6102 2.0002, 4.1268 0.6102 2.0002, 4.1268 0.6102 1.0236, 4.1268 -0.6102 1.0236, 4.0481 -0.6102 2.0002, 4.0481 0.6102 2.0002, 4.0481 -0.6102 1.0236, 4.0481 0.6102 1.0236, 4.0449 0.6102 2.0274, 4.0449 -0.6102 2.0274, 4.0355 0.6102 2.0532, 4.0355 -0.6102 2.0532, 4.0204 0.6102 2.0761, 4.0204 -0.6102 2.0761, 4.0005 0.6102 2.0949, 4.0005 -0.6102 2.0949, 3.9767 0.6102 2.1086, 3.9767 -0.6102 2.1086, 3.9504 0.6102 2.1165, 3.9504 -0.6102 2.1165, 1.0303 0.6102 2.6314, 1.0303 -0.6102 2.6314, 1.0043 0.6102 2.6331, 1.0043 -0.6102 2.6331, 0.9785 0.6102 2.629, 0.9785 -0.6102 2.629, 0.9543 0.6102 2.6194, 0.9543 -0.6102 2.6194, -1.6819 0.6102 1.2177, -1.6819 -0.6102 1.2177, -1.7384 -0.6102 1.1952, -1.7384 0.6102 1.1952, -1.7985 -0.6102 1.1857, -1.7985 0.6102 1.1857
            ]
        }
        coordIndex [
            0,1,2,-1,2,1,3,-1,4,5,6,-1,6,5,7,-1,8,6,7,-1,0,2,9,-1,7,0,8,-1,8,0,9,-1,8,9,10,-1,10,9,11,-1,10,11,12,-1,12,11,13,-1,13,11,14,-1,13,14,15,-1,15,16,13,-1,13,16,17,-1,13,17,18,-1,18,17,19,-1,19,20,18,-1,18,20,21,-1,18,21,22,-1,23,3,1,-1,5,4,24,-1,1,5,23,-1,23,5,24,-1,23,24,25,-1,25,24,26,-1,25,26,27,-1,27,28,25,-1,25,28,29,-1,25,29,30,-1,31,32,29,-1,33,34,29,-1,29,34,35,-1,29,35,31,-1,32,36,29,-1,29,36,37,-1,29,37,30,-1,38,39,40,-1,40,39,41,-1,42,43,44,-1,44,43,45,-1,46,44,45,-1,38,40,47,-1,45,38,46,-1,46,38,47,-1,46,47,48,-1,48,47,49,-1,48,49,50,-1,50,51,48,-1,48,51,52,-1,48,52,53,-1,54,55,56,-1,54,56,52,-1,52,56,57,-1,52,57,53,-1,55,58,56,-1,56,58,59,-1,56,59,60,-1,61,41,39,-1,43,42,62,-1,63,64,65,-1,65,64,66,-1,39,43,61,-1,61,43,62,-1,61,62,67,-1,67,62,68,-1,67,68,69,-1,69,68,70,-1,70,68,64,-1,64,68,71,-1,64,71,66,-1,65,72,73,-1,73,74,65,-1,65,74,75,-1,65,75,63,-1,76,77,78,-1,78,77,79,-1,78,79,80,-1,81,82,76,-1,76,82,83,-1,76,83,84,-1,84,85,76,-1,76,85,86,-1,76,86,77,-1,87,88,89,-1,89,88,90,-1,89,90,80,-1,80,90,91,-1,80,91,78,-1,76,78,92,-1,92,78,93,-1,92,94,95,-1,94,92,96,-1,96,92,93,-1,96,93,97,-1,98,92,99,-1,99,92,100,-1,95,101,92,-1,92,101,102,-1,92,102,100,-1,93,103,97,-1,97,103,104,-1,97,104,105,-1,105,104,106,-1,105,106,107,-1,94,96,108,-1,108,96,109,-1,108,109,110,-1,110,109,111,-1,110,111,112,-1,112,111,113,-1,114,115,116,-1,117,118,119,-1,113,120,121,-1,121,117,113,-1,113,117,119,-1,113,119,112,-1,112,119,122,-1,123,121,124,-1,124,121,120,-1,124,120,116,-1,116,120,125,-1,116,125,114,-1,114,125,112,-1,114,112,126,-1,126,112,122,-1,126,122,127,-1,125,120,128,-1,125,128,129,-1,129,128,130,-1,129,130,131,-1,131,130,132,-1,131,132,133,-1,134,133,135,-1,135,133,132,-1,134,135,136,-1,134,136,137,-1,137,136,138,-1,137,138,139,-1,139,138,140,-1,139,140,141,-1,141,140,142,-1,141,142,143,-1,143,142,144,-1,143,144,145,-1,145,144,146,-1,145,146,147,-1,148,147,149,-1,149,147,146,-1,150,151,152,-1,152,151,153,-1,151,150,154,-1,154,150,155,-1,154,155,156,-1,156,155,157,-1,156,157,158,-1,158,157,159,-1,158,159,160,-1,160,159,161,-1,160,161,162,-1,162,161,163,-1,162,163,164,-1,164,163,165,-1,166,164,167,-1,167,164,165,-1,166,167,168,-1,168,167,169,-1,168,169,170,-1,170,169,171,-1,170,171,172,-1,172,171,173,-1,174,172,175,-1,175,172,173,-1,174,175,176,-1,174,176,177,-1,177,176,178,-1,177,178,179,-1,179,178,79,-1,179,79,77,-1,86,95,77,-1,77,95,94,-1,77,94,179,-1,179,94,108,-1,179,108,177,-1,177,108,110,-1,177,110,174,-1,174,110,112,-1,174,112,172,-1,172,112,125,-1,172,125,170,-1,170,125,129,-1,170,129,168,-1,168,129,131,-1,168,131,166,-1,166,131,133,-1,166,133,164,-1,164,133,134,-1,164,134,162,-1,162,134,137,-1,162,137,160,-1,160,137,139,-1,160,139,158,-1,158,139,141,-1,158,141,156,-1,156,141,143,-1,156,143,154,-1,154,143,145,-1,154,145,151,-1,151,145,147,-1,151,147,153,-1,153,147,148,-1,97,80,96,-1,96,80,79,-1,96,79,109,-1,109,79,178,-1,109,178,111,-1,111,178,176,-1,111,176,113,-1,113,176,175,-1,113,175,120,-1,120,175,173,-1,120,173,128,-1,128,173,171,-1,128,171,130,-1,130,171,169,-1,130,169,132,-1,132,169,167,-1,132,167,135,-1,135,167,165,-1,135,165,136,-1,136,165,163,-1,136,163,138,-1,138,163,161,-1,138,161,140,-1,140,161,159,-1,140,159,142,-1,142,159,157,-1,142,157,144,-1,144,157,155,-1,144,155,146,-1,146,155,150,-1,146,150,149,-1,149,150,152,-1,
        ]
    }
}
Shape{
    appearance Appearance {
        material  Material 	{
            diffuseColor 0.25098039215686274 0.25098039215686274 0.25098039215686274
            specularColor 0.12549019607843137 0.12549019607843137 0.12549019607843137
            ambientIntensity 0.251
            transparency 0.0
            shininess 0.5
        }
    }
    geometry IndexedFaceSet {
        ccw TRUE
        solid FALSE
        coord DEF co Coordinate {
            point [
                5.111 -0.2803 2.9921, 5.111 -0.2803 2.7953, 4.7173 -0.2803 2.9921, 4.7173 -0.2803 2.7953, 4.7173 0.2803 2.9921, 4.7173 0.2803 2.7953, 5.111 0.2803 2.9921, 5.111 0.2803 2.7953
            ]
        }
        coordIndex [
            0,1,2,-1,2,1,3,-1,4,5,6,-1,6,5,7,-1,5,3,7,-1,7,3,1,-1,
        ]
    }
}
Shape{
    appearance Appearance {
        material  Material 	{
            diffuseColor 0.7529411764705882 0.7529411764705882 0.7529411764705882
            specularColor 0.3764705882352941 0.3764705882352941 0.3764705882352941
            ambientIntensity 0.7529
            transparency 0.0
            shininess 0.5
        }
    }
    geometry IndexedFaceSet {
        ccw TRUE
        solid FALSE
        coord DEF co Coordinate {
            point [
                4.0481 0.1575 -1.0236, 4.0481 0.1575 0.0, 4.1268 0.1575 -1.0236, 4.1268 0.1575 0.0, 4.0481 0.6102 0.0, 4.1268 0.6102 0.0, 4.0481 -0.6102 0.0, 4.0481 -0.1575 0.0, 4.1268 -0.6102 0.0, 4.1268 -0.1575 0.0, 4.1268 -0.1575 -1.0236, 4.0481 -0.1575 -1.0236, -4.1409 0.1575 -1.4173, -4.1409 0.1575 0.0, -4.0622 0.1575 -1.4173, -4.0622 0.1575 0.0, -4.1409 0.6102 0.0, -4.0622 0.6102 0.0, -4.1409 -0.6102 0.0, -4.1409 -0.1575 0.0, -4.0622 -0.6102 0.0, -4.0622 -0.1575 0.0, -4.0622 -0.1575 -1.4173, -4.1409 -0.1575 -1.4173, 4.0481 -0.1521 -1.0644, 4.1268 -0.1521 -1.0644, 4.0481 -0.1364 -1.1024, 4.1268 -0.1364 -1.1024, 4.0481 -0.1114 -1.135, 4.1268 -0.1114 -1.135, 4.0481 -0.0787 -1.16, 4.1268 -0.0787 -1.16, 4.0481 -0.0408 -1.1757, 4.1268 -0.0408 -1.1757, 4.0481 0.0 -1.1811, 4.1268 0.0 -1.1811, 4.0481 0.0408 -1.1757, 4.1268 0.0408 -1.1757, 4.0481 0.0787 -1.16, 4.1268 0.0787 -1.16, 4.0481 0.1114 -1.135, 4.1268 0.1114 -1.135, 4.0481 0.1364 -1.1024, 4.1268 0.1364 -1.1024, 4.0481 0.1521 -1.0644, 4.1268 0.1521 -1.0644, -4.0622 0.0 -1.5748, -4.1409 0.0 -1.5748, -4.1409 0.0408 -1.5694, -4.0622 0.0408 -1.5694, -4.1409 0.0787 -1.5537, -4.0622 0.0787 -1.5537, -4.1409 0.1114 -1.5287, -4.0622 0.1114 -1.5287, -4.1409 0.1364 -1.4961, -4.0622 0.1364 -1.4961, -4.1409 0.1521 -1.4581, -4.0622 0.1521 -1.4581, -4.1409 -0.1521 -1.4581, -4.0622 -0.1521 -1.4581, -4.1409 -0.1364 -1.4961, -4.0622 -0.1364 -1.4961, -4.1409 -0.1114 -1.5287, -4.0622 -0.1114 -1.5287, -4.1409 -0.0787 -1.5537, -4.0622 -0.0787 -1.5537, -4.1409 -0.0408 -1.5694, -4.0622 -0.0408 -1.5694
            ]
        }
        coordIndex [
            0,1,2,-1,2,1,3,-1,1,4,3,-1,3,4,5,-1,6,7,8,-1,8,7,9,-1,10,9,11,-1,11,9,7,-1,12,13,14,-1,14,13,15,-1,13,16,15,-1,15,16,17,-1,18,19,20,-1,20,19,21,-1,22,21,23,-1,23,21,19,-1,10,11,24,-1,10,24,25,-1,25,24,26,-1,25,26,27,-1,27,26,28,-1,27,28,29,-1,29,28,30,-1,29,30,31,-1,31,30,32,-1,31,32,33,-1,33,32,34,-1,33,34,35,-1,35,34,36,-1,35,36,37,-1,37,36,38,-1,37,38,39,-1,39,38,40,-1,39,40,41,-1,41,40,42,-1,41,42,43,-1,43,42,44,-1,43,44,45,-1,45,44,0,-1,45,0,2,-1,46,47,48,-1,46,48,49,-1,49,48,50,-1,49,50,51,-1,51,50,52,-1,51,52,53,-1,53,52,54,-1,53,54,55,-1,55,54,56,-1,55,56,57,-1,57,56,12,-1,57,12,14,-1,22,23,58,-1,22,58,59,-1,59,58,60,-1,59,60,61,-1,61,60,62,-1,61,62,63,-1,63,62,64,-1,63,64,65,-1,65,64,66,-1,65,66,67,-1,67,66,47,-1,67,47,46,-1,
        ]
    }
}
Shape{
    appearance Appearance {
        material  Material 	{
            diffuseColor 0.25098039215686274 0.25098039215686274 0.25098039215686274
            specularColor 0.12549019607843137 0.12549019607843137 0.12549019607843137
            ambientIntensity 0.251
            transparency 0.0
            shininess 0.5
        }
    }
    geometry IndexedFaceSet {
        ccw TRUE
        solid FALSE
        coord DEF co Coordinate {
            point [
                2.5196 -2.2678 3.189, 2.5196 -2.2678 1.0236, 2.9757 -2.5773 3.189, 2.9757 -2.5773 1.0236, 1.9527 -3.6482 1.2651, 1.9527 -3.6482 1.0236, 1.6212 -3.2079 1.2651, 1.6212 -3.2079 1.0236, 0.689 3.7317 2.3488, 0.689 4.3193 2.3488, 0.6186 4.3404 2.3082, -0.5976 4.5627 1.606, -0.5976 4.0109 1.606, -0.5055 4.5578 1.6592, -0.2775 3.9823 1.7908, 0.2308 3.8827 2.0843, 0.3437 4.4228 2.1495, -0.0218 3.9407 1.9385, 0.0637 4.4856 1.9878, -0.2198 4.5306 1.8242, -4.7999 -0.2882 2.3488, -5.3523 -0.2882 2.3488, -5.3254 -0.5726 2.1847, -4.7335 -0.7813 2.0641, -5.2805 -0.856 2.021, -4.6741 -1.0366 1.9167, -5.2178 -1.1361 1.8593, -4.5982 -1.2875 1.7719, -5.0813 -1.5748 1.606, -4.4885 -1.5748 1.606, 0.7221 -3.7184 2.0843, 0.2653 -3.8734 2.3488, 0.6187 -4.3428 2.3488, 1.7929 -3.7633 1.606, 1.461 -3.3225 1.606, 1.6551 -3.8544 1.7012, 1.1881 -3.4922 1.7908, 0.6193 -4.3426 2.3485, 0.8892 -4.2452 2.1902, 0.9588 -3.6128 1.9385, 1.1525 -4.1311 2.0291, 1.4082 -4.0007 1.8659
            ]
        }
        coordIndex [
            0,1,2,-1,2,1,3,-1,4,5,6,-1,6,5,7,-1,8,9,10,-1,11,12,13,-1,13,12,14,-1,8,10,15,-1,15,10,16,-1,15,16,17,-1,17,16,18,-1,17,18,14,-1,14,18,19,-1,14,19,13,-1,20,21,22,-1,20,22,23,-1,23,22,24,-1,23,24,25,-1,25,24,26,-1,25,26,27,-1,27,26,28,-1,27,28,29,-1,30,31,32,-1,33,34,35,-1,35,34,36,-1,32,37,30,-1,30,37,38,-1,30,38,39,-1,39,38,40,-1,39,40,36,-1,36,40,41,-1,36,41,35,-1,
        ]
    }
}
Shape{
    appearance Appearance {
        material  Material 	{
            diffuseColor 0.7529411764705882 0.7529411764705882 0.7529411764705882
            specularColor 0.3764705882352941 0.3764705882352941 0.3764705882352941
            ambientIntensity 0.7529
            transparency 0.0
            shininess 0.5
        }
    }
    geometry IndexedFaceSet {
        ccw TRUE
        solid FALSE
        coord DEF co Coordinate {
            point [
                -2.1784 0.6102 1.3259, -2.1921 0.6102 1.2483, -2.2924 0.5968 1.266, -2.2788 0.5968 1.3435, -2.3859 0.5575 1.2825, -2.3723 0.5575 1.36, -2.4662 0.4949 1.2966, -2.4526 0.4949 1.3742, -2.5279 0.4134 1.3075, -2.5142 0.4134 1.3851, -2.5666 0.3184 1.3143, -2.5529 0.3184 1.3919, -2.5798 0.2165 1.3167, -2.5661 0.2165 1.3942, -2.1921 -0.6102 1.2483, -2.1784 -0.6102 1.3259, -2.2788 -0.5968 1.3435, -2.2924 -0.5968 1.266, -2.3723 -0.5575 1.36, -2.3859 -0.5575 1.2825, -2.4526 -0.4949 1.3742, -2.4662 -0.4949 1.2966, -2.5142 -0.4134 1.3851, -2.5279 -0.4134 1.3075, -2.5529 -0.3184 1.3919, -2.5666 -0.3184 1.3143, -2.5661 -0.2165 1.3942, -2.5798 -0.2165 1.3167
            ]
        }
        coordIndex [
            0,1,2,-1,0,2,3,-1,3,2,4,-1,3,4,5,-1,5,4,6,-1,5,6,7,-1,7,6,8,-1,7,8,9,-1,9,8,10,-1,9,10,11,-1,11,10,12,-1,11,12,13,-1,14,15,16,-1,14,16,17,-1,17,16,18,-1,17,18,19,-1,19,18,20,-1,19,20,21,-1,21,20,22,-1,21,22,23,-1,23,22,24,-1,23,24,25,-1,25,24,26,-1,25,26,27,-1,
        ]
    }
}
Shape{
    appearance Appearance {
        material  Material 	{
            diffuseColor 0.25098039215686274 0.25098039215686274 0.25098039215686274
            specularColor 0.12549019607843137 0.12549019607843137 0.12549019607843137
            ambientIntensity 0.251
            transparency 0.0
            shininess 0.5
        }
    }
    geometry IndexedFaceSet {
        ccw TRUE
        solid FALSE
        coord DEF co Coordinate {
            point [
                1.6212 3.2079 2.0079, 1.6212 3.2079 1.0236, 1.9527 3.6482 2.0079, 1.9527 3.6482 1.0236, 2.5196 2.2678 3.189, 2.9757 2.5773 3.189, 2.5196 2.2678 1.0236, 2.9757 2.5773 1.0236, 1.461 3.3225 2.3488, 1.7548 3.7892 2.3715, 1.4226 3.3483 2.3716, 1.714 3.8163 2.3882, 1.3817 3.375 2.3882, 1.6551 3.8544 2.4003, 1.3389 3.4022 2.3982, 1.628 3.8715 2.4016, 1.295 3.4293 2.4016, 1.6185 3.21 2.0594, 1.9501 3.6503 2.0592, 1.6105 3.216 2.1098, 1.942 3.6563 2.1098, 1.5971 3.2259 2.1587, 1.9287 3.6662 2.1585, 1.5788 3.2394 2.2047, 1.9104 3.6797 2.2047, 1.5557 3.2562 2.2475, 1.8872 3.6967 2.2477, 1.5281 3.276 2.2863, 1.8597 3.7164 2.2863, 1.4965 3.2981 2.3201, 1.8281 3.7389 2.3203, 1.7929 3.7633 2.3488, 0.8858 3.6473 2.4016, 0.8858 4.2466 2.4016, 0.8175 4.273 2.3956, 0.8175 3.678 2.3956, 0.7512 4.2974 2.3778, 0.752 3.7057 2.3752, 0.689 4.3193 2.3488, 0.689 3.7317 2.3488, 0.7221 3.7184 2.3659, -0.5976 4.0109 1.606, -0.5976 4.5627 1.606, -0.6405 4.0128 1.5773, -0.6406 4.5643 1.5773, -0.6792 4.0141 1.5434, -0.6792 4.5655 1.5434, -0.7132 4.0149 1.5046, -0.7132 4.5662 1.5047, -0.7417 4.0154 1.4619, -0.7417 4.5666 1.4619, -0.7645 4.0156 1.4158, -0.7644 4.5668 1.4159, -0.7811 4.0157 1.367, -0.7811 4.5669 1.367, -0.7911 4.0157 1.3166, -0.7911 4.5669 1.3166, -0.7945 4.0157 1.2651, -0.7945 4.5669 1.2651, -4.3983 1.7717 2.0079, -5.0038 1.7717 2.0079, -4.4 1.7683 2.0595, -5.0052 1.7683 2.0594, -4.4048 1.7582 2.1098, -5.0094 1.7582 2.1098, -4.4129 1.7415 2.1589, -5.0162 1.7417 2.1585, -4.4237 1.7189 2.2047, -5.0256 1.7189 2.2047, -4.4373 1.69 2.2479, -5.0405 1.6817 2.2584, -4.4527 1.6563 2.2863, -5.0505 1.6563 2.2863, -5.0813 1.5748 2.3488, -4.4885 1.5748 2.3488, -5.115 1.4798 2.3882, -4.5276 1.4798 2.3882, -5.1486 1.378 2.4016, -4.5664 1.378 2.4016, -4.8092 -0.0914 2.4016, -5.3605 -0.0914 2.4016, -5.3586 -0.1597 2.3956, -4.807 -0.1597 2.3956, -5.3558 -0.226 2.3778, -4.8039 -0.226 2.3778, -4.8015 -0.2619 2.3611, -5.3523 -0.2882 2.3488, -4.7999 -0.2882 2.3488, -5.0038 -1.7717 1.2651, -4.3983 -1.7717 1.2651, -4.4 -1.7682 1.3167, -5.0052 -1.7683 1.3166, -4.4048 -1.7582 1.367, -5.0094 -1.7582 1.367, -4.4129 -1.7415 1.4161, -5.0163 -1.7415 1.4161, -4.4237 -1.7189 1.4619, -5.0256 -1.7189 1.4619, -4.4372 -1.6903 1.5048, -5.0405 -1.6817 1.5156, -4.4527 -1.6563 1.5434, -5.0505 -1.6563 1.5434, -4.4885 -1.5748 1.606, -5.0813 -1.5748 1.606, 0.0573 -3.9244 2.4016, 0.4178 -4.4031 2.4016, 0.4883 -4.3831 2.3956, 0.1304 -3.9078 2.3956, 0.5559 -4.3627 2.3778, 0.1993 -3.8905 2.3752, 0.6187 -4.3428 2.3488, 0.2653 -3.8734 2.3488, 0.2308 -3.8827 2.3659, -0.5027 -4.0051 2.3882, -0.4523 -4.5541 2.3982, -0.4521 -4.0011 2.3982, -0.4008 -4.5499 2.4016, -0.4008 -3.9964 2.4016, -0.7945 -4.0157 2.0079, -0.7945 -4.5669 2.0079, -0.7911 -4.0157 2.0594, -0.7911 -4.5669 2.0592, -0.7811 -4.0157 2.1098, -0.7811 -4.5669 2.1098, -0.7644 -4.0156 2.1587, -0.7645 -4.5668 2.1585, -0.7417 -4.0154 2.2047, -0.7417 -4.5666 2.2047, -0.7132 -4.0149 2.2475, -0.713 -4.5662 2.2477, -0.6792 -4.0141 2.2863, -0.6792 -4.5655 2.2863, -0.6406 -4.0128 2.3201, -0.6404 -4.5643 2.3203, -0.5976 -4.0109 2.3488, -0.5976 -4.5627 2.3488, -0.5514 -4.0084 2.3716, -0.5055 -4.5578 2.3874, -0.5026 -4.5576 2.388, 1.461 -3.3225 1.606, 1.7929 -3.7633 1.606, 1.4964 -3.2982 1.5773, 1.8282 -3.7387 1.5773, 1.5281 -3.276 1.5434, 1.8597 -3.7164 1.5434, 1.5558 -3.2562 1.5046, 1.8873 -3.6966 1.5047, 1.5788 -3.2394 1.4619, 1.9104 -3.6797 1.4619, 1.5972 -3.2259 1.4158, 1.9287 -3.6662 1.4159, 1.6105 -3.216 1.367, 1.942 -3.6563 1.367, 1.6185 -3.21 1.3166, 1.95 -3.6503 1.3166, 1.6212 -3.2079 1.2651, 1.9527 -3.6482 1.2651, 5.111 0.2803 2.9921, 5.111 0.5906 2.9921, 4.7173 0.2803 2.9921, 4.7173 0.5906 2.9921, 5.111 0.5906 3.189, 4.7173 0.5906 3.189, 5.111 -0.5906 2.9921, 5.111 -0.2803 2.9921, 4.7173 -0.5906 2.9921, 4.7173 -0.2803 2.9921, 5.111 -0.5906 3.189, 4.7173 -0.5906 3.189
            ]
        }
        coordIndex [
            0,1,2,-1,2,1,3,-1,4,5,6,-1,6,5,7,-1,8,9,10,-1,10,9,11,-1,10,11,12,-1,12,11,13,-1,12,13,14,-1,14,13,15,-1,14,15,16,-1,0,2,17,-1,17,2,18,-1,17,18,19,-1,19,18,20,-1,19,20,21,-1,21,20,22,-1,21,22,23,-1,23,22,24,-1,23,24,25,-1,25,24,26,-1,25,26,27,-1,27,26,28,-1,27,28,29,-1,29,28,30,-1,29,30,8,-1,8,30,31,-1,8,31,9,-1,32,33,34,-1,32,34,35,-1,35,34,36,-1,35,36,37,-1,38,39,36,-1,36,39,40,-1,36,40,37,-1,41,42,43,-1,43,42,44,-1,43,44,45,-1,45,44,46,-1,45,46,47,-1,47,46,48,-1,47,48,49,-1,49,48,50,-1,49,50,51,-1,51,50,52,-1,51,52,53,-1,53,52,54,-1,53,54,55,-1,55,54,56,-1,55,56,57,-1,57,56,58,-1,59,60,61,-1,61,60,62,-1,61,62,63,-1,63,62,64,-1,63,64,65,-1,65,64,66,-1,65,66,67,-1,67,66,68,-1,67,68,69,-1,69,68,70,-1,69,70,71,-1,70,72,71,-1,71,72,73,-1,71,73,74,-1,74,73,75,-1,74,75,76,-1,76,75,77,-1,76,77,78,-1,79,80,81,-1,79,81,82,-1,82,81,83,-1,82,83,84,-1,84,83,85,-1,85,83,86,-1,85,86,87,-1,88,89,90,-1,88,90,91,-1,91,90,92,-1,91,92,93,-1,93,92,94,-1,93,94,95,-1,95,94,96,-1,95,96,97,-1,97,96,98,-1,97,98,99,-1,99,98,100,-1,99,100,101,-1,101,100,102,-1,101,102,103,-1,104,105,106,-1,104,106,107,-1,107,106,108,-1,107,108,109,-1,110,111,108,-1,108,111,112,-1,108,112,109,-1,113,114,115,-1,115,114,116,-1,115,116,117,-1,118,119,120,-1,120,119,121,-1,120,121,122,-1,122,121,123,-1,122,123,124,-1,124,123,125,-1,124,125,126,-1,126,125,127,-1,126,127,128,-1,128,127,129,-1,128,129,130,-1,130,129,131,-1,130,131,132,-1,132,131,133,-1,132,133,134,-1,134,133,135,-1,134,135,136,-1,136,135,137,-1,136,137,113,-1,113,137,138,-1,113,138,114,-1,139,140,141,-1,141,140,142,-1,141,142,143,-1,143,142,144,-1,143,144,145,-1,145,144,146,-1,145,146,147,-1,147,146,148,-1,147,148,149,-1,149,148,150,-1,149,150,151,-1,151,150,152,-1,151,152,153,-1,153,152,154,-1,153,154,155,-1,155,154,156,-1,157,158,159,-1,159,158,160,-1,158,161,160,-1,160,161,162,-1,163,164,165,-1,165,164,166,-1,163,165,167,-1,167,165,168,-1,
        ]
    }
}
Shape{
    appearance Appearance {
        material  Material 	{
            diffuseColor 0.7529411764705882 0.7529411764705882 0.7529411764705882
            specularColor 0.3764705882352941 0.3764705882352941 0.3764705882352941
            ambientIntensity 0.7529
            transparency 0.0
            shininess 0.5
        }
    }
    geometry IndexedFaceSet {
        ccw TRUE
        solid FALSE
        coord DEF co Coordinate {
            point [
                -0.2585 -0.0446 2.0548, -0.6936 -0.0446 1.8234, -0.2568 -0.0446 2.0646, -0.6919 -0.0446 1.8333, -0.6936 -0.3496 1.8234, -0.6919 -0.3496 1.8333, -0.7758 -0.3496 1.7797, -0.774 -0.3496 1.7896, -0.7758 -0.0446 1.7797, -0.774 -0.0446 1.7896, -1.2109 -0.0446 1.5484, -1.2091 -0.0446 1.5582, -1.2109 0.0446 1.5484, -1.2091 0.0446 1.5582, -0.7758 0.0446 1.7797, -0.774 0.0446 1.7896, -0.7758 0.3496 1.7797, -0.774 0.3496 1.7896, -0.6936 0.3496 1.8234, -0.6919 0.3496 1.8333, -0.6936 0.0446 1.8234, -0.6919 0.0446 1.8333, -0.2585 0.0446 2.0548, -0.2568 0.0446 2.0646
            ]
        }
        coordIndex [
            0,1,2,-1,2,1,3,-1,1,4,3,-1,3,4,5,-1,4,6,5,-1,5,6,7,-1,6,8,7,-1,7,8,9,-1,8,10,9,-1,9,10,11,-1,10,12,11,-1,11,12,13,-1,12,14,13,-1,13,14,15,-1,14,16,15,-1,15,16,17,-1,16,18,17,-1,17,18,19,-1,18,20,19,-1,19,20,21,-1,20,22,21,-1,21,22,23,-1,22,0,23,-1,23,0,2,-1,12,10,14,-1,14,10,8,-1,0,22,1,-1,1,22,20,-1,18,16,20,-1,20,16,14,-1,20,14,1,-1,1,14,8,-1,1,8,4,-1,4,8,6,-1,
        ]
    }
}
Shape{
    appearance Appearance {
        material  Material 	{
            diffuseColor 0.25098039215686274 0.25098039215686274 0.25098039215686274
            specularColor 0.12549019607843137 0.12549019607843137 0.12549019607843137
            ambientIntensity 0.251
            transparency 0.0
            shininess 0.5
        }
    }
    geometry IndexedFaceSet {
        ccw TRUE
        solid FALSE
        coord DEF co Coordinate {
            point [
                -0.5577 -4.0019 0.2362, -0.5658 -3.9406 0.0394, -0.5658 -3.9406 0.2362, -0.5895 -3.8835 0.0394, -0.5895 -3.8835 0.2362, -0.6271 -3.8345 0.0394, -0.6271 -3.8345 0.2362, -0.6761 -3.7969 0.0394, -0.6761 -3.7969 0.2362, -0.7332 -3.7732 0.0394, -0.7332 -3.7732 0.2362, -0.7945 -3.7652 0.0394, -0.7945 -3.7652 0.2362, -0.8557 -3.7732 0.0394, -0.8557 -3.7732 0.2362, -0.9128 -3.7969 0.0394, -0.9128 -3.7969 0.2362, -0.9619 -3.8345 0.0394, -0.9619 -3.8345 0.2362, -0.9995 -3.8835 0.0394, -0.9995 -3.8835 0.2362, -1.0231 -3.9406 0.0394, -1.0231 -3.9406 0.2362, -1.0312 -4.0019 0.0394, -1.0312 -4.0019 0.2362, -1.0231 -4.0631 0.0394, -1.0231 -4.0631 0.2362, -0.9995 -4.1202 0.0394, -0.9995 -4.1202 0.2362, -0.9619 -4.1693 0.0394, -0.9619 -4.1693 0.2362, -0.9128 -4.2069 0.0394, -0.9128 -4.2069 0.2362, -0.8557 -4.2305 0.0394, -0.8557 -4.2305 0.2362, -0.7945 -4.2386 0.0394, -0.7945 -4.2386 0.2362, -0.7332 -4.2305 0.0394, -0.7332 -4.2305 0.2362, -0.6761 -4.2069 0.0394, -0.6761 -4.2069 0.2362, -0.6271 -4.1693 0.0394, -0.6271 -4.1693 0.2362, -0.5895 -4.1202 0.0394, -0.5895 -4.1202 0.2362, -0.5658 -4.0631 0.0394, -0.5658 -4.0631 0.2362, -0.5577 -4.0019 0.0394, -0.7945 -4.0019 0.0394, 2.908 2.0009 0.2362, 2.8999 2.0622 0.0394, 2.8999 2.0622 0.2362, 2.8763 2.1193 0.0394, 2.8763 2.1193 0.2362, 2.8386 2.1683 0.0394, 2.8386 2.1683 0.2362, 2.7896 2.2059 0.0394, 2.7896 2.2059 0.2362, 2.7325 2.2296 0.0394, 2.7325 2.2296 0.2362, 2.6713 2.2377 0.0394, 2.6713 2.2377 0.2362, 2.61 2.2296 0.0394, 2.61 2.2296 0.2362, 2.5529 2.2059 0.0394, 2.5529 2.2059 0.2362, 2.5039 2.1683 0.0394, 2.5039 2.1683 0.2362, 2.4663 2.1193 0.0394, 2.4663 2.1193 0.2362, 2.4426 2.0622 0.0394, 2.4426 2.0622 0.2362, 2.4345 2.0009 0.0394, 2.4345 2.0009 0.2362, 2.4426 1.9397 0.0394, 2.4426 1.9397 0.2362, 2.4663 1.8826 0.0394, 2.4663 1.8826 0.2362, 2.5039 1.8336 0.0394, 2.5039 1.8336 0.2362, 2.5529 1.7959 0.0394, 2.5529 1.7959 0.2362, 2.61 1.7723 0.0394, 2.61 1.7723 0.2362, 2.6713 1.7642 0.0394, 2.6713 1.7642 0.2362, 2.7325 1.7723 0.0394, 2.7325 1.7723 0.2362, 2.7896 1.7959 0.0394, 2.7896 1.7959 0.2362, 2.8386 1.8336 0.0394, 2.8386 1.8336 0.2362, 2.8763 1.8826 0.0394, 2.8763 1.8826 0.2362, 2.8999 1.9397 0.0394, 2.8999 1.9397 0.2362, 2.908 2.0009 0.0394, 2.6713 2.0009 0.0394, -4.4889 2.0622 0.0394, -4.4969 2.0009 0.0394, -4.4961 2.0073 0.2362, -4.4889 2.0622 0.2362, -4.4652 2.1193 0.2362, -4.4652 2.1193 0.0394, -4.4276 2.1683 0.2362, -4.4276 2.1683 0.0394, -4.3786 2.2059 0.2362, -4.3786 2.2059 0.0394, -4.3215 2.2296 0.2362, -4.3215 2.2296 0.0394, -4.2602 2.2377 0.2362, -4.2602 2.2377 0.0394, -4.1989 2.2296 0.2362, -4.1989 2.2296 0.0394, -4.1418 2.2059 0.2362, -4.1418 2.2059 0.0394, -4.0928 2.1683 0.2362, -4.0928 2.1683 0.0394, -4.0552 2.1193 0.2362, -4.0552 2.1193 0.0394, -4.0315 2.0622 0.2362, -4.0315 2.0622 0.0394, -4.0235 2.0009 0.2362, -4.0235 2.0009 0.0394, -4.0315 1.9397 0.2362, -4.0315 1.9397 0.0394, -4.0552 1.8826 0.2362, -4.0552 1.8826 0.0394, -4.0928 1.8336 0.2362, -4.0928 1.8336 0.0394, -4.1418 1.7959 0.2362, -4.1418 1.7959 0.0394, -4.1989 1.7723 0.2362, -4.1989 1.7723 0.0394, -4.2602 1.7642 0.2362, -4.2602 1.7642 0.0394, -4.3215 1.7723 0.2362, -4.3215 1.7723 0.0394, -4.3786 1.7959 0.2362, -4.3786 1.7959 0.0394, -4.4276 1.8336 0.2362, -4.4276 1.8336 0.0394, -4.4652 1.8826 0.2362, -4.4652 1.8826 0.0394, -4.4889 1.9397 0.2362, -4.4889 1.9397 0.0394, -4.4961 1.9946 0.2362, -4.4969 2.0009 0.2362, -4.2602 2.0009 0.0394
            ]
        }
        coordIndex [
            0,1,2,-1,2,1,3,-1,2,3,4,-1,4,3,5,-1,4,5,6,-1,6,5,7,-1,6,7,8,-1,8,7,9,-1,8,9,10,-1,10,9,11,-1,10,11,12,-1,12,11,13,-1,12,13,14,-1,14,13,15,-1,14,15,16,-1,16,15,17,-1,16,17,18,-1,18,17,19,-1,18,19,20,-1,20,19,21,-1,20,21,22,-1,22,21,23,-1,22,23,24,-1,24,23,25,-1,24,25,26,-1,26,25,27,-1,26,27,28,-1,28,27,29,-1,28,29,30,-1,30,29,31,-1,30,31,32,-1,32,31,33,-1,32,33,34,-1,34,33,35,-1,34,35,36,-1,36,35,37,-1,36,37,38,-1,38,37,39,-1,38,39,40,-1,40,39,41,-1,40,41,42,-1,42,41,43,-1,42,43,44,-1,44,43,45,-1,44,45,46,-1,46,45,47,-1,46,47,0,-1,0,47,1,-1,27,25,48,-1,48,25,23,-1,48,23,21,-1,33,31,48,-1,48,31,29,-1,48,29,27,-1,39,37,48,-1,48,37,35,-1,48,35,33,-1,45,43,48,-1,48,43,41,-1,48,41,39,-1,3,1,48,-1,48,1,47,-1,48,47,45,-1,9,7,48,-1,48,7,5,-1,48,5,3,-1,15,13,48,-1,48,13,11,-1,48,11,9,-1,21,19,48,-1,48,19,17,-1,48,17,15,-1,49,50,51,-1,51,50,52,-1,51,52,53,-1,53,52,54,-1,53,54,55,-1,55,54,56,-1,55,56,57,-1,57,56,58,-1,57,58,59,-1,59,58,60,-1,59,60,61,-1,61,60,62,-1,61,62,63,-1,63,62,64,-1,63,64,65,-1,65,64,66,-1,65,66,67,-1,67,66,68,-1,67,68,69,-1,69,68,70,-1,69,70,71,-1,71,70,72,-1,71,72,73,-1,73,72,74,-1,73,74,75,-1,75,74,76,-1,75,76,77,-1,77,76,78,-1,77,78,79,-1,79,78,80,-1,79,80,81,-1,81,80,82,-1,81,82,83,-1,83,82,84,-1,83,84,85,-1,85,84,86,-1,85,86,87,-1,87,86,88,-1,87,88,89,-1,89,88,90,-1,89,90,91,-1,91,90,92,-1,91,92,93,-1,93,92,94,-1,93,94,95,-1,95,94,96,-1,95,96,49,-1,49,96,50,-1,76,74,97,-1,97,74,72,-1,97,72,70,-1,82,80,97,-1,97,80,78,-1,97,78,76,-1,88,86,97,-1,97,86,84,-1,97,84,82,-1,94,92,97,-1,97,92,90,-1,97,90,88,-1,52,50,97,-1,97,50,96,-1,97,96,94,-1,58,56,97,-1,97,56,54,-1,97,54,52,-1,64,62,97,-1,97,62,60,-1,97,60,58,-1,70,68,97,-1,97,68,66,-1,97,66,64,-1,98,99,100,-1,100,101,98,-1,98,101,102,-1,98,102,103,-1,103,102,104,-1,103,104,105,-1,105,104,106,-1,105,106,107,-1,107,106,108,-1,107,108,109,-1,109,108,110,-1,109,110,111,-1,111,110,112,-1,111,112,113,-1,113,112,114,-1,113,114,115,-1,115,114,116,-1,115,116,117,-1,117,116,118,-1,117,118,119,-1,119,118,120,-1,119,120,121,-1,121,120,122,-1,121,122,123,-1,123,122,124,-1,123,124,125,-1,125,124,126,-1,125,126,127,-1,127,126,128,-1,127,128,129,-1,129,128,130,-1,129,130,131,-1,131,130,132,-1,131,132,133,-1,133,132,134,-1,133,134,135,-1,135,134,136,-1,135,136,137,-1,137,136,138,-1,137,138,139,-1,139,138,140,-1,139,140,141,-1,141,140,142,-1,141,142,143,-1,143,142,144,-1,143,144,145,-1,145,144,146,-1,145,146,99,-1,99,146,147,-1,99,147,100,-1,143,145,148,-1,148,145,99,-1,148,99,98,-1,137,139,148,-1,148,139,141,-1,148,141,143,-1,131,133,148,-1,148,133,135,-1,148,135,137,-1,125,127,148,-1,148,127,129,-1,148,129,131,-1,119,121,148,-1,148,121,123,-1,148,123,125,-1,113,115,148,-1,148,115,117,-1,148,117,119,-1,107,109,148,-1,148,109,111,-1,148,111,113,-1,98,103,148,-1,148,103,105,-1,148,105,107,-1,
        ]
    }
}
Shape{
    appearance Appearance {
        material  Material 	{
            diffuseColor 1.0 1.0 1.0
            specularColor 0.5019607843137255 0.5019607843137255 0.5019607843137255
            ambientIntensity 1.0
            transparency 0.0
            shininess 0.5
        }
    }
    geometry IndexedFaceSet {
        ccw TRUE
        solid FALSE
        coord DEF co Coordinate {
            point [
                5.115 0.0993 0.8241, 5.115 0.0993 0.8077, 5.111 0.0993 0.8241, 5.111 0.0993 0.8077, 5.115 0.0419 0.8241, 5.111 0.0419 0.8241, 5.115 0.0419 0.9517, 5.111 0.0419 0.9517, 5.115 0.0234 0.9517, 5.111 0.0234 0.9517, 5.115 0.0234 0.8077, 5.111 0.0234 0.8077, 5.115 0.1731 0.8053, 5.111 0.1731 0.8053, 5.111 0.1819 0.8056, 5.115 0.1819 0.8056, 5.111 0.1901 0.8065, 5.115 0.1901 0.8065, 5.111 0.1974 0.8079, 5.115 0.1974 0.8079, 5.111 0.2041 0.8098, 5.115 0.2041 0.8098, 5.111 0.21 0.8122, 5.115 0.21 0.8122, 5.111 0.213 0.8137, 5.115 0.213 0.8137, 5.115 0.213 0.8315, 5.111 0.213 0.8315, 5.111 0.2075 0.8285, 5.115 0.2075 0.8285, 5.111 0.2018 0.8261, 5.115 0.2018 0.8261, 5.111 0.1957 0.8242, 5.115 0.1957 0.8242, 5.111 0.1893 0.8229, 5.115 0.1893 0.8229, 5.111 0.1825 0.8221, 5.115 0.1825 0.8221, 5.111 0.1758 0.8218, 5.115 0.1758 0.8218, 5.111 0.1695 0.8221, 5.115 0.1695 0.8221, 5.111 0.1636 0.823, 5.115 0.1636 0.823, 5.111 0.1582 0.8245, 5.115 0.1582 0.8245, 5.111 0.1532 0.8265, 5.115 0.1532 0.8265, 5.111 0.1485 0.829, 5.115 0.1485 0.829, 5.111 0.1442 0.832, 5.115 0.1442 0.832, 5.111 0.1402 0.8356, 5.115 0.1402 0.8356, 5.111 0.1388 0.837, 5.115 0.1388 0.837, 5.111 0.1353 0.8412, 5.115 0.1353 0.8412, 5.111 0.1323 0.8458, 5.115 0.1323 0.8458, 5.111 0.1298 0.8507, 5.115 0.1298 0.8507, 5.111 0.1278 0.8561, 5.115 0.1278 0.8561, 5.111 0.1263 0.8619, 5.115 0.1263 0.8619, 5.111 0.1252 0.8682, 5.115 0.1252 0.8682, 5.111 0.1247 0.875, 5.115 0.1247 0.875, 5.111 0.1247 0.8781, 5.115 0.1247 0.8781, 5.111 0.125 0.8855, 5.115 0.125 0.8855, 5.111 0.1259 0.8925, 5.115 0.1259 0.8925, 5.111 0.1273 0.8989, 5.115 0.1273 0.8989, 5.111 0.1293 0.9047, 5.115 0.1293 0.9047, 5.111 0.1317 0.91, 5.115 0.1317 0.91, 5.111 0.1347 0.9149, 5.115 0.1347 0.9149, 5.111 0.1381 0.9194, 5.115 0.1381 0.9194, 5.111 0.1398 0.9213, 5.115 0.1398 0.9213, 5.111 0.144 0.9253, 5.115 0.144 0.9253, 5.111 0.1484 0.9287, 5.115 0.1484 0.9287, 5.111 0.1531 0.9315, 5.115 0.1531 0.9315, 5.111 0.1581 0.9337, 5.115 0.1581 0.9337, 5.111 0.1634 0.9354, 5.115 0.1634 0.9354, 5.111 0.169 0.9366, 5.115 0.169 0.9366, 5.111 0.1751 0.9372, 5.115 0.1751 0.9372, 5.111 0.179 0.9373, 5.115 0.179 0.9373, 5.111 0.186 0.937, 5.115 0.186 0.937, 5.111 0.1926 0.9361, 5.115 0.1926 0.9361, 5.111 0.199 0.9346, 5.115 0.199 0.9346, 5.111 0.205 0.9325, 5.115 0.205 0.9325, 5.111 0.2109 0.9299, 5.115 0.2109 0.9299, 5.111 0.213 0.9288, 5.115 0.213 0.9288, 5.115 0.213 0.9482, 5.111 0.213 0.9482, 5.111 0.2074 0.9503, 5.115 0.2074 0.9503, 5.111 0.2013 0.9519, 5.115 0.2013 0.9519, 5.111 0.1944 0.9531, 5.115 0.1944 0.9531, 5.111 0.1866 0.9539, 5.115 0.1866 0.9539, 5.111 0.1789 0.9541, 5.115 0.1789 0.9541, 5.111 0.1713 0.9538, 5.115 0.1713 0.9538, 5.111 0.1642 0.9529, 5.115 0.1642 0.9529, 5.111 0.1575 0.9514, 5.115 0.1575 0.9514, 5.111 0.1511 0.9494, 5.115 0.1511 0.9494, 5.111 0.1452 0.9468, 5.115 0.1452 0.9468, 5.111 0.1395 0.9438, 5.115 0.1395 0.9438, 5.111 0.1342 0.9401, 5.115 0.1342 0.9401, 5.111 0.1291 0.936, 5.115 0.1291 0.936, 5.111 0.126 0.9329, 5.115 0.126 0.9329, 5.111 0.1216 0.928, 5.115 0.1216 0.928, 5.111 0.1177 0.9227, 5.115 0.1177 0.9227, 5.111 0.1144 0.9172, 5.115 0.1144 0.9172, 5.111 0.1115 0.9113, 5.115 0.1115 0.9113, 5.111 0.1092 0.905, 5.115 0.1092 0.905, 5.111 0.1074 0.8984, 5.115 0.1074 0.8984, 5.111 0.1061 0.8913, 5.115 0.1061 0.8913, 5.111 0.1054 0.8837, 5.115 0.1054 0.8837, 5.111 0.1052 0.877, 5.115 0.1052 0.877, 5.111 0.1055 0.8689, 5.115 0.1055 0.8689, 5.111 0.1064 0.8613, 5.115 0.1064 0.8613, 5.111 0.1078 0.8542, 5.115 0.1078 0.8542, 5.111 0.1098 0.8477, 5.115 0.1098 0.8477, 5.111 0.1123 0.8416, 5.115 0.1123 0.8416, 5.111 0.1153 0.836, 5.115 0.1153 0.836, 5.111 0.1188 0.8308, 5.115 0.1188 0.8308, 5.111 0.1225 0.8262, 5.115 0.1225 0.8262, 5.111 0.1236 0.8249, 5.115 0.1236 0.8249, 5.111 0.1281 0.8206, 5.115 0.1281 0.8206, 5.111 0.1329 0.8169, 5.115 0.1329 0.8169, 5.111 0.138 0.8136, 5.115 0.138 0.8136, 5.111 0.1434 0.811, 5.115 0.1434 0.811, 5.111 0.1492 0.8088, 5.115 0.1492 0.8088, 5.111 0.1553 0.8071, 5.115 0.1553 0.8071, 5.111 0.1619 0.806, 5.115 0.1619 0.806, 5.111 0.1689 0.8054, 5.115 0.1689 0.8054, 5.115 0.3192 0.8241, 5.115 0.3192 0.8077, 5.111 0.3192 0.8241, 5.111 0.3192 0.8077, 5.115 0.2604 0.8241, 5.111 0.2604 0.8241, 5.115 0.2604 0.8725, 5.111 0.2604 0.8725, 5.115 0.3119 0.8725, 5.111 0.3119 0.8725, 5.115 0.3119 0.889, 5.111 0.3119 0.889, 5.115 0.2604 0.889, 5.111 0.2604 0.889, 5.115 0.2604 0.9351, 5.111 0.2604 0.9351, 5.115 0.3159 0.9351, 5.111 0.3159 0.9351, 5.115 0.3159 0.9517, 5.111 0.3159 0.9517, 5.115 0.2418 0.9517, 5.111 0.2418 0.9517, 5.115 0.2418 0.8077, 5.111 0.2418 0.8077, 5.115 0.4127 0.8287, 5.115 0.4226 0.815, 5.115 0.4179 0.8312, 5.115 0.4286 0.818, 5.115 0.4226 0.8341, 5.115 0.4342 0.8216, 5.115 0.4269 0.8374, 5.115 0.4395 0.8257, 5.115 0.4287 0.8391, 5.115 0.4419 0.8279, 5.115 0.4323 0.8431, 5.115 0.4465 0.8326, 5.115 0.4355 0.8474, 5.115 0.4506 0.8376, 5.115 0.4381 0.8521, 5.115 0.454 0.8429, 5.115 0.4403 0.8572, 5.115 0.4429 0.8949, 5.115 0.4609 0.9025, 5.115 0.4414 0.9009, 5.115 0.4589 0.9085, 5.115 0.4395 0.9062, 5.115 0.4564 0.9142, 5.115 0.4371 0.911, 5.115 0.4533 0.9195, 5.115 0.4342 0.9153, 5.115 0.4497 0.9245, 5.115 0.4456 0.9291, 5.115 0.4309 0.9191, 5.115 0.4419 0.9326, 5.115 0.4283 0.9216, 5.115 0.4366 0.9369, 5.115 0.4239 0.925, 5.115 0.431 0.9406, 5.115 0.419 0.9279, 5.115 0.425 0.9438, 5.115 0.4138 0.9303, 5.115 0.4188 0.9464, 5.115 0.4082 0.9323, 5.115 0.4122 0.9485, 5.115 0.4021 0.9337, 5.115 0.4053 0.9501, 5.115 0.3955 0.9347, 5.115 0.3979 0.9512, 5.115 0.3886 0.9351, 5.115 0.3901 0.9516, 5.115 0.3868 0.9351, 5.115 0.3875 0.9517, 5.115 0.365 0.9351, 5.115 0.3464 0.9517, 5.115 0.365 0.8241, 5.115 0.3464 0.8077, 5.115 0.3859 0.8241, 5.115 0.386 0.8077, 5.115 0.3935 0.8244, 5.115 0.3943 0.808, 5.115 0.4005 0.8253, 5.115 0.4021 0.8089, 5.115 0.4069 0.8268, 5.115 0.4094 0.8104, 5.115 0.4162 0.8124, 5.115 0.457 0.8485, 5.115 0.4594 0.8545, 5.115 0.442 0.8628, 5.115 0.4612 0.8608, 5.115 0.4432 0.8689, 5.115 0.4626 0.8675, 5.115 0.4439 0.8756, 5.115 0.4634 0.8746, 5.115 0.4441 0.881, 5.115 0.4636 0.8815, 5.115 0.4438 0.8882, 5.115 0.4633 0.8889, 5.115 0.4624 0.896, 5.111 0.4239 0.925, 5.111 0.4366 0.9369, 5.111 0.4283 0.9216, 5.111 0.4419 0.9326, 5.111 0.4309 0.9191, 5.111 0.4456 0.9291, 5.111 0.4342 0.9153, 5.111 0.4497 0.9245, 5.111 0.4371 0.911, 5.111 0.4533 0.9195, 5.111 0.4395 0.9062, 5.111 0.4564 0.9142, 5.111 0.4414 0.9009, 5.111 0.4179 0.8312, 5.111 0.4226 0.815, 5.111 0.4127 0.8287, 5.111 0.4162 0.8124, 5.111 0.4069 0.8268, 5.111 0.4094 0.8104, 5.111 0.4005 0.8253, 5.111 0.4021 0.8089, 5.111 0.3935 0.8244, 5.111 0.3943 0.808, 5.111 0.3859 0.8241, 5.111 0.386 0.8077, 5.111 0.365 0.8241, 5.111 0.3464 0.8077, 5.111 0.365 0.9351, 5.111 0.3464 0.9517, 5.111 0.3868 0.9351, 5.111 0.3875 0.9517, 5.111 0.3886 0.9351, 5.111 0.3901 0.9516, 5.111 0.3955 0.9347, 5.111 0.3979 0.9512, 5.111 0.4021 0.9337, 5.111 0.4053 0.9501, 5.111 0.4082 0.9323, 5.111 0.4122 0.9485, 5.111 0.4138 0.9303, 5.111 0.4188 0.9464, 5.111 0.419 0.9279, 5.111 0.425 0.9438, 5.111 0.431 0.9406, 5.111 0.442 0.8628, 5.111 0.4594 0.8545, 5.111 0.4403 0.8572, 5.111 0.457 0.8485, 5.111 0.4381 0.8521, 5.111 0.454 0.8429, 5.111 0.4355 0.8474, 5.111 0.4506 0.8376, 5.111 0.4323 0.8431, 5.111 0.4465 0.8326, 5.111 0.4287 0.8391, 5.111 0.4419 0.8279, 5.111 0.4269 0.8374, 5.111 0.4395 0.8257, 5.111 0.4226 0.8341, 5.111 0.4342 0.8216, 5.111 0.4286 0.818, 5.111 0.4589 0.9085, 5.111 0.4609 0.9025, 5.111 0.4429 0.8949, 5.111 0.4624 0.896, 5.111 0.4438 0.8882, 5.111 0.4633 0.8889, 5.111 0.4441 0.881, 5.111 0.4636 0.8815, 5.111 0.4439 0.8756, 5.111 0.4634 0.8746, 5.111 0.4432 0.8689, 5.111 0.4626 0.8675, 5.111 0.4612 0.8608, 5.115 0.5119 0.8633, 5.115 0.506 0.8471, 5.115 0.5602 0.8633, 5.115 0.566 0.8471, 5.115 0.5334 0.9232, 5.115 0.5265 0.9517, 5.115 0.4716 0.8077, 5.115 0.4922 0.8077, 5.115 0.5347 0.9275, 5.115 0.5358 0.9333, 5.115 0.5463 0.9517, 5.115 0.5362 0.9333, 5.115 0.5374 0.9272, 5.115 0.5385 0.9232, 5.115 0.6012 0.8077, 5.115 0.5806 0.8077, 5.111 0.5602 0.8633, 5.111 0.5385 0.9232, 5.111 0.5463 0.9517, 5.111 0.5374 0.9272, 5.111 0.5362 0.9333, 5.111 0.5265 0.9517, 5.111 0.5358 0.9333, 5.111 0.5347 0.9275, 5.111 0.5334 0.9232, 5.111 0.5119 0.8633, 5.111 0.4716 0.8077, 5.111 0.6012 0.8077, 5.111 0.5806 0.8077, 5.111 0.566 0.8471, 5.111 0.4922 0.8077, 5.111 0.506 0.8471, 5.115 0.1008 0.5957, 5.115 0.1008 0.5793, 5.111 0.1008 0.5957, 5.111 0.1008 0.5793, 5.115 0.0419 0.5957, 5.111 0.0419 0.5957, 5.115 0.0419 0.6441, 5.111 0.0419 0.6441, 5.115 0.0934 0.6441, 5.111 0.0934 0.6441, 5.115 0.0934 0.6606, 5.111 0.0934 0.6606, 5.115 0.0419 0.6606, 5.111 0.0419 0.6606, 5.115 0.0419 0.7067, 5.111 0.0419 0.7067, 5.115 0.0975 0.7067, 5.111 0.0975 0.7067, 5.115 0.0975 0.7233, 5.111 0.0975 0.7233, 5.115 0.0234 0.7233, 5.111 0.0234 0.7233, 5.115 0.0234 0.5793, 5.111 0.0234 0.5793, 5.115 0.1826 0.5793, 5.115 0.2007 0.5793, 5.115 0.1826 0.5952, 5.115 0.2007 0.6455, 5.115 0.1688 0.669, 5.115 0.1717 0.6679, 5.115 0.1791 0.6823, 5.115 0.1368 0.6363, 5.115 0.1329 0.6344, 5.115 0.1432 0.6229, 5.115 0.1411 0.6213, 5.115 0.1827 0.6809, 5.115 0.1741 0.6665, 5.115 0.1859 0.6791, 5.115 0.1762 0.6648, 5.115 0.1888 0.6771, 5.115 0.1397 0.5982, 5.115 0.1383 0.6003, 5.115 0.1232 0.589, 5.115 0.1296 0.6322, 5.115 0.1267 0.6298, 5.115 0.1395 0.6194, 5.115 0.1412 0.638, 5.115 0.1457 0.6243, 5.115 0.1464 0.6394, 5.115 0.1489 0.6255, 5.115 0.1522 0.6404, 5.115 0.1914 0.6747, 5.115 0.178 0.6628, 5.115 0.1937 0.672, 5.115 0.1795 0.6604, 5.115 0.1957 0.6689, 5.115 0.1261 0.6292, 5.115 0.1239 0.6265, 5.115 0.1381 0.6171, 5.115 0.122 0.6236, 5.115 0.1372 0.6146, 5.115 0.1791 0.6058, 5.115 0.1822 0.5952, 5.115 0.1772 0.6028, 5.115 0.1813 0.5937, 5.115 0.1591 0.5919, 5.115 0.1632 0.5788, 5.115 0.1626 0.5925, 5.115 0.1668 0.5803, 5.115 0.1659 0.5936, 5.115 0.1701 0.5822, 5.115 0.1688 0.5951, 5.115 0.1826 0.6201, 5.115 0.1823 0.6162, 5.115 0.1816 0.6125, 5.115 0.1806 0.6091, 5.115 0.1974 0.6653, 5.115 0.1807 0.6576, 5.115 0.1988 0.6612, 5.115 0.1817 0.6543, 5.115 0.1998 0.6566, 5.115 0.1416 0.5963, 5.115 0.1328 0.5808, 5.115 0.1438 0.5946, 5.115 0.1361 0.5793, 5.115 0.1462 0.5933, 5.115 0.1398 0.5781, 5.115 0.149 0.5924, 5.115 0.1254 0.5864, 5.115 0.1269 0.585, 5.115 0.1297 0.5827, 5.115 0.1366 0.6054, 5.115 0.1189 0.5987, 5.115 0.1372 0.6027, 5.115 0.12 0.5951, 5.115 0.1214 0.5919, 5.115 0.1826 0.6309, 5.115 0.1826 0.6447, 5.115 0.1586 0.6277, 5.115 0.1529 0.6266, 5.115 0.1732 0.5844, 5.115 0.1761 0.5871, 5.115 0.1716 0.597, 5.115 0.1788 0.5901, 5.115 0.1742 0.5993, 5.115 0.1749 0.6001, 5.115 0.2005 0.6513, 5.115 0.1823 0.6504, 5.115 0.1826 0.6459, 5.115 0.1826 0.621, 5.115 0.1438 0.5773, 5.115 0.1482 0.5769, 5.115 0.152 0.5918, 5.115 0.1507 0.5769, 5.115 0.1553 0.5917, 5.115 0.1551 0.5771, 5.115 0.1593 0.5778, 5.115 0.1204 0.6204, 5.115 0.1193 0.6169, 5.115 0.1366 0.6118, 5.115 0.1185 0.6132, 5.115 0.1363 0.6083, 5.115 0.1751 0.6833, 5.115 0.1707 0.6841, 5.115 0.1655 0.6696, 5.115 0.1657 0.6844, 5.115 0.1618 0.6698, 5.115 0.1635 0.6845, 5.115 0.16 0.6698, 5.115 0.1574 0.6843, 5.115 0.1552 0.6694, 5.115 0.1516 0.6836, 5.115 0.1505 0.6686, 5.115 0.1461 0.6825, 5.115 0.1459 0.6673, 5.115 0.1409 0.681, 5.115 0.1413 0.6656, 5.115 0.136 0.6791, 5.115 0.1369 0.6633, 5.115 0.1313 0.6768, 5.115 0.1324 0.6606, 5.115 0.1281 0.6749, 5.115 0.1281 0.6574, 5.115 0.1181 0.609, 5.115 0.1181 0.6068, 5.115 0.1183 0.6026, 5.111 0.1324 0.6606, 5.111 0.1281 0.6574, 5.111 0.1281 0.6749, 5.111 0.1741 0.6665, 5.111 0.1859 0.6791, 5.111 0.1762 0.6648, 5.111 0.1888 0.6771, 5.111 0.178 0.6628, 5.111 0.1816 0.6125, 5.111 0.1823 0.6162, 5.111 0.2007 0.6455, 5.111 0.1397 0.5982, 5.111 0.1232 0.589, 5.111 0.1383 0.6003, 5.111 0.1214 0.5919, 5.111 0.1372 0.6027, 5.111 0.1914 0.6747, 5.111 0.1937 0.672, 5.111 0.1795 0.6604, 5.111 0.1957 0.6689, 5.111 0.1807 0.6576, 5.111 0.1655 0.6696, 5.111 0.1707 0.6841, 5.111 0.1688 0.669, 5.111 0.1751 0.6833, 5.111 0.1717 0.6679, 5.111 0.1791 0.6823, 5.111 0.1827 0.6809, 5.111 0.1806 0.6091, 5.111 0.1826 0.5952, 5.111 0.1826 0.5793, 5.111 0.2007 0.5793, 5.111 0.1411 0.6213, 5.111 0.1329 0.6344, 5.111 0.1432 0.6229, 5.111 0.1368 0.6363, 5.111 0.1457 0.6243, 5.111 0.1412 0.638, 5.111 0.1489 0.6255, 5.111 0.1464 0.6394, 5.111 0.1529 0.6266, 5.111 0.1522 0.6404, 5.111 0.1395 0.6194, 5.111 0.1267 0.6298, 5.111 0.1296 0.6322, 5.111 0.1416 0.5963, 5.111 0.1269 0.585, 5.111 0.1254 0.5864, 5.111 0.1438 0.5946, 5.111 0.1328 0.5808, 5.111 0.1297 0.5827, 5.111 0.1826 0.6309, 5.111 0.2005 0.6513, 5.111 0.1826 0.621, 5.111 0.1826 0.6201, 5.111 0.1381 0.6171, 5.111 0.1239 0.6265, 5.111 0.1261 0.6292, 5.111 0.1974 0.6653, 5.111 0.1988 0.6612, 5.111 0.1817 0.6543, 5.111 0.1998 0.6566, 5.111 0.1823 0.6504, 5.111 0.1826 0.6459, 5.111 0.12 0.5951, 5.111 0.1189 0.5987, 5.111 0.1366 0.6054, 5.111 0.1826 0.6447, 5.111 0.1586 0.6277, 5.111 0.1369 0.6633, 5.111 0.1313 0.6768, 5.111 0.1413 0.6656, 5.111 0.136 0.6791, 5.111 0.1459 0.6673, 5.111 0.1409 0.681, 5.111 0.1505 0.6686, 5.111 0.1461 0.6825, 5.111 0.1552 0.6694, 5.111 0.1516 0.6836, 5.111 0.16 0.6698, 5.111 0.1574 0.6843, 5.111 0.1618 0.6698, 5.111 0.1635 0.6845, 5.111 0.1657 0.6844, 5.111 0.1366 0.6118, 5.111 0.1193 0.6169, 5.111 0.1372 0.6146, 5.111 0.1204 0.6204, 5.111 0.122 0.6236, 5.111 0.1183 0.6026, 5.111 0.1181 0.6068, 5.111 0.1363 0.6083, 5.111 0.1181 0.609, 5.111 0.1185 0.6132, 5.111 0.1813 0.5937, 5.111 0.1788 0.5901, 5.111 0.1716 0.597, 5.111 0.1761 0.5871, 5.111 0.1688 0.5951, 5.111 0.1732 0.5844, 5.111 0.1659 0.5936, 5.111 0.1701 0.5822, 5.111 0.1626 0.5925, 5.111 0.152 0.5918, 5.111 0.1482 0.5769, 5.111 0.149 0.5924, 5.111 0.1438 0.5773, 5.111 0.1462 0.5933, 5.111 0.1398 0.5781, 5.111 0.1361 0.5793, 5.111 0.1668 0.5803, 5.111 0.1632 0.5788, 5.111 0.1591 0.5919, 5.111 0.1593 0.5778, 5.111 0.1553 0.5917, 5.111 0.1551 0.5771, 5.111 0.1507 0.5769, 5.111 0.1742 0.5993, 5.111 0.1749 0.6001, 5.111 0.1822 0.5952, 5.111 0.1772 0.6028, 5.111 0.1791 0.6058, 5.115 0.2548 0.5916, 5.111 0.2548 0.5916, 5.111 0.2502 0.5918, 5.115 0.2502 0.5918, 5.111 0.2457 0.5924, 5.115 0.2457 0.5924, 5.111 0.2413 0.5935, 5.115 0.2413 0.5935, 5.111 0.237 0.595, 5.115 0.237 0.595, 5.111 0.2327 0.5969, 5.115 0.2327 0.5969, 5.111 0.2286 0.5992, 5.115 0.2286 0.5992, 5.111 0.2251 0.6015, 5.115 0.2251 0.6015, 5.115 0.2251 0.5829, 5.111 0.2251 0.5829, 5.111 0.2294 0.581, 5.115 0.2294 0.581, 5.111 0.234 0.5794, 5.115 0.234 0.5794, 5.111 0.2388 0.5782, 5.115 0.2388 0.5782, 5.111 0.244 0.5774, 5.115 0.244 0.5774, 5.111 0.2494 0.5769, 5.115 0.2494 0.5769, 5.111 0.253 0.5769, 5.115 0.253 0.5769, 5.111 0.2587 0.5771, 5.115 0.2587 0.5771, 5.111 0.2641 0.5777, 5.115 0.2641 0.5777, 5.111 0.269 0.5787, 5.115 0.269 0.5787, 5.111 0.2734 0.5801, 5.115 0.2734 0.5801, 5.111 0.2774 0.5818, 5.115 0.2774 0.5818, 5.111 0.281 0.5838, 5.115 0.281 0.5838, 5.111 0.283 0.585, 5.115 0.283 0.585, 5.111 0.2859 0.5873, 5.115 0.2859 0.5873, 5.111 0.2883 0.5898, 5.115 0.2883 0.5898, 5.111 0.2904 0.5924, 5.115 0.2904 0.5924, 5.111 0.292 0.5952, 5.115 0.292 0.5952, 5.111 0.2932 0.5982, 5.115 0.2932 0.5982, 5.111 0.294 0.6014, 5.115 0.294 0.6014, 5.111 0.2945 0.6048, 5.115 0.2945 0.6048, 5.111 0.2946 0.6073, 5.115 0.2946 0.6073, 5.111 0.2944 0.6109, 5.115 0.2944 0.6109, 5.111 0.2937 0.6144, 5.115 0.2937 0.6144, 5.111 0.2927 0.6175, 5.115 0.2927 0.6175, 5.111 0.2913 0.6203, 5.115 0.2913 0.6203, 5.111 0.2896 0.623, 5.115 0.2896 0.623, 5.111 0.2885 0.6243, 5.115 0.2885 0.6243, 5.111 0.2863 0.6265, 5.115 0.2863 0.6265, 5.111 0.2834 0.6287, 5.115 0.2834 0.6287, 5.111 0.2797 0.6311, 5.115 0.2797 0.6311, 5.111 0.275 0.6335, 5.115 0.275 0.6335, 5.111 0.2692 0.6361, 5.115 0.2692 0.6361, 5.111 0.2653 0.6376, 5.115 0.2653 0.6376, 5.111 0.2574 0.6409, 5.115 0.2574 0.6409, 5.111 0.2526 0.6432, 5.115 0.2526 0.6432, 5.111 0.2494 0.6451, 5.115 0.2494 0.6451, 5.111 0.2477 0.6464, 5.115 0.2477 0.6464, 5.111 0.2462 0.648, 5.115 0.2462 0.648, 5.111 0.2451 0.6499, 5.115 0.2451 0.6499, 5.111 0.2443 0.6519, 5.115 0.2443 0.6519, 5.111 0.2439 0.6543, 5.115 0.2439 0.6543, 5.111 0.2438 0.656, 5.115 0.2438 0.656, 5.111 0.244 0.6583, 5.115 0.244 0.6583, 5.111 0.2446 0.6605, 5.115 0.2446 0.6605, 5.111 0.2457 0.6624, 5.115 0.2457 0.6624, 5.111 0.2471 0.6641, 5.115 0.2471 0.6641, 5.111 0.2488 0.6657, 5.115 0.2488 0.6657, 5.111 0.2493 0.666, 5.115 0.2493 0.666, 5.111 0.2517 0.6674, 5.115 0.2517 0.6674, 5.111 0.2543 0.6685, 5.115 0.2543 0.6685, 5.111 0.2573 0.6693, 5.115 0.2573 0.6693, 5.111 0.2607 0.6697, 5.115 0.2607 0.6697, 5.111 0.2635 0.6698, 5.115 0.2635 0.6698, 5.111 0.2683 0.6696, 5.115 0.2683 0.6696, 5.111 0.273 0.669, 5.115 0.273 0.669, 5.111 0.2774 0.668, 5.115 0.2774 0.668, 5.111 0.2816 0.6665, 5.115 0.2816 0.6665, 5.111 0.2856 0.6647, 5.115 0.2856 0.6647, 5.111 0.2896 0.6624, 5.115 0.2896 0.6624, 5.115 0.2896 0.6799, 5.111 0.2896 0.6799, 5.111 0.285 0.6816, 5.115 0.285 0.6816, 5.111 0.2801 0.6829, 5.115 0.2801 0.6829, 5.111 0.2751 0.6838, 5.115 0.2751 0.6838, 5.111 0.2699 0.6843, 5.115 0.2699 0.6843, 5.111 0.2653 0.6845, 5.115 0.2653 0.6845, 5.111 0.26 0.6843, 5.115 0.26 0.6843, 5.111 0.255 0.6836, 5.115 0.255 0.6836, 5.111 0.2504 0.6826, 5.115 0.2504 0.6826, 5.111 0.2461 0.6812, 5.115 0.2461 0.6812, 5.111 0.2421 0.6795, 5.115 0.2421 0.6795, 5.111 0.2384 0.6774, 5.115 0.2384 0.6774, 5.111 0.2368 0.6763, 5.115 0.2368 0.6763, 5.111 0.2338 0.6739, 5.115 0.2338 0.6739, 5.111 0.2313 0.6713, 5.115 0.2313 0.6713, 5.111 0.2293 0.6686, 5.115 0.2293 0.6686, 5.111 0.2277 0.6658, 5.115 0.2277 0.6658, 5.111 0.2265 0.6628, 5.115 0.2265 0.6628, 5.111 0.2257 0.6596, 5.115 0.2257 0.6596, 5.111 0.2253 0.6562, 5.115 0.2253 0.6562, 5.111 0.2252 0.6544, 5.115 0.2252 0.6544, 5.111 0.2254 0.6506, 5.115 0.2254 0.6506, 5.111 0.2261 0.6471, 5.115 0.2261 0.6471, 5.111 0.2271 0.6439, 5.115 0.2271 0.6439, 5.111 0.2285 0.641, 5.115 0.2285 0.641, 5.111 0.2301 0.6384, 5.115 0.2301 0.6384, 5.111 0.2303 0.6381, 5.115 0.2303 0.6381, 5.111 0.2322 0.636, 5.115 0.2322 0.636, 5.111 0.2346 0.6339, 5.115 0.2346 0.6339, 5.111 0.2379 0.6317, 5.115 0.2379 0.6317, 5.111 0.2421 0.6292, 5.115 0.2421 0.6292, 5.111 0.2475 0.6266, 5.115 0.2475 0.6266, 5.111 0.2525 0.6245, 5.115 0.2525 0.6245, 5.111 0.2604 0.6213, 5.115 0.2604 0.6213, 5.111 0.2656 0.6189, 5.115 0.2656 0.6189, 5.111 0.2692 0.6169, 5.115 0.2692 0.6169, 5.111 0.2714 0.6153, 5.115 0.2714 0.6153, 5.111 0.2732 0.6135, 5.115 0.2732 0.6135, 5.111 0.2745 0.6116, 5.115 0.2745 0.6116, 5.111 0.2754 0.6095, 5.115 0.2754 0.6095, 5.111 0.2759 0.6073, 5.115 0.2759 0.6073, 5.111 0.2761 0.6055, 5.115 0.2761 0.6055, 5.111 0.2758 0.6029, 5.115 0.2758 0.6029, 5.111 0.2752 0.6006, 5.115 0.2752 0.6006, 5.111 0.2742 0.5986, 5.115 0.2742 0.5986, 5.111 0.2729 0.5969, 5.115 0.2729 0.5969, 5.111 0.2712 0.5954, 5.115 0.2712 0.5954, 5.111 0.2691 0.5941, 5.115 0.2691 0.5941, 5.111 0.2666 0.5931, 5.115 0.2666 0.5931, 5.111 0.2635 0.5923, 5.115 0.2635 0.5923, 5.111 0.2597 0.5918, 5.115 0.2597 0.5918, 5.115 0.384 0.6821, 5.115 0.4027 0.6821, 5.111 0.384 0.6821, 5.111 0.4027 0.6821, 5.115 0.3559 0.6047, 5.111 0.3559 0.6047, 5.111 0.3545 0.5999, 5.115 0.3545 0.5999, 5.111 0.3537 0.5964, 5.115 0.3537 0.5964, 5.115 0.3532 0.5964, 5.111 0.3532 0.5964, 5.115 0.351 0.6048, 5.111 0.351 0.6048, 5.115 0.3241 0.6821, 5.111 0.3241 0.6821, 5.115 0.3039 0.6821, 5.111 0.3039 0.6821, 5.115 0.3443 0.5795, 5.111 0.3443 0.5795, 5.115 0.3364 0.5608, 5.111 0.3364 0.5608, 5.111 0.3343 0.5565, 5.115 0.3343 0.5565, 5.111 0.3321 0.5534, 5.115 0.3321 0.5534, 5.111 0.3296 0.5507, 5.115 0.3296 0.5507, 5.111 0.3269 0.5487, 5.115 0.3269 0.5487, 5.111 0.3241 0.5474, 5.115 0.3241 0.5474, 5.111 0.321 0.5466, 5.115 0.321 0.5466, 5.111 0.3179 0.5463, 5.115 0.3179 0.5463, 5.111 0.314 0.5466, 5.115 0.314 0.5466, 5.111 0.31 0.5475, 5.115 0.31 0.5475, 5.111 0.3077 0.5484, 5.115 0.3077 0.5484, 5.115 0.3077 0.5323, 5.111 0.3077 0.5323, 5.111 0.3119 0.5314, 5.115 0.3119 0.5314, 5.111 0.3169 0.5309, 5.115 0.3169 0.5309, 5.111 0.3193 0.5309, 5.115 0.3193 0.5309, 5.111 0.3237 0.5312, 5.115 0.3237 0.5312, 5.111 0.3279 0.532, 5.115 0.3279 0.532, 5.111 0.3319 0.5335, 5.115 0.3319 0.5335, 5.111 0.3356 0.5355, 5.115 0.3356 0.5355, 5.111 0.3392 0.5382, 5.115 0.3392 0.5382, 5.111 0.3428 0.5415, 5.115 0.3428 0.5415, 5.111 0.3462 0.5455, 5.115 0.3462 0.5455, 5.111 0.3494 0.5503, 5.115 0.3494 0.5503, 5.111 0.3525 0.556, 5.115 0.3525 0.556, 5.111 0.3555 0.5626, 5.115 0.3555 0.5626, 5.111 0.356 0.5638, 5.115 0.356 0.5638, 5.115 0.4995 0.5957, 5.115 0.4995 0.5793, 5.111 0.4995 0.5957, 5.111 0.4995 0.5793, 5.115 0.4407 0.5957, 5.111 0.4407 0.5957, 5.115 0.4407 0.6441, 5.111 0.4407 0.6441, 5.115 0.4922 0.6441, 5.111 0.4922 0.6441, 5.115 0.4922 0.6606, 5.111 0.4922 0.6606, 5.115 0.4407 0.6606, 5.111 0.4407 0.6606, 5.115 0.4407 0.7067, 5.111 0.4407 0.7067, 5.115 0.4962 0.7067, 5.111 0.4962 0.7067, 5.115 0.4962 0.7233, 5.111 0.4962 0.7233, 5.115 0.4221 0.7233, 5.111 0.4221 0.7233, 5.115 0.4221 0.5793, 5.111 0.4221 0.5793, 5.115 0.593 0.6003, 5.115 0.6029 0.5866, 5.115 0.5982 0.6028, 5.115 0.6089 0.5896, 5.115 0.6029 0.6057, 5.115 0.6145 0.5932, 5.115 0.6072 0.609, 5.115 0.6198 0.5973, 5.115 0.609 0.6107, 5.115 0.6222 0.5995, 5.115 0.6126 0.6147, 5.115 0.6268 0.6042, 5.115 0.6158 0.619, 5.115 0.6309 0.6092, 5.115 0.6184 0.6237, 5.115 0.6343 0.6145, 5.115 0.6206 0.6288, 5.115 0.6232 0.6665, 5.115 0.6412 0.6741, 5.115 0.6217 0.6725, 5.115 0.6392 0.6801, 5.115 0.6198 0.6778, 5.115 0.6367 0.6858, 5.115 0.6174 0.6826, 5.115 0.6336 0.6911, 5.115 0.6145 0.6869, 5.115 0.63 0.6961, 5.115 0.6259 0.7007, 5.115 0.6112 0.6907, 5.115 0.6222 0.7042, 5.115 0.6086 0.6932, 5.115 0.6169 0.7085, 5.115 0.6042 0.6966, 5.115 0.6113 0.7122, 5.115 0.5993 0.6995, 5.115 0.6053 0.7154, 5.115 0.5941 0.7019, 5.115 0.5991 0.718, 5.115 0.5885 0.7039, 5.115 0.5925 0.7201, 5.115 0.5824 0.7053, 5.115 0.5856 0.7217, 5.115 0.5758 0.7063, 5.115 0.5782 0.7228, 5.115 0.5689 0.7067, 5.115 0.5704 0.7232, 5.115 0.5671 0.7067, 5.115 0.5678 0.7233, 5.115 0.5453 0.7067, 5.115 0.5267 0.7233, 5.115 0.5453 0.5957, 5.115 0.5267 0.5793, 5.115 0.5662 0.5957, 5.115 0.5663 0.5793, 5.115 0.5738 0.596, 5.115 0.5746 0.5796, 5.115 0.5808 0.5969, 5.115 0.5824 0.5805, 5.115 0.5872 0.5984, 5.115 0.5897 0.582, 5.115 0.5965 0.584, 5.115 0.6373 0.6201, 5.115 0.6397 0.6261, 5.115 0.6223 0.6344, 5.115 0.6415 0.6324, 5.115 0.6235 0.6405, 5.115 0.6429 0.639, 5.115 0.6242 0.6471, 5.115 0.6437 0.6462, 5.115 0.6244 0.6526, 5.115 0.6439 0.6531, 5.115 0.6241 0.6598, 5.115 0.6436 0.6605, 5.115 0.6427 0.6675, 5.111 0.6042 0.6966, 5.111 0.6169 0.7085, 5.111 0.6086 0.6932, 5.111 0.6222 0.7042, 5.111 0.6112 0.6907, 5.111 0.6259 0.7007, 5.111 0.6145 0.6869, 5.111 0.63 0.6961, 5.111 0.6174 0.6826, 5.111 0.6336 0.6911, 5.111 0.6198 0.6778, 5.111 0.6367 0.6858, 5.111 0.6217 0.6725, 5.111 0.5982 0.6028, 5.111 0.6029 0.5866, 5.111 0.593 0.6003, 5.111 0.5965 0.584, 5.111 0.5872 0.5984, 5.111 0.5897 0.582, 5.111 0.5808 0.5969, 5.111 0.5824 0.5805, 5.111 0.5738 0.596, 5.111 0.5746 0.5796, 5.111 0.5662 0.5957, 5.111 0.5663 0.5793, 5.111 0.5453 0.5957, 5.111 0.5267 0.5793, 5.111 0.5453 0.7067, 5.111 0.5267 0.7233, 5.111 0.5671 0.7067, 5.111 0.5678 0.7233, 5.111 0.5689 0.7067, 5.111 0.5704 0.7232, 5.111 0.5758 0.7063, 5.111 0.5782 0.7228, 5.111 0.5824 0.7053, 5.111 0.5856 0.7217, 5.111 0.5885 0.7039, 5.111 0.5925 0.7201, 5.111 0.5941 0.7019, 5.111 0.5991 0.718, 5.111 0.5993 0.6995, 5.111 0.6053 0.7154, 5.111 0.6113 0.7122, 5.111 0.6223 0.6344, 5.111 0.6397 0.6261, 5.111 0.6206 0.6288, 5.111 0.6373 0.6201, 5.111 0.6184 0.6237, 5.111 0.6343 0.6145, 5.111 0.6158 0.619, 5.111 0.6309 0.6092, 5.111 0.6126 0.6147, 5.111 0.6268 0.6042, 5.111 0.609 0.6107, 5.111 0.6222 0.5995, 5.111 0.6072 0.609, 5.111 0.6198 0.5973, 5.111 0.6029 0.6057, 5.111 0.6145 0.5932, 5.111 0.6089 0.5896, 5.111 0.6392 0.6801, 5.111 0.6412 0.6741, 5.111 0.6232 0.6665, 5.111 0.6427 0.6675, 5.111 0.6241 0.6598, 5.111 0.6436 0.6605, 5.111 0.6244 0.6526, 5.111 0.6439 0.6531, 5.111 0.6242 0.6471, 5.111 0.6437 0.6462, 5.111 0.6235 0.6405, 5.111 0.6429 0.639, 5.111 0.6415 0.6324, 5.115 0.6922 0.6349, 5.115 0.6863 0.6187, 5.115 0.7405 0.6349, 5.115 0.7463 0.6187, 5.115 0.7137 0.6948, 5.115 0.7068 0.7233, 5.115 0.6519 0.5793, 5.115 0.6725 0.5793, 5.115 0.715 0.6991, 5.115 0.7161 0.7049, 5.115 0.7266 0.7233, 5.115 0.7165 0.7049, 5.115 0.7177 0.6988, 5.115 0.7188 0.6948, 5.115 0.7815 0.5793, 5.115 0.7609 0.5793, 5.111 0.7405 0.6349, 5.111 0.7188 0.6948, 5.111 0.7266 0.7233, 5.111 0.7177 0.6988, 5.111 0.7165 0.7049, 5.111 0.7068 0.7233, 5.111 0.7161 0.7049, 5.111 0.715 0.6991, 5.111 0.7137 0.6948, 5.111 0.6922 0.6349, 5.111 0.6519 0.5793, 5.111 0.7815 0.5793, 5.111 0.7609 0.5793, 5.111 0.7463 0.6187, 5.111 0.6725 0.5793, 5.111 0.6863 0.6187, 5.115 -0.5972 0.54, 5.115 -0.586 0.5307, 5.115 -0.6217 0.6494, 5.115 -0.5339 0.8346, 5.115 -0.5265 0.8306, 5.115 -0.5583 0.9053, 5.115 -0.4668 0.9067, 5.115 -0.4493 0.9161, 5.115 -0.4812 0.9694, 5.115 -0.2632 0.8542, 5.115 -0.2547 0.8361, 5.115 -0.1959 0.8562, 5.115 -0.2489 0.8171, 5.115 -0.2461 0.8009, 5.115 -0.5196 0.6519, 5.115 -0.51 0.6489, 5.115 -0.4886 0.7102, 5.115 -0.2072 0.647, 5.115 -0.2214 0.6427, 5.115 -0.2063 0.5818, 5.115 -0.6228 0.5808, 5.115 -0.6165 0.5659, 5.115 -0.608 0.5523, 5.115 -0.2798 0.6996, 5.115 -0.3116 0.7538, 5.115 -0.4232 0.6238, 5.115 -0.4487 0.6822, 5.115 -0.4232 0.6136, 5.115 -0.4785 0.5227, 5.115 -0.424 0.6005, 5.115 -0.4647 0.5314, 5.115 -0.4532 0.5413, 5.115 -0.5357 0.5737, 5.115 -0.5397 0.5122, 5.115 -0.5265 0.5727, 5.115 -0.5255 0.5112, 5.115 -0.5167 0.5739, 5.115 -0.5533 0.583, 5.115 -0.5452 0.5773, 5.115 -0.5718 0.5221, 5.115 -0.5562 0.5158, 5.115 -0.4898 0.6283, 5.115 -0.4871 0.619, 5.115 -0.4868 0.6091, 5.115 -0.4889 0.5992, 5.115 -0.4935 0.5902, 5.115 -0.6103 0.8416, 5.115 -0.6235 0.9021, 5.115 -0.6434 0.8955, 5.115 -0.2256 0.5788, 5.115 -0.2317 0.6412, 5.115 -0.286 0.5788, 5.115 -0.2778 0.6412, 5.115 -0.2911 0.5796, 5.115 -0.4595 0.9785, 5.115 -0.4307 0.923, 5.115 -0.4371 0.985, 5.115 -0.6365 0.6577, 5.115 -0.6539 0.5922, 5.115 -0.6343 0.5843, 5.115 -0.626 0.8354, 5.115 -0.6625 0.8863, 5.115 -0.6403 0.8267, 5.115 -0.6804 0.8748, 5.115 -0.6531 0.8159, 5.115 -0.4424 0.554, 5.115 -0.4337 0.5684, 5.115 -0.4275 0.584, 5.115 -0.5663 0.6084, 5.115 -0.5641 0.5989, 5.115 -0.5598 0.5904, 5.115 -0.4737 0.703, 5.115 -0.5015 0.6436, 5.115 -0.4603 0.6936, 5.115 -0.1614 0.744, 5.115 -0.1072 0.7776, 5.115 -0.167 0.7578, 5.115 -0.1164 0.7947, 5.115 -0.175 0.7702, 5.115 -0.1281 0.8107, 5.115 -0.1851 0.781, 5.115 -0.1419 0.8251, 5.115 -0.1968 0.7895, 5.115 -0.6613 0.6805, 5.115 -0.7047 0.63, 5.115 -0.6498 0.6681, 5.115 -0.6891 0.615, 5.115 -0.6722 0.6024, 5.115 -0.6029 0.906, 5.115 -0.5939 0.8451, 5.115 -0.5818 0.9074, 5.115 -0.5808 0.846, 5.115 -0.57 0.9067, 5.115 -0.5648 0.8446, 5.115 -0.5493 0.8409, 5.115 -0.566 0.6184, 5.115 -0.5633 0.6281, 5.115 -0.6172 0.6599, 5.115 -0.5583 0.6368, 5.115 -0.5265 0.6525, 5.115 -0.5418 0.7157, 5.115 -0.5362 0.6513, 5.115 -0.5573 0.7118, 5.115 -0.5451 0.6479, 5.115 -0.5046 0.7149, 5.115 -0.5202 0.7169, 5.115 -0.5255 0.717, 5.115 -0.5 0.5828, 5.115 -0.5078 0.5773, 5.115 -0.4935 0.5164, 5.115 -0.5091 0.5126, 5.115 -0.1878 0.5874, 5.115 -0.1701 0.5954, 5.115 -0.1942 0.6538, 5.115 -0.1535 0.606, 5.115 -0.1827 0.663, 5.115 -0.1383 0.6188, 5.115 -0.178 0.6678, 5.115 -0.1324 0.6249, 5.115 -0.1694 0.6795, 5.115 -0.5022 0.9578, 5.115 -0.5132 0.9504, 5.115 -0.4827 0.8951, 5.115 -0.5295 0.9373, 5.115 -0.4968 0.8814, 5.115 -0.5443 0.9223, 5.115 -0.509 0.8659, 5.115 -0.5189 0.8489, 5.115 -0.2049 0.8767, 5.115 -0.2162 0.8962, 5.115 -0.274 0.8709, 5.115 -0.2301 0.915, 5.115 -0.287 0.8859, 5.115 -0.6815 0.7252, 5.115 -0.7423 0.7, 5.115 -0.6771 0.709, 5.115 -0.7357 0.6799, 5.115 -0.67 0.6936, 5.115 -0.7266 0.6607, 5.115 -0.715 0.6427, 5.115 -0.4946 0.6365, 5.115 -0.1593 0.7064, 5.115 -0.0948 0.7132, 5.115 -0.158 0.7211, 5.115 -0.0946 0.7221, 5.115 -0.1585 0.7295, 5.115 -0.0962 0.7412, 5.115 -0.1004 0.7597, 5.115 -0.1202 0.6401, 5.115 -0.1103 0.6567, 5.115 -0.1632 0.6925, 5.115 -0.1026 0.6746, 5.115 -0.0974 0.6935, 5.115 -0.5722 0.7055, 5.115 -0.5848 0.6978, 5.115 -0.5532 0.6423, 5.115 -0.5975 0.6871, 5.115 -0.6084 0.6743, 5.115 -0.2828 0.6422, 5.115 -0.3077 0.5897, 5.115 -0.3046 0.5866, 5.115 -0.3904 0.9903, 5.115 -0.3894 0.9289, 5.115 -0.3833 0.9902, 5.115 -0.3699 0.9276, 5.115 -0.6717 0.7906, 5.115 -0.7344 0.8065, 5.115 -0.678 0.7757, 5.115 -0.7414 0.7866, 5.115 -0.6818 0.76, 5.115 -0.7459 0.7658, 5.115 -0.6832 0.7436, 5.115 -0.7476 0.7459, 5.115 -0.6831 0.7407, 5.115 -0.7477 0.7416, 5.115 -0.7463 0.7206, 5.115 -0.2379 0.8009, 5.115 -0.2234 0.7996, 5.115 -0.192 0.8549, 5.115 -0.2097 0.7958, 5.115 -0.1749 0.8477, 5.115 -0.1576 0.8375, 5.115 -0.3157 0.6105, 5.115 -0.3147 0.6031, 5.115 -0.3121 0.5962, 5.115 -0.2797 0.6415, 5.115 -0.2979 0.5821, 5.115 -0.4141 0.989, 5.115 -0.4112 0.9273, 5.115 -0.3924 0.9289, 5.115 -0.2916 0.6413, 5.115 -0.2986 0.6386, 5.115 -0.3155 0.6136, 5.115 -0.305 0.6342, 5.115 -0.31 0.6286, 5.115 -0.3137 0.6214, 5.115 -0.696 0.8617, 5.115 -0.6995 0.8583, 5.115 -0.663 0.8045, 5.115 -0.7134 0.8425, 5.115 -0.725 0.8253, 5.115 -0.2839 0.6423, 5.115 -0.2464 0.9326, 5.115 -0.2512 0.9371, 5.115 -0.2996 0.8973, 5.115 -0.2707 0.9522, 5.115 -0.3157 0.9084, 5.115 -0.2915 0.965, 5.115 -0.3329 0.9173, 5.115 -0.3135 0.9753, 5.115 -0.3511 0.9237, 5.115 -0.3363 0.983, 5.115 -0.3597 0.988, 5.111 -0.3116 0.7538, 5.111 -0.2798 0.6996, 5.111 -0.4487 0.6822, 5.111 -0.4232 0.6238, 5.111 -0.4785 0.5227, 5.111 -0.4232 0.6136, 5.111 -0.424 0.6005, 5.111 -0.4647 0.5314, 5.111 -0.4532 0.5413, 5.111 -0.5362 0.6513, 5.111 -0.5451 0.6479, 5.111 -0.6217 0.6494, 5.111 -0.5532 0.6423, 5.111 -0.4493 0.9161, 5.111 -0.4668 0.9067, 5.111 -0.5022 0.9578, 5.111 -0.5972 0.54, 5.111 -0.608 0.5523, 5.111 -0.5633 0.6281, 5.111 -0.6165 0.5659, 5.111 -0.6228 0.5808, 5.111 -0.4935 0.5902, 5.111 -0.4889 0.5992, 5.111 -0.4868 0.6091, 5.111 -0.4871 0.619, 5.111 -0.6771 0.709, 5.111 -0.67 0.6936, 5.111 -0.7266 0.6607, 5.111 -0.4275 0.584, 5.111 -0.4337 0.5684, 5.111 -0.4424 0.554, 5.111 -0.5265 0.5727, 5.111 -0.5167 0.5739, 5.111 -0.5091 0.5126, 5.111 -0.626 0.8354, 5.111 -0.6434 0.8955, 5.111 -0.6103 0.8416, 5.111 -0.6235 0.9021, 5.111 -0.5939 0.8451, 5.111 -0.6029 0.906, 5.111 -0.5808 0.846, 5.111 -0.715 0.6427, 5.111 -0.6613 0.6805, 5.111 -0.7047 0.63, 5.111 -0.6498 0.6681, 5.111 -0.6891 0.615, 5.111 -0.6722 0.6024, 5.111 -0.6365 0.6577, 5.111 -0.6539 0.5922, 5.111 -0.6343 0.5843, 5.111 -0.5583 0.6368, 5.111 -0.274 0.8709, 5.111 -0.2162 0.8962, 5.111 -0.2632 0.8542, 5.111 -0.2049 0.8767, 5.111 -0.2547 0.8361, 5.111 -0.1959 0.8562, 5.111 -0.2489 0.8171, 5.111 -0.5132 0.9504, 5.111 -0.4827 0.8951, 5.111 -0.5295 0.9373, 5.111 -0.2097 0.7958, 5.111 -0.2234 0.7996, 5.111 -0.566 0.6184, 5.111 -0.5663 0.6084, 5.111 -0.5641 0.5989, 5.111 -0.5443 0.9223, 5.111 -0.4968 0.8814, 5.111 -0.5583 0.9053, 5.111 -0.509 0.8659, 5.111 -0.5189 0.8489, 5.111 -0.1632 0.6925, 5.111 -0.1103 0.6567, 5.111 -0.1694 0.6795, 5.111 -0.1202 0.6401, 5.111 -0.178 0.6678, 5.111 -0.1324 0.6249, 5.111 -0.1827 0.663, 5.111 -0.1383 0.6188, 5.111 -0.1942 0.6538, 5.111 -0.167 0.7578, 5.111 -0.1072 0.7776, 5.111 -0.1614 0.744, 5.111 -0.1004 0.7597, 5.111 -0.1585 0.7295, 5.111 -0.0962 0.7412, 5.111 -0.158 0.7211, 5.111 -0.2379 0.8009, 5.111 -0.2461 0.8009, 5.111 -0.5452 0.5773, 5.111 -0.586 0.5307, 5.111 -0.5533 0.583, 5.111 -0.5598 0.5904, 5.111 -0.5265 0.6525, 5.111 -0.5202 0.7169, 5.111 -0.5196 0.6519, 5.111 -0.5046 0.7149, 5.111 -0.51 0.6489, 5.111 -0.5818 0.9074, 5.111 -0.57 0.9067, 5.111 -0.5648 0.8446, 5.111 -0.5493 0.8409, 5.111 -0.4935 0.5164, 5.111 -0.5078 0.5773, 5.111 -0.5 0.5828, 5.111 -0.4886 0.7102, 5.111 -0.4737 0.703, 5.111 -0.5015 0.6436, 5.111 -0.4603 0.6936, 5.111 -0.4946 0.6365, 5.111 -0.4898 0.6283, 5.111 -0.5722 0.7055, 5.111 -0.5573 0.7118, 5.111 -0.5339 0.8346, 5.111 -0.5265 0.8306, 5.111 -0.3046 0.5866, 5.111 -0.3077 0.5897, 5.111 -0.2828 0.6422, 5.111 -0.3121 0.5962, 5.111 -0.0946 0.7221, 5.111 -0.0948 0.7132, 5.111 -0.1593 0.7064, 5.111 -0.0974 0.6935, 5.111 -0.1026 0.6746, 5.111 -0.192 0.8549, 5.111 -0.1749 0.8477, 5.111 -0.1968 0.7895, 5.111 -0.1576 0.8375, 5.111 -0.1851 0.781, 5.111 -0.1419 0.8251, 5.111 -0.175 0.7702, 5.111 -0.1281 0.8107, 5.111 -0.1164 0.7947, 5.111 -0.5255 0.5112, 5.111 -0.5397 0.5122, 5.111 -0.5357 0.5737, 5.111 -0.5562 0.5158, 5.111 -0.5718 0.5221, 5.111 -0.6084 0.6743, 5.111 -0.5975 0.6871, 5.111 -0.5848 0.6978, 5.111 -0.5418 0.7157, 5.111 -0.5255 0.717, 5.111 -0.678 0.7757, 5.111 -0.7344 0.8065, 5.111 -0.6717 0.7906, 5.111 -0.725 0.8253, 5.111 -0.663 0.8045, 5.111 -0.7357 0.6799, 5.111 -0.7423 0.7, 5.111 -0.6815 0.7252, 5.111 -0.7463 0.7206, 5.111 -0.6831 0.7407, 5.111 -0.7477 0.7416, 5.111 -0.6832 0.7436, 5.111 -0.7476 0.7459, 5.111 -0.6818 0.76, 5.111 -0.7459 0.7658, 5.111 -0.7414 0.7866, 5.111 -0.1535 0.606, 5.111 -0.1701 0.5954, 5.111 -0.2072 0.647, 5.111 -0.1878 0.5874, 5.111 -0.2214 0.6427, 5.111 -0.2063 0.5818, 5.111 -0.2317 0.6412, 5.111 -0.2256 0.5788, 5.111 -0.2778 0.6412, 5.111 -0.286 0.5788, 5.111 -0.2797 0.6415, 5.111 -0.2911 0.5796, 5.111 -0.2979 0.5821, 5.111 -0.3147 0.6031, 5.111 -0.3157 0.6105, 5.111 -0.3155 0.6136, 5.111 -0.6172 0.6599, 5.111 -0.7134 0.8425, 5.111 -0.6995 0.8583, 5.111 -0.6531 0.8159, 5.111 -0.696 0.8617, 5.111 -0.6403 0.8267, 5.111 -0.6804 0.8748, 5.111 -0.6625 0.8863, 5.111 -0.3137 0.6214, 5.111 -0.31 0.6286, 5.111 -0.305 0.6342, 5.111 -0.2986 0.6386, 5.111 -0.2996 0.8973, 5.111 -0.2512 0.9371, 5.111 -0.287 0.8859, 5.111 -0.2464 0.9326, 5.111 -0.2301 0.915, 5.111 -0.4812 0.9694, 5.111 -0.4595 0.9785, 5.111 -0.4307 0.923, 5.111 -0.4371 0.985, 5.111 -0.4112 0.9273, 5.111 -0.4141 0.989, 5.111 -0.3924 0.9289, 5.111 -0.3904 0.9903, 5.111 -0.3894 0.9289, 5.111 -0.3833 0.9902, 5.111 -0.3699 0.9276, 5.111 -0.3597 0.988, 5.111 -0.3511 0.9237, 5.111 -0.3363 0.983, 5.111 -0.3329 0.9173, 5.111 -0.3135 0.9753, 5.111 -0.3157 0.9084, 5.111 -0.2915 0.965, 5.111 -0.2707 0.9522, 5.111 -0.2916 0.6413, 5.111 -0.2839 0.6423
            ]
        }
        coordIndex [
            0,1,2,-1,2,1,3,-1,4,0,5,-1,5,0,2,-1,6,4,7,-1,7,4,5,-1,8,6,9,-1,9,6,7,-1,10,8,11,-1,11,8,9,-1,1,10,3,-1,3,10,11,-1,6,8,4,-1,4,8,10,-1,4,10,0,-1,0,10,1,-1,2,3,5,-1,5,3,11,-1,5,11,7,-1,7,11,9,-1,12,13,14,-1,12,14,15,-1,15,14,16,-1,15,16,17,-1,17,16,18,-1,17,18,19,-1,19,18,20,-1,19,20,21,-1,21,20,22,-1,21,22,23,-1,23,22,24,-1,23,24,25,-1,26,25,27,-1,27,25,24,-1,26,27,28,-1,26,28,29,-1,29,28,30,-1,29,30,31,-1,31,30,32,-1,31,32,33,-1,33,32,34,-1,33,34,35,-1,35,34,36,-1,35,36,37,-1,37,36,38,-1,37,38,39,-1,39,38,40,-1,39,40,41,-1,41,40,42,-1,41,42,43,-1,43,42,44,-1,43,44,45,-1,45,44,46,-1,45,46,47,-1,47,46,48,-1,47,48,49,-1,49,48,50,-1,49,50,51,-1,51,50,52,-1,51,52,53,-1,53,52,54,-1,53,54,55,-1,55,54,56,-1,55,56,57,-1,57,56,58,-1,57,58,59,-1,59,58,60,-1,59,60,61,-1,61,60,62,-1,61,62,63,-1,63,62,64,-1,63,64,65,-1,65,64,66,-1,65,66,67,-1,67,66,68,-1,67,68,69,-1,69,68,70,-1,69,70,71,-1,71,70,72,-1,71,72,73,-1,73,72,74,-1,73,74,75,-1,75,74,76,-1,75,76,77,-1,77,76,78,-1,77,78,79,-1,79,78,80,-1,79,80,81,-1,81,80,82,-1,81,82,83,-1,83,82,84,-1,83,84,85,-1,85,84,86,-1,85,86,87,-1,87,86,88,-1,87,88,89,-1,89,88,90,-1,89,90,91,-1,91,90,92,-1,91,92,93,-1,93,92,94,-1,93,94,95,-1,95,94,96,-1,95,96,97,-1,97,96,98,-1,97,98,99,-1,99,98,100,-1,99,100,101,-1,101,100,102,-1,101,102,103,-1,103,102,104,-1,103,104,105,-1,105,104,106,-1,105,106,107,-1,107,106,108,-1,107,108,109,-1,109,108,110,-1,109,110,111,-1,111,110,112,-1,111,112,113,-1,113,112,114,-1,113,114,115,-1,116,115,117,-1,117,115,114,-1,116,117,118,-1,116,118,119,-1,119,118,120,-1,119,120,121,-1,121,120,122,-1,121,122,123,-1,123,122,124,-1,123,124,125,-1,125,124,126,-1,125,126,127,-1,127,126,128,-1,127,128,129,-1,129,128,130,-1,129,130,131,-1,131,130,132,-1,131,132,133,-1,133,132,134,-1,133,134,135,-1,135,134,136,-1,135,136,137,-1,137,136,138,-1,137,138,139,-1,139,138,140,-1,139,140,141,-1,141,140,142,-1,141,142,143,-1,143,142,144,-1,143,144,145,-1,145,144,146,-1,145,146,147,-1,147,146,148,-1,147,148,149,-1,149,148,150,-1,149,150,151,-1,151,150,152,-1,151,152,153,-1,153,152,154,-1,153,154,155,-1,155,154,156,-1,155,156,157,-1,157,156,158,-1,157,158,159,-1,159,158,160,-1,159,160,161,-1,161,160,162,-1,161,162,163,-1,163,162,164,-1,163,164,165,-1,165,164,166,-1,165,166,167,-1,167,166,168,-1,167,168,169,-1,169,168,170,-1,169,170,171,-1,171,170,172,-1,171,172,173,-1,173,172,174,-1,173,174,175,-1,175,174,176,-1,175,176,177,-1,177,176,178,-1,177,178,179,-1,179,178,180,-1,179,180,181,-1,181,180,182,-1,181,182,183,-1,183,182,184,-1,183,184,185,-1,185,184,186,-1,185,186,187,-1,187,186,188,-1,187,188,189,-1,189,188,190,-1,189,190,191,-1,191,190,192,-1,191,192,193,-1,193,192,194,-1,193,194,195,-1,195,194,196,-1,195,196,197,-1,197,196,13,-1,197,13,12,-1,113,115,116,-1,57,177,179,-1,57,179,55,-1,55,179,181,-1,55,181,53,-1,53,181,183,-1,53,183,51,-1,51,183,185,-1,51,185,49,-1,49,185,187,-1,49,187,47,-1,33,21,31,-1,31,21,23,-1,31,23,29,-1,29,23,25,-1,29,25,26,-1,187,189,47,-1,47,189,191,-1,47,191,45,-1,45,191,193,-1,45,193,43,-1,43,193,195,-1,43,195,41,-1,41,195,197,-1,41,197,39,-1,39,197,12,-1,39,12,37,-1,37,12,15,-1,37,15,35,-1,35,15,17,-1,35,17,33,-1,33,17,19,-1,33,19,21,-1,89,143,87,-1,87,143,145,-1,87,145,85,-1,85,145,147,-1,85,147,83,-1,83,147,149,-1,83,149,81,-1,81,149,151,-1,81,151,79,-1,79,151,153,-1,79,153,77,-1,77,153,155,-1,77,155,75,-1,113,116,111,-1,111,116,119,-1,111,119,109,-1,109,119,121,-1,109,121,107,-1,107,121,123,-1,107,123,105,-1,105,123,125,-1,105,125,103,-1,103,125,127,-1,103,127,101,-1,101,127,129,-1,101,129,99,-1,99,129,131,-1,99,131,97,-1,97,131,133,-1,97,133,95,-1,95,133,135,-1,95,135,93,-1,93,135,137,-1,93,137,91,-1,91,137,139,-1,91,139,89,-1,89,139,141,-1,89,141,143,-1,177,57,175,-1,175,57,59,-1,175,59,173,-1,173,59,61,-1,173,61,171,-1,171,61,63,-1,171,63,169,-1,169,63,65,-1,169,65,167,-1,167,65,165,-1,165,65,67,-1,165,67,163,-1,155,157,75,-1,75,157,159,-1,75,159,73,-1,73,159,161,-1,73,161,71,-1,71,161,163,-1,71,163,69,-1,69,163,67,-1,28,27,24,-1,28,24,30,-1,44,190,46,-1,46,190,188,-1,46,188,48,-1,48,188,186,-1,48,186,50,-1,50,186,184,-1,50,184,52,-1,52,184,182,-1,52,182,54,-1,114,112,117,-1,117,112,110,-1,117,110,118,-1,118,110,108,-1,182,180,54,-1,54,180,178,-1,54,178,56,-1,56,178,176,-1,56,176,58,-1,58,176,174,-1,58,174,60,-1,60,174,172,-1,60,172,62,-1,24,22,30,-1,30,22,20,-1,30,20,32,-1,32,20,18,-1,32,18,34,-1,34,18,16,-1,34,16,36,-1,36,16,14,-1,36,14,38,-1,38,14,13,-1,38,13,40,-1,40,13,196,-1,40,196,42,-1,42,196,194,-1,42,194,44,-1,44,194,192,-1,44,192,190,-1,82,146,84,-1,84,146,144,-1,84,144,86,-1,86,144,142,-1,86,142,88,-1,88,142,140,-1,88,140,90,-1,90,140,138,-1,90,138,92,-1,92,138,136,-1,92,136,94,-1,94,136,134,-1,94,134,96,-1,96,134,132,-1,96,132,98,-1,98,132,130,-1,98,130,100,-1,100,130,128,-1,100,128,102,-1,102,128,126,-1,102,126,104,-1,104,126,124,-1,104,124,106,-1,106,124,122,-1,106,122,108,-1,108,122,120,-1,108,120,118,-1,162,160,72,-1,72,160,158,-1,72,158,74,-1,74,158,156,-1,74,156,76,-1,76,156,154,-1,76,154,78,-1,78,154,152,-1,78,152,80,-1,80,152,150,-1,80,150,82,-1,82,150,148,-1,82,148,146,-1,172,170,62,-1,62,170,168,-1,62,168,64,-1,64,168,166,-1,64,166,66,-1,66,166,164,-1,66,164,68,-1,68,164,162,-1,68,162,70,-1,70,162,72,-1,198,199,200,-1,200,199,201,-1,202,198,203,-1,203,198,200,-1,204,202,205,-1,205,202,203,-1,206,204,207,-1,207,204,205,-1,208,206,209,-1,209,206,207,-1,210,208,211,-1,211,208,209,-1,212,210,213,-1,213,210,211,-1,214,212,215,-1,215,212,213,-1,216,214,217,-1,217,214,215,-1,218,216,219,-1,219,216,217,-1,220,218,221,-1,221,218,219,-1,199,220,201,-1,201,220,221,-1,206,208,204,-1,204,208,210,-1,199,198,220,-1,220,198,202,-1,214,216,212,-1,212,216,218,-1,212,218,210,-1,210,218,220,-1,210,220,204,-1,204,220,202,-1,219,217,215,-1,215,213,219,-1,219,213,211,-1,219,211,221,-1,200,201,203,-1,203,201,221,-1,203,221,205,-1,205,221,211,-1,205,211,207,-1,207,211,209,-1,222,223,224,-1,224,223,225,-1,224,225,226,-1,226,225,227,-1,226,227,228,-1,228,227,229,-1,228,229,230,-1,230,229,231,-1,230,231,232,-1,232,231,233,-1,232,233,234,-1,234,233,235,-1,234,235,236,-1,236,235,237,-1,236,237,238,-1,239,240,241,-1,241,240,242,-1,241,242,243,-1,243,242,244,-1,243,244,245,-1,245,244,246,-1,245,246,247,-1,246,248,247,-1,247,248,249,-1,247,249,250,-1,250,249,251,-1,250,251,252,-1,252,251,253,-1,252,253,254,-1,254,253,255,-1,254,255,256,-1,256,255,257,-1,256,257,258,-1,258,257,259,-1,258,259,260,-1,260,259,261,-1,260,261,262,-1,262,261,263,-1,262,263,264,-1,264,263,265,-1,264,265,266,-1,266,265,267,-1,266,267,268,-1,268,267,269,-1,268,269,270,-1,270,269,271,-1,270,271,272,-1,272,271,273,-1,272,273,274,-1,274,273,275,-1,274,275,276,-1,276,275,277,-1,276,277,278,-1,278,277,279,-1,278,279,280,-1,280,279,281,-1,280,281,222,-1,222,281,282,-1,222,282,223,-1,237,283,238,-1,238,283,284,-1,238,284,285,-1,285,284,286,-1,285,286,287,-1,287,286,288,-1,287,288,289,-1,289,288,290,-1,289,290,291,-1,291,290,292,-1,291,292,293,-1,293,292,294,-1,293,294,239,-1,239,294,295,-1,239,295,240,-1,296,297,298,-1,298,297,299,-1,298,299,300,-1,300,299,301,-1,300,301,302,-1,302,301,303,-1,302,303,304,-1,304,303,305,-1,304,305,306,-1,306,305,307,-1,306,307,308,-1,309,310,311,-1,311,310,312,-1,311,312,313,-1,313,312,314,-1,313,314,315,-1,315,314,316,-1,315,316,317,-1,317,316,318,-1,317,318,319,-1,319,318,320,-1,319,320,321,-1,321,320,322,-1,321,322,323,-1,323,322,324,-1,323,324,325,-1,325,324,326,-1,325,326,327,-1,327,326,328,-1,327,328,329,-1,329,328,330,-1,329,330,331,-1,331,330,332,-1,331,332,333,-1,333,332,334,-1,333,334,335,-1,335,334,336,-1,335,336,337,-1,337,336,338,-1,337,338,296,-1,296,338,339,-1,296,339,297,-1,340,341,342,-1,342,341,343,-1,342,343,344,-1,344,343,345,-1,344,345,346,-1,346,345,347,-1,346,347,348,-1,348,347,349,-1,348,349,350,-1,350,349,351,-1,350,351,352,-1,352,351,353,-1,352,353,354,-1,354,353,355,-1,354,355,309,-1,309,355,356,-1,309,356,310,-1,307,357,308,-1,308,357,358,-1,308,358,359,-1,359,358,360,-1,359,360,361,-1,361,360,362,-1,361,362,363,-1,363,362,364,-1,363,364,365,-1,365,364,366,-1,365,366,367,-1,367,366,368,-1,367,368,340,-1,340,368,369,-1,340,369,341,-1,275,273,320,-1,320,273,322,-1,275,320,318,-1,275,318,277,-1,277,318,316,-1,277,316,279,-1,279,316,314,-1,279,314,281,-1,281,314,312,-1,281,312,282,-1,282,312,310,-1,282,310,223,-1,223,310,356,-1,223,356,225,-1,225,356,355,-1,225,355,227,-1,227,355,353,-1,227,353,229,-1,229,353,351,-1,229,351,231,-1,231,351,349,-1,231,349,233,-1,233,349,347,-1,233,347,235,-1,235,347,345,-1,235,345,237,-1,237,345,343,-1,237,343,283,-1,283,343,341,-1,283,341,284,-1,284,341,369,-1,284,369,286,-1,286,369,368,-1,286,368,288,-1,288,368,366,-1,288,366,290,-1,290,366,364,-1,290,364,292,-1,292,364,362,-1,292,362,294,-1,294,362,360,-1,294,360,295,-1,295,360,358,-1,295,358,240,-1,240,358,357,-1,240,357,242,-1,242,357,307,-1,242,307,244,-1,244,307,305,-1,244,305,246,-1,246,305,303,-1,246,303,248,-1,248,303,301,-1,248,301,249,-1,249,301,299,-1,249,299,251,-1,251,299,297,-1,251,297,253,-1,253,297,339,-1,253,339,255,-1,255,339,338,-1,255,338,257,-1,257,338,336,-1,257,336,259,-1,259,336,334,-1,259,334,261,-1,261,334,332,-1,261,332,263,-1,263,332,330,-1,263,330,265,-1,265,330,328,-1,265,328,267,-1,267,328,326,-1,267,326,269,-1,271,269,324,-1,324,269,326,-1,273,271,322,-1,322,271,324,-1,268,270,325,-1,325,270,323,-1,270,272,323,-1,323,272,321,-1,272,274,321,-1,321,274,319,-1,230,350,352,-1,230,352,228,-1,228,352,354,-1,228,354,226,-1,226,354,309,-1,226,309,224,-1,224,309,311,-1,224,311,222,-1,222,311,313,-1,222,313,280,-1,280,313,315,-1,280,315,278,-1,278,315,317,-1,278,317,276,-1,276,317,319,-1,276,319,274,-1,291,363,365,-1,291,365,289,-1,289,365,367,-1,289,367,287,-1,287,367,340,-1,287,340,285,-1,285,340,342,-1,285,342,238,-1,238,342,344,-1,238,344,236,-1,236,344,346,-1,236,346,234,-1,234,346,348,-1,234,348,232,-1,232,348,350,-1,232,350,230,-1,252,298,300,-1,252,300,250,-1,250,300,302,-1,250,302,247,-1,247,302,304,-1,247,304,245,-1,245,304,306,-1,245,306,243,-1,243,306,308,-1,243,308,241,-1,241,308,359,-1,241,359,239,-1,239,359,361,-1,239,361,293,-1,293,361,363,-1,293,363,291,-1,268,325,327,-1,268,327,266,-1,266,327,329,-1,266,329,264,-1,264,329,331,-1,264,331,262,-1,262,331,333,-1,262,333,260,-1,260,333,335,-1,260,335,258,-1,258,335,337,-1,258,337,256,-1,256,337,296,-1,256,296,254,-1,254,296,298,-1,254,298,252,-1,370,371,372,-1,372,371,373,-1,374,375,370,-1,370,375,376,-1,370,376,371,-1,371,376,377,-1,374,378,375,-1,375,378,379,-1,375,379,380,-1,380,379,381,-1,380,381,382,-1,382,383,380,-1,380,383,372,-1,380,372,384,-1,384,372,373,-1,384,373,385,-1,386,387,388,-1,387,389,388,-1,388,389,390,-1,388,390,391,-1,391,390,392,-1,391,392,393,-1,393,394,391,-1,391,394,395,-1,391,395,396,-1,397,398,399,-1,400,396,401,-1,401,396,395,-1,401,395,399,-1,399,395,386,-1,399,386,397,-1,397,386,388,-1,380,384,388,-1,388,384,397,-1,375,380,391,-1,391,380,388,-1,376,375,396,-1,396,375,391,-1,377,376,400,-1,400,376,396,-1,371,377,401,-1,401,377,400,-1,373,371,399,-1,399,371,401,-1,385,373,398,-1,398,373,399,-1,384,385,397,-1,397,385,398,-1,370,372,395,-1,395,372,386,-1,372,383,386,-1,386,383,387,-1,381,390,389,-1,381,389,382,-1,382,389,387,-1,382,387,383,-1,381,379,390,-1,390,379,392,-1,374,394,393,-1,374,393,378,-1,378,393,392,-1,378,392,379,-1,374,370,394,-1,394,370,395,-1,402,403,404,-1,404,403,405,-1,406,402,407,-1,407,402,404,-1,408,406,409,-1,409,406,407,-1,410,408,411,-1,411,408,409,-1,412,410,413,-1,413,410,411,-1,414,412,415,-1,415,412,413,-1,416,414,417,-1,417,414,415,-1,418,416,419,-1,419,416,417,-1,420,418,421,-1,421,418,419,-1,422,420,423,-1,423,420,421,-1,424,422,425,-1,425,422,423,-1,403,424,405,-1,405,424,425,-1,410,412,408,-1,408,412,414,-1,403,402,424,-1,424,402,406,-1,418,420,416,-1,416,420,422,-1,416,422,414,-1,414,422,424,-1,414,424,408,-1,408,424,406,-1,423,421,419,-1,419,417,423,-1,423,417,415,-1,423,415,425,-1,404,405,407,-1,407,405,425,-1,407,425,409,-1,409,425,415,-1,409,415,411,-1,411,415,413,-1,426,427,428,-1,428,427,429,-1,430,431,432,-1,433,434,435,-1,435,434,436,-1,432,431,437,-1,437,431,438,-1,437,438,439,-1,439,438,440,-1,439,440,441,-1,442,443,444,-1,434,445,436,-1,436,445,446,-1,436,446,447,-1,433,435,448,-1,448,435,449,-1,448,449,450,-1,450,449,451,-1,450,451,452,-1,441,440,453,-1,453,440,454,-1,453,454,455,-1,455,454,456,-1,455,456,457,-1,446,458,447,-1,447,458,459,-1,447,459,460,-1,460,459,461,-1,460,461,462,-1,428,463,464,-1,464,463,465,-1,464,465,466,-1,467,468,469,-1,469,468,470,-1,469,470,471,-1,471,470,472,-1,471,472,473,-1,474,475,429,-1,429,475,476,-1,429,476,428,-1,428,476,477,-1,428,477,463,-1,457,456,478,-1,478,456,479,-1,478,479,480,-1,480,479,481,-1,480,481,482,-1,483,484,485,-1,485,484,486,-1,485,486,487,-1,487,486,488,-1,487,488,489,-1,444,490,442,-1,442,490,491,-1,442,491,483,-1,483,491,492,-1,483,492,484,-1,493,494,495,-1,495,494,496,-1,495,496,443,-1,443,496,497,-1,443,497,444,-1,498,499,500,-1,500,499,452,-1,500,452,501,-1,501,452,451,-1,472,502,473,-1,473,502,503,-1,473,503,504,-1,504,503,505,-1,504,505,506,-1,506,505,466,-1,506,466,507,-1,507,466,465,-1,482,481,508,-1,508,481,509,-1,508,509,510,-1,510,499,508,-1,508,499,498,-1,508,498,429,-1,429,498,511,-1,429,511,474,-1,488,512,489,-1,489,512,513,-1,489,513,514,-1,514,513,515,-1,514,515,516,-1,516,515,517,-1,516,517,467,-1,467,517,518,-1,467,518,468,-1,461,519,462,-1,462,519,520,-1,462,520,521,-1,521,520,522,-1,521,522,523,-1,432,524,430,-1,430,524,525,-1,430,525,526,-1,526,525,527,-1,526,527,528,-1,528,527,529,-1,528,529,530,-1,530,529,531,-1,530,531,532,-1,532,531,533,-1,532,533,534,-1,534,533,535,-1,534,535,536,-1,536,535,537,-1,536,537,538,-1,538,537,539,-1,538,539,540,-1,540,539,541,-1,540,541,542,-1,542,541,543,-1,542,543,544,-1,522,545,523,-1,523,545,546,-1,523,546,493,-1,493,546,547,-1,493,547,494,-1,548,549,550,-1,551,552,553,-1,553,552,554,-1,553,554,555,-1,556,557,558,-1,559,560,561,-1,561,560,562,-1,561,562,563,-1,554,564,555,-1,555,564,565,-1,555,565,566,-1,566,565,567,-1,566,567,568,-1,569,570,571,-1,571,570,572,-1,571,572,573,-1,573,572,574,-1,573,574,551,-1,551,574,575,-1,551,575,552,-1,576,556,577,-1,577,556,558,-1,577,558,578,-1,578,558,579,-1,580,581,582,-1,582,581,583,-1,582,583,584,-1,584,583,585,-1,584,585,586,-1,586,585,587,-1,586,587,588,-1,588,587,589,-1,590,591,580,-1,580,591,592,-1,580,592,581,-1,593,594,559,-1,559,594,595,-1,559,595,560,-1,596,597,593,-1,593,597,598,-1,593,598,594,-1,599,600,601,-1,601,600,558,-1,601,558,602,-1,602,558,557,-1,603,604,590,-1,590,604,605,-1,590,605,591,-1,567,606,568,-1,568,606,607,-1,568,607,608,-1,608,607,609,-1,608,609,610,-1,610,609,600,-1,610,600,611,-1,562,612,563,-1,563,612,613,-1,563,613,614,-1,611,600,615,-1,615,600,599,-1,615,599,589,-1,589,599,616,-1,589,616,588,-1,548,550,617,-1,617,550,618,-1,617,618,619,-1,619,618,620,-1,619,620,621,-1,621,620,622,-1,621,622,623,-1,623,622,624,-1,623,624,625,-1,625,624,626,-1,625,626,627,-1,627,626,628,-1,627,628,629,-1,629,628,630,-1,629,630,569,-1,569,630,631,-1,569,631,570,-1,632,633,634,-1,634,633,635,-1,634,635,603,-1,603,635,636,-1,603,636,604,-1,613,637,614,-1,614,637,638,-1,614,638,639,-1,639,638,640,-1,639,640,632,-1,632,640,641,-1,632,641,633,-1,642,643,644,-1,644,643,645,-1,644,645,646,-1,646,645,647,-1,646,647,648,-1,648,647,649,-1,648,649,650,-1,651,652,653,-1,653,652,654,-1,653,654,655,-1,655,654,656,-1,655,656,596,-1,596,656,657,-1,596,657,597,-1,649,658,650,-1,650,658,659,-1,650,659,660,-1,660,659,661,-1,660,661,662,-1,662,661,663,-1,662,663,651,-1,651,663,664,-1,651,664,652,-1,644,665,642,-1,642,665,666,-1,642,666,667,-1,667,666,668,-1,667,668,577,-1,577,668,669,-1,577,669,576,-1,529,630,628,-1,529,628,531,-1,531,628,626,-1,531,626,533,-1,533,626,624,-1,533,624,535,-1,535,624,622,-1,535,622,537,-1,537,622,620,-1,537,620,539,-1,539,620,618,-1,539,618,541,-1,541,618,550,-1,541,550,543,-1,544,543,549,-1,549,543,550,-1,544,549,548,-1,544,548,542,-1,542,548,617,-1,542,617,540,-1,540,617,619,-1,540,619,538,-1,538,619,621,-1,538,621,536,-1,536,621,623,-1,536,623,534,-1,534,623,625,-1,534,625,532,-1,532,625,627,-1,532,627,530,-1,530,627,629,-1,530,629,528,-1,528,629,569,-1,528,569,526,-1,526,569,571,-1,526,571,430,-1,430,571,573,-1,430,573,431,-1,431,573,551,-1,431,551,438,-1,438,551,553,-1,438,553,440,-1,440,553,555,-1,440,555,454,-1,454,555,566,-1,454,566,456,-1,456,566,568,-1,456,568,479,-1,479,568,608,-1,479,608,481,-1,481,608,610,-1,481,610,509,-1,509,610,611,-1,509,611,510,-1,510,611,615,-1,510,615,499,-1,452,499,589,-1,589,499,615,-1,452,589,587,-1,452,587,450,-1,450,587,585,-1,450,585,448,-1,448,585,583,-1,448,583,433,-1,433,583,581,-1,433,581,434,-1,434,581,592,-1,434,592,445,-1,445,592,591,-1,445,591,446,-1,446,591,605,-1,446,605,458,-1,458,605,604,-1,458,604,459,-1,459,604,636,-1,459,636,461,-1,461,636,635,-1,461,635,519,-1,519,635,633,-1,519,633,520,-1,520,633,641,-1,520,641,522,-1,522,641,640,-1,522,640,545,-1,545,640,638,-1,545,638,546,-1,546,638,637,-1,546,637,547,-1,547,637,613,-1,547,613,494,-1,494,613,612,-1,494,612,496,-1,496,612,562,-1,496,562,497,-1,497,562,560,-1,497,560,444,-1,444,560,595,-1,444,595,490,-1,490,595,594,-1,490,594,491,-1,491,594,598,-1,491,598,492,-1,492,598,597,-1,492,597,484,-1,484,597,657,-1,484,657,486,-1,486,657,656,-1,486,656,488,-1,488,656,654,-1,488,654,512,-1,512,654,652,-1,512,652,513,-1,513,652,664,-1,513,664,515,-1,515,664,663,-1,515,663,517,-1,517,663,661,-1,517,661,518,-1,518,661,659,-1,518,659,468,-1,468,659,658,-1,468,658,470,-1,470,658,649,-1,470,649,472,-1,472,649,647,-1,472,647,502,-1,502,647,645,-1,502,645,503,-1,503,645,643,-1,503,643,505,-1,505,643,642,-1,505,642,466,-1,466,642,667,-1,466,667,464,-1,428,464,577,-1,577,464,667,-1,426,428,578,-1,578,428,577,-1,427,426,579,-1,579,426,578,-1,429,427,558,-1,558,427,579,-1,429,558,600,-1,429,600,508,-1,508,600,609,-1,508,609,482,-1,482,609,607,-1,482,607,480,-1,480,607,606,-1,480,606,478,-1,478,606,567,-1,478,567,457,-1,457,567,565,-1,457,565,455,-1,455,565,564,-1,455,564,453,-1,453,564,554,-1,453,554,441,-1,441,554,552,-1,441,552,439,-1,439,552,575,-1,439,575,437,-1,437,575,574,-1,437,574,432,-1,432,574,572,-1,432,572,524,-1,524,572,570,-1,524,570,525,-1,525,570,631,-1,525,631,527,-1,527,631,630,-1,527,630,529,-1,436,580,582,-1,436,582,435,-1,435,582,584,-1,435,584,449,-1,449,584,586,-1,449,586,451,-1,451,586,588,-1,451,588,501,-1,501,588,616,-1,501,616,500,-1,523,639,632,-1,523,632,521,-1,521,632,634,-1,521,634,462,-1,462,634,603,-1,462,603,460,-1,460,603,590,-1,460,590,447,-1,447,590,580,-1,447,580,436,-1,483,593,559,-1,483,559,442,-1,442,559,561,-1,442,561,443,-1,443,561,563,-1,443,563,495,-1,495,563,614,-1,495,614,493,-1,493,614,639,-1,493,639,523,-1,516,662,651,-1,516,651,514,-1,514,651,653,-1,514,653,489,-1,489,653,655,-1,489,655,487,-1,487,655,596,-1,487,596,485,-1,485,596,593,-1,485,593,483,-1,507,666,665,-1,507,665,506,-1,506,665,644,-1,506,644,504,-1,504,644,646,-1,504,646,473,-1,473,646,648,-1,473,648,471,-1,471,648,650,-1,471,650,469,-1,469,650,660,-1,469,660,467,-1,467,660,662,-1,467,662,516,-1,511,601,602,-1,511,602,474,-1,474,602,557,-1,474,557,475,-1,475,557,556,-1,475,556,476,-1,476,556,576,-1,476,576,477,-1,477,576,669,-1,477,669,463,-1,463,669,668,-1,463,668,465,-1,465,668,666,-1,465,666,507,-1,511,498,601,-1,601,498,599,-1,498,500,599,-1,599,500,616,-1,670,671,672,-1,670,672,673,-1,673,672,674,-1,673,674,675,-1,675,674,676,-1,675,676,677,-1,677,676,678,-1,677,678,679,-1,679,678,680,-1,679,680,681,-1,681,680,682,-1,681,682,683,-1,683,682,684,-1,683,684,685,-1,686,685,687,-1,687,685,684,-1,686,687,688,-1,686,688,689,-1,689,688,690,-1,689,690,691,-1,691,690,692,-1,691,692,693,-1,693,692,694,-1,693,694,695,-1,695,694,696,-1,695,696,697,-1,697,696,698,-1,697,698,699,-1,699,698,700,-1,699,700,701,-1,701,700,702,-1,701,702,703,-1,703,702,704,-1,703,704,705,-1,705,704,706,-1,705,706,707,-1,707,706,708,-1,707,708,709,-1,709,708,710,-1,709,710,711,-1,711,710,712,-1,711,712,713,-1,713,712,714,-1,713,714,715,-1,715,714,716,-1,715,716,717,-1,717,716,718,-1,717,718,719,-1,719,718,720,-1,719,720,721,-1,721,720,722,-1,721,722,723,-1,723,722,724,-1,723,724,725,-1,725,724,726,-1,725,726,727,-1,727,726,728,-1,727,728,729,-1,729,728,730,-1,729,730,731,-1,731,730,732,-1,731,732,733,-1,733,732,734,-1,733,734,735,-1,735,734,736,-1,735,736,737,-1,737,736,738,-1,737,738,739,-1,739,738,740,-1,739,740,741,-1,741,740,742,-1,741,742,743,-1,743,742,744,-1,743,744,745,-1,745,744,746,-1,745,746,747,-1,747,746,748,-1,747,748,749,-1,749,748,750,-1,749,750,751,-1,751,750,752,-1,751,752,753,-1,753,752,754,-1,753,754,755,-1,755,754,756,-1,755,756,757,-1,757,756,758,-1,757,758,759,-1,759,758,760,-1,759,760,761,-1,761,760,762,-1,761,762,763,-1,763,762,764,-1,763,764,765,-1,765,764,766,-1,765,766,767,-1,767,766,768,-1,767,768,769,-1,769,768,770,-1,769,770,771,-1,771,770,772,-1,771,772,773,-1,773,772,774,-1,773,774,775,-1,775,774,776,-1,775,776,777,-1,777,776,778,-1,777,778,779,-1,779,778,780,-1,779,780,781,-1,781,780,782,-1,781,782,783,-1,783,782,784,-1,783,784,785,-1,785,784,786,-1,785,786,787,-1,787,786,788,-1,787,788,789,-1,789,788,790,-1,789,790,791,-1,791,790,792,-1,791,792,793,-1,793,792,794,-1,793,794,795,-1,795,794,796,-1,795,796,797,-1,797,796,798,-1,797,798,799,-1,799,798,800,-1,799,800,801,-1,801,800,802,-1,801,802,803,-1,803,802,804,-1,803,804,805,-1,806,805,807,-1,807,805,804,-1,806,807,808,-1,806,808,809,-1,809,808,810,-1,809,810,811,-1,811,810,812,-1,811,812,813,-1,813,812,814,-1,813,814,815,-1,815,814,816,-1,815,816,817,-1,817,816,818,-1,817,818,819,-1,819,818,820,-1,819,820,821,-1,821,820,822,-1,821,822,823,-1,823,822,824,-1,823,824,825,-1,825,824,826,-1,825,826,827,-1,827,826,828,-1,827,828,829,-1,829,828,830,-1,829,830,831,-1,831,830,832,-1,831,832,833,-1,833,832,834,-1,833,834,835,-1,835,834,836,-1,835,836,837,-1,837,836,838,-1,837,838,839,-1,839,838,840,-1,839,840,841,-1,841,840,842,-1,841,842,843,-1,843,842,844,-1,843,844,845,-1,845,844,846,-1,845,846,847,-1,847,846,848,-1,847,848,849,-1,849,848,850,-1,849,850,851,-1,851,850,852,-1,851,852,853,-1,853,852,854,-1,853,854,855,-1,855,854,856,-1,855,856,857,-1,857,856,858,-1,857,858,859,-1,859,858,860,-1,859,860,861,-1,861,860,862,-1,861,862,863,-1,863,862,864,-1,863,864,865,-1,865,864,866,-1,865,866,867,-1,867,866,868,-1,867,868,869,-1,869,868,870,-1,869,870,871,-1,871,870,872,-1,871,872,873,-1,873,872,874,-1,873,874,875,-1,875,874,876,-1,875,876,877,-1,877,876,878,-1,877,878,879,-1,879,878,880,-1,879,880,881,-1,881,880,882,-1,881,882,883,-1,883,882,884,-1,883,884,885,-1,885,884,886,-1,885,886,887,-1,887,886,888,-1,887,888,889,-1,889,888,890,-1,889,890,891,-1,891,890,892,-1,891,892,893,-1,893,892,894,-1,893,894,895,-1,895,894,896,-1,895,896,897,-1,897,896,898,-1,897,898,899,-1,899,898,900,-1,899,900,901,-1,901,900,902,-1,901,902,903,-1,903,902,904,-1,903,904,905,-1,905,904,906,-1,905,906,907,-1,907,906,671,-1,907,671,670,-1,683,685,686,-1,803,805,806,-1,713,715,897,-1,897,715,895,-1,777,837,775,-1,775,837,839,-1,775,839,773,-1,715,717,895,-1,895,717,719,-1,895,719,893,-1,779,833,777,-1,777,833,835,-1,777,835,837,-1,713,897,711,-1,711,897,899,-1,711,899,709,-1,709,899,901,-1,709,901,707,-1,707,901,903,-1,707,903,705,-1,855,765,853,-1,853,765,767,-1,737,883,735,-1,735,883,885,-1,839,841,773,-1,773,841,843,-1,773,843,771,-1,843,845,771,-1,771,845,847,-1,771,847,769,-1,769,847,849,-1,769,849,767,-1,767,849,851,-1,767,851,853,-1,855,857,765,-1,765,857,859,-1,765,859,763,-1,763,859,861,-1,763,861,761,-1,761,861,863,-1,761,863,759,-1,759,863,865,-1,759,865,757,-1,889,729,887,-1,887,729,731,-1,887,731,885,-1,885,731,733,-1,885,733,735,-1,719,721,893,-1,893,721,723,-1,893,723,891,-1,891,723,725,-1,891,725,889,-1,889,725,727,-1,889,727,729,-1,737,739,883,-1,883,739,741,-1,883,741,881,-1,881,741,743,-1,881,743,879,-1,879,743,745,-1,879,745,877,-1,877,745,747,-1,877,747,875,-1,705,903,703,-1,703,903,905,-1,703,905,701,-1,701,905,907,-1,701,907,699,-1,699,907,670,-1,699,670,697,-1,697,670,673,-1,697,673,695,-1,695,673,675,-1,695,675,693,-1,693,675,677,-1,693,677,691,-1,691,677,679,-1,691,679,689,-1,689,679,686,-1,686,679,681,-1,686,681,683,-1,747,749,875,-1,875,749,751,-1,875,751,873,-1,873,751,753,-1,873,753,871,-1,871,753,755,-1,871,755,869,-1,869,755,757,-1,869,757,867,-1,867,757,865,-1,803,806,801,-1,801,806,809,-1,801,809,799,-1,799,809,811,-1,799,811,797,-1,797,811,813,-1,797,813,795,-1,795,813,815,-1,795,815,793,-1,793,815,817,-1,793,817,791,-1,791,817,819,-1,791,819,789,-1,789,819,821,-1,789,821,787,-1,787,821,823,-1,787,823,785,-1,785,823,825,-1,785,825,783,-1,783,825,827,-1,783,827,781,-1,781,827,829,-1,781,829,779,-1,779,829,831,-1,779,831,833,-1,894,714,896,-1,896,714,712,-1,896,712,898,-1,898,712,710,-1,898,710,900,-1,776,774,836,-1,856,764,858,-1,858,764,762,-1,892,718,894,-1,894,718,716,-1,894,716,714,-1,886,884,732,-1,732,884,734,-1,734,884,882,-1,734,882,736,-1,856,854,764,-1,764,854,852,-1,764,852,766,-1,766,852,850,-1,766,850,768,-1,880,740,882,-1,882,740,738,-1,882,738,736,-1,770,842,772,-1,772,842,840,-1,772,840,774,-1,774,840,838,-1,774,838,836,-1,890,722,892,-1,892,722,720,-1,892,720,718,-1,850,848,768,-1,768,848,846,-1,768,846,770,-1,770,846,844,-1,770,844,842,-1,710,708,900,-1,900,708,706,-1,900,706,902,-1,902,706,704,-1,902,704,904,-1,904,704,702,-1,904,702,906,-1,906,702,700,-1,906,700,671,-1,671,700,698,-1,671,698,672,-1,672,698,696,-1,672,696,674,-1,674,696,694,-1,674,694,676,-1,732,730,886,-1,886,730,728,-1,886,728,888,-1,888,728,726,-1,888,726,890,-1,890,726,724,-1,890,724,722,-1,694,692,676,-1,676,692,690,-1,676,690,678,-1,678,690,688,-1,678,688,680,-1,680,688,687,-1,680,687,682,-1,682,687,684,-1,872,870,754,-1,754,870,868,-1,754,868,756,-1,756,868,866,-1,756,866,758,-1,758,866,864,-1,758,864,760,-1,760,864,862,-1,760,862,762,-1,762,862,860,-1,762,860,858,-1,836,834,776,-1,776,834,832,-1,776,832,778,-1,778,832,830,-1,778,830,780,-1,780,830,828,-1,780,828,782,-1,782,828,826,-1,782,826,784,-1,784,826,824,-1,784,824,786,-1,786,824,822,-1,786,822,788,-1,788,822,820,-1,788,820,790,-1,790,820,818,-1,790,818,792,-1,792,818,816,-1,792,816,794,-1,794,816,814,-1,794,814,796,-1,796,814,812,-1,796,812,798,-1,798,812,810,-1,798,810,800,-1,800,810,808,-1,800,808,802,-1,802,808,807,-1,802,807,804,-1,754,752,872,-1,872,752,750,-1,872,750,874,-1,874,750,748,-1,874,748,876,-1,876,748,746,-1,876,746,878,-1,878,746,744,-1,878,744,880,-1,880,744,742,-1,880,742,740,-1,908,909,910,-1,910,909,911,-1,912,908,913,-1,913,908,910,-1,912,913,914,-1,912,914,915,-1,915,914,916,-1,915,916,917,-1,918,917,919,-1,919,917,916,-1,920,918,921,-1,921,918,919,-1,922,920,923,-1,923,920,921,-1,924,922,925,-1,925,922,923,-1,926,924,927,-1,927,924,925,-1,928,926,929,-1,929,926,927,-1,928,929,930,-1,928,930,931,-1,931,930,932,-1,931,932,933,-1,933,932,934,-1,933,934,935,-1,935,934,936,-1,935,936,937,-1,937,936,938,-1,937,938,939,-1,939,938,940,-1,939,940,941,-1,941,940,942,-1,941,942,943,-1,943,942,944,-1,943,944,945,-1,945,944,946,-1,945,946,947,-1,947,946,948,-1,947,948,949,-1,950,949,951,-1,951,949,948,-1,950,951,952,-1,950,952,953,-1,953,952,954,-1,953,954,955,-1,955,954,956,-1,955,956,957,-1,957,956,958,-1,957,958,959,-1,959,958,960,-1,959,960,961,-1,961,960,962,-1,961,962,963,-1,963,962,964,-1,963,964,965,-1,965,964,966,-1,965,966,967,-1,967,966,968,-1,967,968,969,-1,969,968,970,-1,969,970,971,-1,971,970,972,-1,971,972,973,-1,973,972,974,-1,973,974,975,-1,975,974,976,-1,975,976,977,-1,977,976,978,-1,977,978,979,-1,909,979,911,-1,911,979,978,-1,915,917,979,-1,909,908,979,-1,979,908,912,-1,979,912,915,-1,922,924,920,-1,920,924,926,-1,920,926,918,-1,933,935,967,-1,967,935,965,-1,965,935,937,-1,965,937,963,-1,963,937,939,-1,963,939,961,-1,961,939,959,-1,959,939,941,-1,959,941,957,-1,957,941,943,-1,957,943,955,-1,967,969,933,-1,933,969,971,-1,933,971,931,-1,931,971,973,-1,931,973,928,-1,955,943,953,-1,953,943,945,-1,953,945,950,-1,950,945,947,-1,950,947,949,-1,973,975,928,-1,928,975,977,-1,928,977,926,-1,926,977,979,-1,926,979,918,-1,918,979,917,-1,940,938,960,-1,927,925,923,-1,910,911,913,-1,913,911,978,-1,960,938,962,-1,962,938,936,-1,962,936,964,-1,960,958,940,-1,940,958,956,-1,940,956,942,-1,942,956,954,-1,942,954,944,-1,944,954,952,-1,944,952,946,-1,946,952,951,-1,946,951,948,-1,964,936,966,-1,966,936,934,-1,966,934,968,-1,968,934,932,-1,968,932,970,-1,970,932,930,-1,970,930,972,-1,972,930,974,-1,974,930,929,-1,974,929,976,-1,919,916,978,-1,978,916,914,-1,978,914,913,-1,923,921,927,-1,927,921,919,-1,927,919,929,-1,929,919,978,-1,929,978,976,-1,980,981,982,-1,982,981,983,-1,984,980,985,-1,985,980,982,-1,986,984,987,-1,987,984,985,-1,988,986,989,-1,989,986,987,-1,990,988,991,-1,991,988,989,-1,992,990,993,-1,993,990,991,-1,994,992,995,-1,995,992,993,-1,996,994,997,-1,997,994,995,-1,998,996,999,-1,999,996,997,-1,1000,998,1001,-1,1001,998,999,-1,1002,1000,1003,-1,1003,1000,1001,-1,981,1002,983,-1,983,1002,1003,-1,996,998,994,-1,994,998,1000,-1,994,1000,992,-1,981,980,1002,-1,1002,980,984,-1,1002,984,986,-1,988,990,986,-1,986,990,992,-1,986,992,1002,-1,1002,992,1000,-1,1001,999,997,-1,997,995,1001,-1,1001,995,993,-1,1001,993,1003,-1,982,983,985,-1,985,983,1003,-1,985,1003,987,-1,987,1003,993,-1,987,993,989,-1,989,993,991,-1,1004,1005,1006,-1,1006,1005,1007,-1,1006,1007,1008,-1,1008,1007,1009,-1,1008,1009,1010,-1,1010,1009,1011,-1,1010,1011,1012,-1,1012,1011,1013,-1,1012,1013,1014,-1,1014,1013,1015,-1,1014,1015,1016,-1,1016,1015,1017,-1,1016,1017,1018,-1,1018,1017,1019,-1,1018,1019,1020,-1,1021,1022,1023,-1,1023,1022,1024,-1,1023,1024,1025,-1,1025,1024,1026,-1,1025,1026,1027,-1,1027,1026,1028,-1,1027,1028,1029,-1,1028,1030,1029,-1,1029,1030,1031,-1,1029,1031,1032,-1,1032,1031,1033,-1,1032,1033,1034,-1,1034,1033,1035,-1,1034,1035,1036,-1,1036,1035,1037,-1,1036,1037,1038,-1,1038,1037,1039,-1,1038,1039,1040,-1,1040,1039,1041,-1,1040,1041,1042,-1,1042,1041,1043,-1,1042,1043,1044,-1,1044,1043,1045,-1,1044,1045,1046,-1,1046,1045,1047,-1,1046,1047,1048,-1,1048,1047,1049,-1,1048,1049,1050,-1,1050,1049,1051,-1,1050,1051,1052,-1,1052,1051,1053,-1,1052,1053,1054,-1,1054,1053,1055,-1,1054,1055,1056,-1,1056,1055,1057,-1,1056,1057,1058,-1,1058,1057,1059,-1,1058,1059,1060,-1,1060,1059,1061,-1,1060,1061,1062,-1,1062,1061,1063,-1,1062,1063,1004,-1,1004,1063,1064,-1,1004,1064,1005,-1,1019,1065,1020,-1,1020,1065,1066,-1,1020,1066,1067,-1,1067,1066,1068,-1,1067,1068,1069,-1,1069,1068,1070,-1,1069,1070,1071,-1,1071,1070,1072,-1,1071,1072,1073,-1,1073,1072,1074,-1,1073,1074,1075,-1,1075,1074,1076,-1,1075,1076,1021,-1,1021,1076,1077,-1,1021,1077,1022,-1,1078,1079,1080,-1,1080,1079,1081,-1,1080,1081,1082,-1,1082,1081,1083,-1,1082,1083,1084,-1,1084,1083,1085,-1,1084,1085,1086,-1,1086,1085,1087,-1,1086,1087,1088,-1,1088,1087,1089,-1,1088,1089,1090,-1,1091,1092,1093,-1,1093,1092,1094,-1,1093,1094,1095,-1,1095,1094,1096,-1,1095,1096,1097,-1,1097,1096,1098,-1,1097,1098,1099,-1,1099,1098,1100,-1,1099,1100,1101,-1,1101,1100,1102,-1,1101,1102,1103,-1,1103,1102,1104,-1,1103,1104,1105,-1,1105,1104,1106,-1,1105,1106,1107,-1,1107,1106,1108,-1,1107,1108,1109,-1,1109,1108,1110,-1,1109,1110,1111,-1,1111,1110,1112,-1,1111,1112,1113,-1,1113,1112,1114,-1,1113,1114,1115,-1,1115,1114,1116,-1,1115,1116,1117,-1,1117,1116,1118,-1,1117,1118,1119,-1,1119,1118,1120,-1,1119,1120,1078,-1,1078,1120,1121,-1,1078,1121,1079,-1,1122,1123,1124,-1,1124,1123,1125,-1,1124,1125,1126,-1,1126,1125,1127,-1,1126,1127,1128,-1,1128,1127,1129,-1,1128,1129,1130,-1,1130,1129,1131,-1,1130,1131,1132,-1,1132,1131,1133,-1,1132,1133,1134,-1,1134,1133,1135,-1,1134,1135,1136,-1,1136,1135,1137,-1,1136,1137,1091,-1,1091,1137,1138,-1,1091,1138,1092,-1,1089,1139,1090,-1,1090,1139,1140,-1,1090,1140,1141,-1,1141,1140,1142,-1,1141,1142,1143,-1,1143,1142,1144,-1,1143,1144,1145,-1,1145,1144,1146,-1,1145,1146,1147,-1,1147,1146,1148,-1,1147,1148,1149,-1,1149,1148,1150,-1,1149,1150,1122,-1,1122,1150,1151,-1,1122,1151,1123,-1,1057,1055,1102,-1,1102,1055,1104,-1,1057,1102,1100,-1,1057,1100,1059,-1,1059,1100,1098,-1,1059,1098,1061,-1,1061,1098,1096,-1,1061,1096,1063,-1,1063,1096,1094,-1,1063,1094,1064,-1,1064,1094,1092,-1,1064,1092,1005,-1,1005,1092,1138,-1,1005,1138,1007,-1,1007,1138,1137,-1,1007,1137,1009,-1,1009,1137,1135,-1,1009,1135,1011,-1,1011,1135,1133,-1,1011,1133,1013,-1,1013,1133,1131,-1,1013,1131,1015,-1,1015,1131,1129,-1,1015,1129,1017,-1,1017,1129,1127,-1,1017,1127,1019,-1,1019,1127,1125,-1,1019,1125,1065,-1,1065,1125,1123,-1,1065,1123,1066,-1,1066,1123,1151,-1,1066,1151,1068,-1,1068,1151,1150,-1,1068,1150,1070,-1,1070,1150,1148,-1,1070,1148,1072,-1,1072,1148,1146,-1,1072,1146,1074,-1,1074,1146,1144,-1,1074,1144,1076,-1,1076,1144,1142,-1,1076,1142,1077,-1,1077,1142,1140,-1,1077,1140,1022,-1,1022,1140,1139,-1,1022,1139,1024,-1,1024,1139,1089,-1,1024,1089,1026,-1,1026,1089,1087,-1,1026,1087,1028,-1,1028,1087,1085,-1,1028,1085,1030,-1,1030,1085,1083,-1,1030,1083,1031,-1,1031,1083,1081,-1,1031,1081,1033,-1,1033,1081,1079,-1,1033,1079,1035,-1,1035,1079,1121,-1,1035,1121,1037,-1,1037,1121,1120,-1,1037,1120,1039,-1,1039,1120,1118,-1,1039,1118,1041,-1,1041,1118,1116,-1,1041,1116,1043,-1,1043,1116,1114,-1,1043,1114,1045,-1,1045,1114,1112,-1,1045,1112,1047,-1,1047,1112,1110,-1,1047,1110,1049,-1,1049,1110,1108,-1,1049,1108,1051,-1,1053,1051,1106,-1,1106,1051,1108,-1,1055,1053,1104,-1,1104,1053,1106,-1,1050,1052,1107,-1,1107,1052,1105,-1,1052,1054,1105,-1,1105,1054,1103,-1,1054,1056,1103,-1,1103,1056,1101,-1,1012,1132,1134,-1,1012,1134,1010,-1,1010,1134,1136,-1,1010,1136,1008,-1,1008,1136,1091,-1,1008,1091,1006,-1,1006,1091,1093,-1,1006,1093,1004,-1,1004,1093,1095,-1,1004,1095,1062,-1,1062,1095,1097,-1,1062,1097,1060,-1,1060,1097,1099,-1,1060,1099,1058,-1,1058,1099,1101,-1,1058,1101,1056,-1,1073,1145,1147,-1,1073,1147,1071,-1,1071,1147,1149,-1,1071,1149,1069,-1,1069,1149,1122,-1,1069,1122,1067,-1,1067,1122,1124,-1,1067,1124,1020,-1,1020,1124,1126,-1,1020,1126,1018,-1,1018,1126,1128,-1,1018,1128,1016,-1,1016,1128,1130,-1,1016,1130,1014,-1,1014,1130,1132,-1,1014,1132,1012,-1,1034,1080,1082,-1,1034,1082,1032,-1,1032,1082,1084,-1,1032,1084,1029,-1,1029,1084,1086,-1,1029,1086,1027,-1,1027,1086,1088,-1,1027,1088,1025,-1,1025,1088,1090,-1,1025,1090,1023,-1,1023,1090,1141,-1,1023,1141,1021,-1,1021,1141,1143,-1,1021,1143,1075,-1,1075,1143,1145,-1,1075,1145,1073,-1,1050,1107,1109,-1,1050,1109,1048,-1,1048,1109,1111,-1,1048,1111,1046,-1,1046,1111,1113,-1,1046,1113,1044,-1,1044,1113,1115,-1,1044,1115,1042,-1,1042,1115,1117,-1,1042,1117,1040,-1,1040,1117,1119,-1,1040,1119,1038,-1,1038,1119,1078,-1,1038,1078,1036,-1,1036,1078,1080,-1,1036,1080,1034,-1,1152,1153,1154,-1,1154,1153,1155,-1,1156,1157,1152,-1,1152,1157,1158,-1,1152,1158,1153,-1,1153,1158,1159,-1,1156,1160,1157,-1,1157,1160,1161,-1,1157,1161,1162,-1,1162,1161,1163,-1,1162,1163,1164,-1,1164,1165,1162,-1,1162,1165,1154,-1,1162,1154,1166,-1,1166,1154,1155,-1,1166,1155,1167,-1,1168,1169,1170,-1,1169,1171,1170,-1,1170,1171,1172,-1,1170,1172,1173,-1,1173,1172,1174,-1,1173,1174,1175,-1,1175,1176,1173,-1,1173,1176,1177,-1,1173,1177,1178,-1,1179,1180,1181,-1,1182,1178,1183,-1,1183,1178,1177,-1,1183,1177,1181,-1,1181,1177,1168,-1,1181,1168,1179,-1,1179,1168,1170,-1,1162,1166,1170,-1,1170,1166,1179,-1,1157,1162,1173,-1,1173,1162,1170,-1,1158,1157,1178,-1,1178,1157,1173,-1,1159,1158,1182,-1,1182,1158,1178,-1,1153,1159,1183,-1,1183,1159,1182,-1,1155,1153,1181,-1,1181,1153,1183,-1,1167,1155,1180,-1,1180,1155,1181,-1,1166,1167,1179,-1,1179,1167,1180,-1,1152,1154,1177,-1,1177,1154,1168,-1,1154,1165,1168,-1,1168,1165,1169,-1,1163,1172,1171,-1,1163,1171,1164,-1,1164,1171,1169,-1,1164,1169,1165,-1,1163,1161,1172,-1,1172,1161,1174,-1,1156,1176,1175,-1,1156,1175,1160,-1,1160,1175,1174,-1,1160,1174,1161,-1,1156,1152,1176,-1,1176,1152,1177,-1,1184,1185,1186,-1,1187,1188,1189,-1,1190,1191,1192,-1,1193,1194,1195,-1,1195,1194,1196,-1,1195,1196,1197,-1,1198,1199,1200,-1,1201,1202,1203,-1,1204,1205,1186,-1,1186,1205,1206,-1,1186,1206,1184,-1,1207,1208,1209,-1,1209,1208,1210,-1,1209,1210,1211,-1,1211,1210,1212,-1,1211,1212,1213,-1,1213,1212,1214,-1,1213,1214,1215,-1,1216,1217,1218,-1,1218,1217,1219,-1,1218,1219,1220,-1,1221,1185,1222,-1,1222,1185,1223,-1,1222,1223,1216,-1,1216,1223,1224,-1,1216,1224,1217,-1,1225,1226,1210,-1,1210,1226,1227,-1,1210,1227,1212,-1,1212,1227,1228,-1,1212,1228,1229,-1,1230,1231,1232,-1,1203,1202,1233,-1,1233,1202,1234,-1,1233,1234,1235,-1,1235,1234,1236,-1,1235,1236,1237,-1,1192,1191,1238,-1,1238,1191,1239,-1,1238,1239,1240,-1,1241,1242,1186,-1,1186,1242,1243,-1,1186,1243,1204,-1,1230,1232,1244,-1,1244,1232,1245,-1,1244,1245,1246,-1,1246,1245,1247,-1,1246,1247,1248,-1,1215,1249,1213,-1,1213,1249,1250,-1,1213,1250,1251,-1,1252,1186,1253,-1,1253,1186,1185,-1,1253,1185,1254,-1,1254,1185,1221,-1,1200,1199,1255,-1,1255,1199,1256,-1,1255,1256,1257,-1,1258,1259,1260,-1,1260,1259,1261,-1,1260,1261,1262,-1,1262,1261,1263,-1,1262,1263,1264,-1,1264,1263,1265,-1,1264,1265,1266,-1,1267,1268,1269,-1,1269,1268,1270,-1,1269,1270,1241,-1,1241,1270,1271,-1,1241,1271,1242,-1,1231,1230,1272,-1,1272,1230,1273,-1,1272,1273,1274,-1,1274,1273,1275,-1,1274,1275,1276,-1,1276,1275,1277,-1,1276,1277,1189,-1,1189,1277,1278,-1,1189,1278,1187,-1,1252,1279,1186,-1,1186,1279,1280,-1,1186,1280,1281,-1,1281,1280,1282,-1,1283,1284,1285,-1,1285,1284,1286,-1,1285,1286,1287,-1,1200,1288,1198,-1,1198,1288,1289,-1,1198,1289,1283,-1,1283,1289,1290,-1,1283,1290,1284,-1,1229,1291,1212,-1,1212,1291,1292,-1,1212,1292,1293,-1,1293,1292,1220,-1,1293,1220,1294,-1,1294,1220,1219,-1,1203,1295,1201,-1,1201,1295,1296,-1,1201,1296,1297,-1,1297,1296,1298,-1,1297,1298,1299,-1,1299,1298,1300,-1,1299,1300,1301,-1,1301,1300,1302,-1,1301,1302,1303,-1,1192,1304,1190,-1,1190,1304,1305,-1,1190,1305,1306,-1,1306,1305,1307,-1,1306,1307,1308,-1,1308,1307,1309,-1,1308,1309,1310,-1,1310,1309,1189,-1,1310,1189,1311,-1,1311,1189,1188,-1,1195,1312,1193,-1,1193,1312,1313,-1,1193,1313,1314,-1,1314,1313,1315,-1,1314,1315,1316,-1,1317,1318,1319,-1,1319,1318,1320,-1,1319,1320,1321,-1,1321,1320,1322,-1,1321,1322,1267,-1,1267,1322,1323,-1,1267,1323,1268,-1,1257,1256,1210,-1,1210,1256,1324,-1,1210,1324,1225,-1,1325,1326,1327,-1,1327,1326,1328,-1,1327,1328,1329,-1,1329,1328,1330,-1,1329,1330,1258,-1,1258,1330,1331,-1,1258,1331,1259,-1,1302,1332,1303,-1,1303,1332,1333,-1,1303,1333,1334,-1,1334,1333,1335,-1,1334,1335,1325,-1,1325,1335,1336,-1,1325,1336,1326,-1,1286,1337,1287,-1,1287,1337,1338,-1,1287,1338,1339,-1,1339,1338,1340,-1,1339,1340,1282,-1,1282,1340,1341,-1,1282,1341,1281,-1,1342,1343,1344,-1,1345,1346,1347,-1,1347,1346,1348,-1,1349,1350,1351,-1,1351,1350,1352,-1,1351,1352,1353,-1,1353,1352,1354,-1,1353,1354,1355,-1,1355,1354,1356,-1,1355,1356,1357,-1,1357,1356,1358,-1,1357,1358,1317,-1,1317,1358,1359,-1,1317,1359,1318,-1,1197,1360,1195,-1,1195,1360,1361,-1,1195,1361,1362,-1,1362,1361,1363,-1,1362,1363,1364,-1,1364,1363,1266,-1,1364,1266,1365,-1,1365,1266,1265,-1,1366,1367,1342,-1,1342,1367,1368,-1,1342,1368,1343,-1,1236,1369,1237,-1,1237,1369,1342,-1,1237,1342,1370,-1,1370,1342,1344,-1,1240,1239,1371,-1,1371,1239,1372,-1,1371,1372,1345,-1,1345,1372,1373,-1,1345,1373,1346,-1,1374,1375,1376,-1,1375,1377,1376,-1,1376,1377,1378,-1,1376,1378,1379,-1,1247,1380,1248,-1,1248,1380,1381,-1,1248,1381,1382,-1,1382,1381,1383,-1,1382,1383,1349,-1,1349,1383,1384,-1,1349,1384,1350,-1,1366,1342,1376,-1,1376,1342,1385,-1,1376,1385,1374,-1,1315,1386,1316,-1,1316,1386,1387,-1,1316,1387,1388,-1,1388,1387,1389,-1,1388,1389,1390,-1,1390,1389,1391,-1,1390,1391,1392,-1,1392,1391,1393,-1,1392,1393,1394,-1,1394,1393,1395,-1,1394,1395,1348,-1,1348,1395,1396,-1,1348,1396,1347,-1,1397,1398,1399,-1,1399,1398,1400,-1,1399,1400,1401,-1,1400,1402,1401,-1,1401,1402,1403,-1,1401,1403,1404,-1,1404,1403,1405,-1,1406,1407,1408,-1,1408,1407,1409,-1,1410,1411,1412,-1,1413,1414,1415,-1,1415,1414,1416,-1,1415,1416,1417,-1,1418,1419,1401,-1,1401,1419,1420,-1,1401,1420,1399,-1,1399,1420,1421,-1,1422,1423,1424,-1,1425,1426,1403,-1,1403,1426,1427,-1,1403,1427,1405,-1,1428,1429,1430,-1,1431,1432,1433,-1,1433,1432,1434,-1,1433,1434,1435,-1,1435,1434,1436,-1,1435,1436,1437,-1,1424,1423,1438,-1,1438,1423,1439,-1,1438,1439,1440,-1,1440,1439,1441,-1,1440,1441,1442,-1,1442,1441,1443,-1,1443,1441,1444,-1,1443,1444,1445,-1,1445,1444,1408,-1,1445,1408,1446,-1,1446,1408,1409,-1,1446,1409,1417,-1,1417,1409,1447,-1,1417,1447,1415,-1,1448,1449,1450,-1,1450,1449,1451,-1,1450,1451,1452,-1,1452,1451,1453,-1,1452,1453,1454,-1,1412,1411,1455,-1,1455,1411,1456,-1,1455,1456,1457,-1,1458,1459,1453,-1,1415,1460,1413,-1,1413,1460,1461,-1,1413,1461,1462,-1,1457,1456,1463,-1,1463,1456,1464,-1,1463,1464,1465,-1,1465,1464,1466,-1,1465,1466,1467,-1,1468,1469,1470,-1,1470,1469,1471,-1,1470,1471,1472,-1,1472,1471,1473,-1,1472,1473,1474,-1,1474,1473,1475,-1,1474,1475,1476,-1,1477,1478,1479,-1,1479,1478,1480,-1,1479,1480,1481,-1,1481,1480,1482,-1,1481,1482,1483,-1,1459,1484,1453,-1,1453,1484,1485,-1,1453,1485,1454,-1,1486,1487,1488,-1,1488,1487,1413,-1,1488,1413,1489,-1,1489,1413,1462,-1,1490,1491,1492,-1,1492,1491,1493,-1,1492,1493,1494,-1,1436,1495,1437,-1,1437,1495,1496,-1,1437,1496,1497,-1,1497,1496,1465,-1,1497,1465,1498,-1,1430,1429,1499,-1,1499,1429,1500,-1,1499,1500,1401,-1,1401,1500,1501,-1,1401,1501,1418,-1,1493,1502,1494,-1,1494,1502,1503,-1,1494,1503,1504,-1,1504,1503,1505,-1,1504,1505,1506,-1,1506,1505,1399,-1,1506,1399,1507,-1,1507,1399,1421,-1,1490,1508,1509,-1,1498,1465,1510,-1,1510,1465,1467,-1,1510,1467,1511,-1,1512,1513,1514,-1,1514,1513,1515,-1,1482,1516,1483,-1,1483,1516,1517,-1,1483,1517,1518,-1,1518,1517,1519,-1,1518,1519,1468,-1,1468,1519,1520,-1,1468,1520,1469,-1,1453,1521,1458,-1,1458,1521,1522,-1,1458,1522,1523,-1,1523,1522,1524,-1,1523,1524,1525,-1,1525,1524,1526,-1,1525,1526,1527,-1,1527,1526,1528,-1,1527,1528,1477,-1,1477,1528,1529,-1,1477,1529,1478,-1,1430,1530,1428,-1,1428,1530,1531,-1,1428,1531,1532,-1,1532,1531,1533,-1,1532,1533,1486,-1,1486,1533,1534,-1,1486,1534,1487,-1,1535,1536,1490,-1,1490,1536,1537,-1,1490,1537,1508,-1,1509,1538,1490,-1,1490,1538,1539,-1,1490,1539,1491,-1,1540,1541,1542,-1,1542,1541,1543,-1,1542,1543,1544,-1,1424,1545,1422,-1,1422,1545,1546,-1,1422,1546,1547,-1,1547,1546,1548,-1,1547,1548,1549,-1,1549,1548,1550,-1,1549,1550,1551,-1,1551,1550,1552,-1,1551,1552,1553,-1,1553,1552,1554,-1,1553,1554,1540,-1,1540,1554,1555,-1,1540,1555,1541,-1,1475,1556,1476,-1,1476,1556,1557,-1,1476,1557,1558,-1,1558,1557,1559,-1,1558,1559,1560,-1,1560,1559,1561,-1,1560,1561,1562,-1,1562,1561,1563,-1,1562,1563,1564,-1,1564,1563,1565,-1,1564,1565,1566,-1,1566,1565,1567,-1,1566,1567,1514,-1,1514,1567,1568,-1,1514,1568,1512,-1,1515,1569,1514,-1,1514,1569,1570,-1,1514,1570,1571,-1,1406,1408,1490,-1,1490,1408,1572,-1,1490,1572,1535,-1,1543,1573,1544,-1,1544,1573,1574,-1,1544,1574,1575,-1,1575,1574,1576,-1,1575,1576,1577,-1,1577,1576,1578,-1,1577,1578,1431,-1,1431,1578,1579,-1,1431,1579,1432,-1,1580,1581,1571,-1,1571,1581,1582,-1,1571,1582,1583,-1,1584,1585,1586,-1,1586,1585,1587,-1,1586,1587,1448,-1,1448,1587,1588,-1,1448,1588,1449,-1,1412,1589,1410,-1,1410,1589,1590,-1,1410,1590,1591,-1,1591,1590,1592,-1,1591,1592,1593,-1,1593,1592,1594,-1,1593,1594,1595,-1,1595,1594,1596,-1,1595,1596,1597,-1,1597,1596,1598,-1,1597,1598,1599,-1,1599,1598,1600,-1,1599,1600,1601,-1,1601,1600,1602,-1,1601,1602,1603,-1,1603,1602,1604,-1,1603,1604,1605,-1,1605,1604,1606,-1,1605,1606,1584,-1,1584,1606,1607,-1,1584,1607,1585,-1,1583,1608,1571,-1,1571,1608,1609,-1,1571,1609,1514,-1,1328,1516,1482,-1,1328,1482,1330,-1,1330,1482,1480,-1,1330,1480,1331,-1,1331,1480,1478,-1,1331,1478,1259,-1,1259,1478,1529,-1,1259,1529,1261,-1,1261,1529,1528,-1,1261,1528,1263,-1,1263,1528,1526,-1,1263,1526,1265,-1,1265,1526,1524,-1,1265,1524,1365,-1,1365,1524,1522,-1,1365,1522,1364,-1,1364,1522,1521,-1,1364,1521,1362,-1,1362,1521,1453,-1,1362,1453,1195,-1,1195,1453,1451,-1,1195,1451,1312,-1,1312,1451,1449,-1,1312,1449,1313,-1,1313,1449,1588,-1,1313,1588,1315,-1,1315,1588,1587,-1,1315,1587,1386,-1,1386,1587,1585,-1,1386,1585,1387,-1,1387,1585,1607,-1,1387,1607,1389,-1,1389,1607,1606,-1,1389,1606,1391,-1,1391,1606,1604,-1,1391,1604,1393,-1,1393,1604,1602,-1,1393,1602,1395,-1,1395,1602,1600,-1,1395,1600,1396,-1,1396,1600,1598,-1,1396,1598,1347,-1,1347,1598,1596,-1,1347,1596,1345,-1,1345,1596,1594,-1,1345,1594,1371,-1,1371,1594,1592,-1,1371,1592,1240,-1,1240,1592,1590,-1,1240,1590,1238,-1,1238,1590,1589,-1,1238,1589,1192,-1,1192,1589,1412,-1,1192,1412,1304,-1,1304,1412,1455,-1,1304,1455,1305,-1,1305,1455,1457,-1,1305,1457,1307,-1,1307,1457,1463,-1,1307,1463,1309,-1,1309,1463,1465,-1,1309,1465,1189,-1,1189,1465,1496,-1,1189,1496,1276,-1,1276,1496,1495,-1,1276,1495,1274,-1,1274,1495,1436,-1,1274,1436,1272,-1,1272,1436,1434,-1,1272,1434,1231,-1,1231,1434,1432,-1,1231,1432,1232,-1,1232,1432,1579,-1,1232,1579,1245,-1,1245,1579,1578,-1,1245,1578,1247,-1,1247,1578,1576,-1,1247,1576,1380,-1,1380,1576,1574,-1,1380,1574,1381,-1,1381,1574,1573,-1,1381,1573,1383,-1,1383,1573,1543,-1,1383,1543,1384,-1,1384,1543,1541,-1,1384,1541,1350,-1,1350,1541,1555,-1,1350,1555,1352,-1,1352,1555,1554,-1,1352,1554,1354,-1,1354,1554,1552,-1,1354,1552,1356,-1,1356,1552,1550,-1,1356,1550,1358,-1,1358,1550,1548,-1,1358,1548,1359,-1,1359,1548,1546,-1,1359,1546,1318,-1,1318,1546,1545,-1,1318,1545,1320,-1,1320,1545,1424,-1,1320,1424,1322,-1,1322,1424,1438,-1,1322,1438,1323,-1,1323,1438,1440,-1,1323,1440,1268,-1,1268,1440,1442,-1,1268,1442,1270,-1,1270,1442,1443,-1,1270,1443,1271,-1,1271,1443,1445,-1,1271,1445,1242,-1,1242,1445,1446,-1,1242,1446,1243,-1,1243,1446,1417,-1,1243,1417,1204,-1,1204,1417,1416,-1,1204,1416,1205,-1,1205,1416,1414,-1,1205,1414,1206,-1,1206,1414,1413,-1,1206,1413,1184,-1,1184,1413,1487,-1,1184,1487,1185,-1,1185,1487,1534,-1,1185,1534,1223,-1,1223,1534,1533,-1,1223,1533,1224,-1,1224,1533,1531,-1,1224,1531,1217,-1,1217,1531,1530,-1,1217,1530,1219,-1,1219,1530,1430,-1,1219,1430,1294,-1,1294,1430,1499,-1,1294,1499,1293,-1,1293,1499,1401,-1,1293,1401,1212,-1,1212,1401,1404,-1,1212,1404,1214,-1,1214,1404,1405,-1,1214,1405,1215,-1,1215,1405,1427,-1,1215,1427,1249,-1,1249,1427,1426,-1,1249,1426,1250,-1,1250,1426,1425,-1,1250,1425,1251,-1,1251,1425,1403,-1,1251,1403,1213,-1,1213,1403,1402,-1,1213,1402,1211,-1,1209,1211,1400,-1,1400,1211,1402,-1,1207,1209,1398,-1,1398,1209,1400,-1,1208,1207,1397,-1,1397,1207,1398,-1,1210,1208,1399,-1,1399,1208,1397,-1,1210,1399,1505,-1,1210,1505,1257,-1,1257,1505,1503,-1,1257,1503,1255,-1,1255,1503,1502,-1,1255,1502,1200,-1,1200,1502,1493,-1,1200,1493,1288,-1,1288,1493,1491,-1,1288,1491,1289,-1,1289,1491,1539,-1,1289,1539,1290,-1,1290,1539,1538,-1,1290,1538,1284,-1,1284,1538,1509,-1,1284,1509,1286,-1,1286,1509,1508,-1,1286,1508,1337,-1,1337,1508,1537,-1,1337,1537,1338,-1,1338,1537,1536,-1,1338,1536,1340,-1,1340,1536,1535,-1,1340,1535,1341,-1,1341,1535,1572,-1,1341,1572,1281,-1,1281,1572,1408,-1,1281,1408,1186,-1,1186,1408,1444,-1,1186,1444,1241,-1,1241,1444,1441,-1,1241,1441,1269,-1,1269,1441,1439,-1,1269,1439,1267,-1,1267,1439,1423,-1,1267,1423,1321,-1,1321,1423,1422,-1,1321,1422,1319,-1,1319,1422,1547,-1,1319,1547,1317,-1,1317,1547,1549,-1,1317,1549,1357,-1,1357,1549,1551,-1,1357,1551,1355,-1,1355,1551,1553,-1,1355,1553,1353,-1,1353,1553,1540,-1,1353,1540,1351,-1,1351,1540,1542,-1,1351,1542,1349,-1,1349,1542,1544,-1,1349,1544,1382,-1,1382,1544,1575,-1,1382,1575,1248,-1,1248,1575,1577,-1,1248,1577,1246,-1,1246,1577,1431,-1,1246,1431,1244,-1,1244,1431,1433,-1,1244,1433,1230,-1,1230,1433,1435,-1,1230,1435,1273,-1,1273,1435,1437,-1,1273,1437,1275,-1,1275,1437,1497,-1,1275,1497,1277,-1,1277,1497,1498,-1,1277,1498,1278,-1,1278,1498,1510,-1,1278,1510,1187,-1,1187,1510,1511,-1,1187,1511,1188,-1,1188,1511,1467,-1,1188,1467,1311,-1,1311,1467,1466,-1,1311,1466,1310,-1,1310,1466,1464,-1,1310,1464,1308,-1,1308,1464,1456,-1,1308,1456,1306,-1,1306,1456,1411,-1,1306,1411,1190,-1,1190,1411,1410,-1,1190,1410,1191,-1,1191,1410,1591,-1,1191,1591,1239,-1,1239,1591,1593,-1,1239,1593,1372,-1,1372,1593,1595,-1,1372,1595,1373,-1,1373,1595,1597,-1,1373,1597,1346,-1,1346,1597,1599,-1,1346,1599,1348,-1,1348,1599,1601,-1,1348,1601,1394,-1,1394,1601,1603,-1,1394,1603,1392,-1,1392,1603,1605,-1,1392,1605,1390,-1,1390,1605,1584,-1,1390,1584,1388,-1,1388,1584,1586,-1,1388,1586,1316,-1,1316,1586,1448,-1,1316,1448,1314,-1,1314,1448,1450,-1,1314,1450,1193,-1,1193,1450,1452,-1,1193,1452,1194,-1,1194,1452,1454,-1,1194,1454,1196,-1,1196,1454,1485,-1,1196,1485,1197,-1,1360,1197,1484,-1,1484,1197,1485,-1,1360,1484,1459,-1,1360,1459,1361,-1,1361,1459,1458,-1,1361,1458,1363,-1,1363,1458,1523,-1,1363,1523,1266,-1,1266,1523,1525,-1,1266,1525,1264,-1,1264,1525,1527,-1,1264,1527,1262,-1,1262,1527,1477,-1,1262,1477,1260,-1,1260,1477,1479,-1,1260,1479,1258,-1,1258,1479,1481,-1,1258,1481,1329,-1,1329,1481,1483,-1,1329,1483,1327,-1,1327,1483,1518,-1,1327,1518,1325,-1,1325,1518,1468,-1,1325,1468,1334,-1,1334,1468,1470,-1,1334,1470,1303,-1,1303,1470,1472,-1,1303,1472,1301,-1,1301,1472,1474,-1,1301,1474,1299,-1,1299,1474,1476,-1,1299,1476,1297,-1,1297,1476,1558,-1,1297,1558,1201,-1,1201,1558,1560,-1,1201,1560,1202,-1,1202,1560,1562,-1,1202,1562,1234,-1,1236,1234,1564,-1,1564,1234,1562,-1,1236,1564,1566,-1,1236,1566,1369,-1,1369,1566,1514,-1,1369,1514,1342,-1,1342,1514,1609,-1,1342,1609,1385,-1,1385,1609,1608,-1,1385,1608,1374,-1,1374,1608,1583,-1,1374,1583,1375,-1,1375,1583,1582,-1,1375,1582,1377,-1,1377,1582,1581,-1,1377,1581,1378,-1,1378,1581,1580,-1,1378,1580,1379,-1,1379,1580,1571,-1,1379,1571,1376,-1,1376,1571,1570,-1,1376,1570,1366,-1,1366,1570,1569,-1,1366,1569,1367,-1,1367,1569,1515,-1,1367,1515,1368,-1,1368,1515,1513,-1,1368,1513,1343,-1,1343,1513,1512,-1,1343,1512,1344,-1,1344,1512,1568,-1,1344,1568,1370,-1,1370,1568,1567,-1,1370,1567,1237,-1,1237,1567,1565,-1,1237,1565,1235,-1,1233,1235,1563,-1,1563,1235,1565,-1,1233,1563,1561,-1,1233,1561,1203,-1,1203,1561,1559,-1,1203,1559,1295,-1,1295,1559,1557,-1,1295,1557,1296,-1,1296,1557,1556,-1,1296,1556,1298,-1,1298,1556,1475,-1,1298,1475,1300,-1,1300,1475,1473,-1,1300,1473,1302,-1,1302,1473,1471,-1,1302,1471,1332,-1,1332,1471,1469,-1,1332,1469,1333,-1,1333,1469,1520,-1,1333,1520,1335,-1,1335,1520,1519,-1,1335,1519,1336,-1,1336,1519,1517,-1,1336,1517,1326,-1,1326,1517,1516,-1,1326,1516,1328,-1,1283,1490,1492,-1,1283,1492,1198,-1,1198,1492,1494,-1,1198,1494,1199,-1,1199,1494,1504,-1,1199,1504,1256,-1,1256,1504,1506,-1,1256,1506,1324,-1,1324,1506,1507,-1,1324,1507,1225,-1,1225,1507,1421,-1,1225,1421,1226,-1,1226,1421,1420,-1,1226,1420,1227,-1,1227,1420,1419,-1,1227,1419,1228,-1,1228,1419,1418,-1,1228,1418,1229,-1,1229,1418,1501,-1,1229,1501,1291,-1,1291,1501,1500,-1,1291,1500,1292,-1,1292,1500,1429,-1,1292,1429,1220,-1,1220,1429,1428,-1,1220,1428,1218,-1,1218,1428,1532,-1,1218,1532,1216,-1,1216,1532,1486,-1,1216,1486,1222,-1,1222,1486,1488,-1,1222,1488,1221,-1,1221,1488,1489,-1,1221,1489,1254,-1,1254,1489,1462,-1,1254,1462,1253,-1,1253,1462,1461,-1,1253,1461,1252,-1,1252,1461,1460,-1,1252,1460,1279,-1,1279,1460,1415,-1,1279,1415,1280,-1,1280,1415,1447,-1,1280,1447,1282,-1,1282,1447,1409,-1,1282,1409,1339,-1,1339,1409,1407,-1,1339,1407,1287,-1,1287,1407,1406,-1,1287,1406,1285,-1,1285,1406,1490,-1,1285,1490,1283,-1,
        ]
    }
}