#VRML V2.0 utf8
# 3D model generated by easyeda2kicad.py (https://github.com/uPesy/easyeda2kicad.py)

Shape{
    appearance Appearance {
        material  Material 	{
            diffuseColor 0.2235294117647059 0.2235294117647059 0.2235294117647059
            specularColor 0.11372549019607843 0.11372549019607843 0.11372549019607843
            ambientIntensity 0.2235
            transparency 0.0
            shininess 0.5
        }
    }
    geometry IndexedFaceSet {
        ccw TRUE
        solid FALSE
        coord DEF co Coordinate {
            point [
                -0.4667 4.1338 1.7271, -0.4696 4.1338 2.1275, -0.3042 4.1338 2.2392, -2.2042 4.1338 0.1969, -8.62 4.1338 0.1969, -8.62 4.1338 0.8727, -1.8287 4.1338 0.1969, -2.2042 4.1338 0.8727, -0.7152 4.1338 0.1969, -0.9812 4.1338 0.1969, -0.9812 4.1338 0.8727, -0.3042 4.1338 0.1969, -0.6913 4.1338 0.1969, -0.6913 4.1338 0.8727, -0.7232 4.1338 2.4467, -0.7152 4.1338 2.4679, -0.7152 4.1338 2.3536, -0.5257 4.1338 2.7622, -0.5257 4.1338 2.7604, -0.6913 4.1338 2.7604, -1.5783 4.1338 2.1196, -1.7074 4.1338 2.1187, -1.7074 4.1338 2.2392, 0.7932 4.1338 1.7311, 0.8014 4.1338 1.716, -0.3042 4.1338 1.716, 0.0393 4.1338 2.4541, -0.0375 4.1338 2.3883, -0.3042 4.1338 2.7604, -0.3042 4.1338 2.3536, 0.1959 4.1338 2.6174, 0.1375 4.1338 2.5014, 0.1237 4.1338 2.4967, 0.4159 4.1338 2.8136, 0.338 4.1338 2.7604, 0.2896 4.1338 2.7274, 1.0288 4.1338 2.7604, 13.1102 4.1338 4.4362, 14.6654 4.1338 2.7604, 13.3001 4.1338 4.3575, 14.252 4.1338 5.1969, 14.6654 4.1338 5.1969, 14.252 4.1338 4.3307, 13.5039 4.1338 4.3307, 0.5584 4.1338 2.865, -0.3042 4.1338 4.3307, 12.7434 4.1338 4.9143, 12.822 4.1338 4.7244, 12.9472 4.1338 4.5613, 3.3127 4.1338 4.5613, 3.4378 4.1338 4.7244, 3.5433 4.1338 5.1181, 3.5433 4.1338 5.9843, 12.7165 4.1338 5.9843, 3.5165 4.1338 4.9143, 12.7165 4.1338 5.1181, 1.018 4.1338 2.7696, 2.7559 4.1338 4.3307, 2.9597 4.1338 4.3575, 3.1496 4.1338 4.4362, 0.9481 4.1338 2.8121, 0.8165 4.1338 2.8618, 0.6756 4.1338 2.8781, 1.3218 4.1338 2.6383, 1.2095 4.1338 2.6514, 1.0853 4.1338 2.7127, 1.1768 4.1338 2.6494, 1.1441 4.1338 2.6452, 1.5378 4.1338 2.5171, 1.5185 4.1338 2.5351, 1.4276 4.1338 2.5981, 14.6654 4.1338 2.3536, 14.6654 4.1338 2.2392, 1.6695 4.1338 2.2392, 1.6531 4.1338 2.3275, 1.6413 4.1338 2.3536, 1.607 4.1338 2.4297, 1.3659 4.1338 1.7552, 1.4684 4.1338 1.8061, 14.6654 4.1338 1.716, 1.5566 4.1338 1.8824, 1.6208 4.1338 1.9755, 1.6609 4.1338 2.0818, 1.6739 4.1338 2.1935, 1.6729 4.1338 2.2207, 14.6654 4.1338 1.6494, 1.2749 4.1338 1.6494, 1.3298 4.1338 1.7442, 1.3169 4.1338 1.716, 1.3016 4.1338 1.6827, 1.0716 4.1338 1.549, 1.1387 4.1338 1.5599, 14.6654 4.1338 0.8727, 1.2042 4.1338 1.5879, 1.2596 4.1338 1.6302, 0.9281 4.1338 1.5807, 0.9917 4.1338 1.5567, -0.3042 4.1338 0.8727, 1.0608 4.1338 1.5487, -0.3042 4.1338 1.6494, 0.8274 4.1338 1.668, 0.8443 4.1338 1.6494, 0.8711 4.1338 1.6198, 0.4281 4.1338 1.898, 0.4086 4.1338 1.9056, 0.374 4.1338 2.0676, 0.844 4.1338 2.0225, 0.4611 4.1338 2.2191, 0.8935 4.1338 2.0683, 0.9537 4.1338 2.101, 0.4457 4.1338 1.8858, -0.1417 4.1338 2.1266, -0.1279 4.1338 2.0252, 0.0361 4.1338 2.1504, 0.0492 4.1338 2.2051, 0.0673 4.1338 2.2392, 1.4892 4.1338 2.2392, 0.0434 4.1338 1.7919, 0.1305 4.1338 1.75, 0.3865 4.1338 1.9083, 0.3837 4.1338 1.9081, 0.3752 4.1338 1.9061, -0.0916 4.1338 1.9353, -0.0344 4.1338 1.8569, 1.4714 4.1338 2.0838, 1.4381 4.1338 2.0264, 1.2938 4.1338 1.9957, 1.3875 4.1338 1.9736, 1.3256 4.1338 1.9349, 1.188 4.1338 2.0893, 1.2464 4.1338 2.0492, 1.4946 4.1338 2.1979, 1.4914 4.1338 2.1536, 1.1249 4.1338 2.1129, 1.0567 4.1338 2.1208, 1.0223 4.1338 2.1186, 0.0937 4.1338 1.9747, 0.0621 4.1338 2.0189, 0.0421 4.1338 2.0695, 0.0348 4.1338 2.125, 0.4753 4.1338 1.8207, 0.4745 4.1338 1.8319, 0.7739 4.1338 1.8598, 0.4687 4.1338 1.8535, 0.4576 4.1338 1.8729, 0.4282 4.1338 1.7421, 0.4466 4.1338 1.7553, 0.4532 4.1338 1.7621, 0.4654 4.1338 1.7801, 0.4728 4.1338 1.7995, 0.776 4.1338 1.8013, 0.7741 4.1338 1.8313, 0.3694 4.1338 1.9053, 0.2413 4.1338 1.9044, 0.1898 4.1338 1.9139, 0.2255 4.1338 1.7307, 0.3934 4.1338 1.7318, 0.4094 4.1338 1.7345, 0.1395 4.1338 1.9369, 0.0972 4.1338 1.9711, 0.278 4.1338 2.3487, 1.4607 4.1338 2.3302, 1.4855 4.1338 2.2669, 0.2553 4.1338 2.3486, 0.0754 4.1338 2.2543, 0.1076 4.1338 2.2908, 0.1515 4.1338 2.3219, 0.201 4.1338 2.3415, 0.3384 4.1338 2.5206, 0.4022 4.1338 2.5976, 1.0574 4.1338 2.4368, 0.4089 4.1338 2.6038, 0.4884 4.1338 2.6599, 1.0132 4.1338 2.5266, 1.4441 4.1338 2.3536, 1.077 4.1338 2.4478, 0.2791 4.1338 2.3536, 0.2951 4.1338 2.4286, 1.1407 4.1338 2.4717, 1.2079 4.1338 2.4806, 1.238 4.1338 2.4792, 0.9488 4.1338 2.6024, 0.5774 4.1338 2.6948, 0.8722 4.1338 2.6575, 0.674 4.1338 2.7073, 0.779 4.1338 2.6946, 1.3084 4.1338 2.4629, 1.372 4.1338 2.4296, 1.4208 4.1338 2.3866, -0.062 4.1338 2.3536, -0.095 4.1338 2.3069, -0.1216 4.1338 2.2392, -0.1293 4.1338 2.2198, -2.2042 4.1338 2.2392, -2.3698 4.1338 2.114, -2.4251 4.1338 2.1136, -2.215 4.1338 1.716, -2.2042 4.1338 1.716, -2.2145 4.1338 1.7147, -2.2042 4.1338 1.6494, -2.2716 4.1338 1.7143, -2.5176 4.1338 1.7126, -2.5164 4.1338 1.716, -2.2722 4.1338 1.716, -2.4776 4.1338 1.8224, -2.3109 4.1338 1.8236, -1.7845 4.1338 2.1181, -1.8287 4.1338 2.2392, -1.7842 4.1338 2.0721, -1.7074 4.1338 1.9445, -1.7719 4.1338 1.9441, -1.7911 4.1338 1.7634, -1.7907 4.1338 1.7177, -1.8287 4.1338 1.716, -1.7074 4.1338 1.764, -1.7716 4.1338 1.8982, -1.7074 4.1338 1.8987, -1.6284 4.1338 1.8992, -1.6274 4.1338 1.7645, -1.7074 4.1338 2.0726, -1.6296 4.1338 2.0732, -1.6287 4.1338 1.9451, -1.4714 4.1338 2.006, -1.5234 4.1338 2.0056, -1.3319 4.1338 2.2392, -1.3319 4.1338 1.9281, -1.3782 4.1338 1.7917, -1.3918 4.1338 1.7912, -1.7074 4.1338 1.716, -1.7074 4.1338 1.7183, -1.5754 4.1338 1.7193, -1.3842 4.1338 1.7681, -1.3855 4.1338 1.7681, -1.3879 4.1338 1.7779, -1.0532 4.1338 1.7241, -1.0278 4.1338 1.7332, -0.9812 4.1338 1.716, -1.0282 4.1338 1.785, -1.0295 4.1338 1.9319, -1.0316 4.1338 1.9498, -0.9812 4.1338 2.2392, -1.037 4.1338 1.8971, -1.0315 4.1338 1.9124, -1.0477 4.1338 1.7727, -1.0532 4.1338 1.7706, -1.0532 4.1338 1.8769, -1.0434 4.1338 1.8866, -1.0516 4.1338 1.8779, -1.1065 4.1338 1.716, -1.1053 4.1338 1.7159, -1.0532 4.1338 1.6494, -1.1041 4.1338 1.716, -1.0532 4.1338 1.716, -1.0629 4.1338 1.7206, -1.2049 4.1338 1.847, -1.2142 4.1338 1.8331, -1.2088 4.1338 1.953, -1.0621 4.1338 1.9927, -1.0747 4.1338 2.0003, -1.0532 4.1338 2.2392, -1.0377 4.1338 1.9659, -1.0471 4.1338 1.9794, -1.0532 4.1338 1.9848, -1.2194 4.1338 1.8183, -1.2214 4.1338 1.7996, -1.2352 4.1338 1.716, -1.2189 4.1338 1.7794, -1.2126 4.1338 1.7636, -1.2031 4.1338 1.7504, -1.1017 4.1338 2.0104, -1.1415 4.1338 2.0148, -1.2352 4.1338 2.2392, -1.2091 4.1338 2.0017, -1.1719 4.1338 2.0123, -1.1887 4.1338 1.738, -1.1751 4.1338 1.7299, -1.1481 4.1338 1.7203, -1.1363 4.1338 1.9741, -1.1214 4.1338 1.9731, -1.0812 4.1338 1.9361, -1.108 4.1338 1.9697, -1.0967 4.1338 1.9638, -1.0816 4.1338 1.9294, -1.0836 4.1338 1.9216, -1.0871 4.1338 1.9148, -1.092 4.1338 1.9094, -1.1096 4.1338 1.8982, -1.1727 4.1338 1.9693, -1.1405 4.1338 1.8845, -1.2008 4.1338 1.9578, -1.1599 4.1338 1.8765, -1.1931 4.1338 1.8577, -1.0891 4.1338 1.9572, -1.0847 4.1338 1.9508, -1.0822 4.1338 1.944, -1.079 4.1338 1.7606, -1.1049 4.1338 1.8483, -1.0751 4.1338 1.8622, -1.1105 4.1338 1.7568, -1.1127 4.1338 1.7568, -1.1377 4.1338 1.8343, -1.1384 4.1338 1.7594, -1.1699 4.1338 1.795, -1.1694 4.1338 1.8013, -1.1514 4.1338 1.7641, -1.156 4.1338 1.7668, -1.1618 4.1338 1.7719, -1.1662 4.1338 1.7783, -1.1688 4.1338 1.7855, -1.1672 4.1338 1.8091, -1.1634 4.1338 1.8158, -1.1572 4.1338 1.8223, -1.8287 4.1338 2.7604, -1.873 4.1338 2.7526, -1.9283 4.1338 2.7523, -1.7074 4.1338 2.3536, -1.7178 4.1338 2.3536, -1.8287 4.1338 2.6388, -1.775 4.1338 2.3536, -1.7748 4.1338 2.353, -1.7177 4.1338 2.3534, -1.8287 4.1338 2.3536, -1.8287 4.1338 2.4621, -1.814 4.1338 2.4622, -1.9807 4.1338 2.461, -2.0199 4.1338 2.3536, -2.0208 4.1338 2.3512, -2.0779 4.1338 2.3508, -2.0769 4.1338 2.3536, -2.2042 4.1338 2.3536, -2.2042 4.1338 2.7604, -1.2873 4.1338 2.7107, -1.3319 4.1338 2.7604, -1.2876 4.1338 2.7568, -1.2352 4.1338 2.7604, -1.2352 4.1338 2.7572, -1.275 4.1338 2.5827, -1.2747 4.1338 2.5369, -1.2942 4.1338 2.402, -1.2939 4.1338 2.3564, -1.3319 4.1338 2.3536, -1.2352 4.1338 2.4025, -1.2352 4.1338 2.583, -1.2352 4.1338 2.5371, -1.1316 4.1338 2.5379, -1.1306 4.1338 2.4032, -1.2352 4.1338 2.7111, -1.1328 4.1338 2.7118, -1.1319 4.1338 2.5837, -1.0786 4.1338 2.3579, -1.0532 4.1338 2.3536, -1.2352 4.1338 2.3536, -1.0814 4.1338 2.7583, -1.0532 4.1338 2.7604, -1.2352 4.1338 2.3568, -0.5232 4.1338 2.4075, -0.6827 4.1338 2.4064, -0.6913 4.1338 2.3536, -0.6823 4.1338 2.3607, -0.4712 4.1338 2.3622, -0.4741 4.1338 2.7604, -0.4741 4.1338 2.7626, -0.6913 4.1338 4.3307, -0.7152 4.1338 4.3307, -0.9812 4.1338 4.3307, -0.9633 4.1338 2.7609, -0.9649 4.1338 2.7604, -0.9812 4.1338 2.7604, -1.0532 4.1338 4.3307, -1.2352 4.1338 4.3307, -1.3319 4.1338 4.3307, -1.7074 4.1338 4.3307, -3.5165 4.1338 4.9143, -3.4378 4.1338 4.7244, -8.62 4.1338 2.7604, -3.3127 4.1338 4.5613, -3.1496 4.1338 4.4362, -3.5433 4.1338 5.1181, -8.62 4.1338 5.9843, -3.5433 4.1338 5.9843, -2.9597 4.1338 4.3575, -2.7559 4.1338 4.3307, -2.2042 4.1338 4.3307, -1.8287 4.1338 4.3307, -1.7074 4.1338 2.7604, -14.6654 4.1338 5.1969, -14.252 4.1338 5.1969, -14.252 4.1338 4.3307, -12.822 4.1338 4.7244, -12.7434 4.1338 4.9143, -12.7165 4.1338 5.1181, -12.7165 4.1338 5.9843, -14.6654 4.1338 2.7604, -13.5039 4.1338 4.3307, -13.3001 4.1338 4.3575, -13.1102 4.1338 4.4362, -12.9472 4.1338 4.5613, -0.9812 4.1338 2.7554, -1.0012 4.1338 2.7492, -1.0009 4.1338 2.6952, -0.9989 4.1338 2.4246, -0.9923 4.1338 2.6997, -0.9812 4.1338 2.4166, -0.9812 4.1338 2.7037, -0.9513 4.1338 2.7145, -0.9173 4.1338 2.3993, -0.9621 4.1338 2.408, -0.7543 4.1338 2.5522, -0.7543 4.1338 2.5559, -0.9067 4.1338 2.7196, -0.8927 4.1338 2.7192, -0.8576 4.1338 2.713, -0.7905 4.1338 2.6683, -0.772 4.1338 2.6396, -0.7595 4.1338 2.6033, -0.7603 4.1338 2.503, -0.7727 4.1338 2.4703, -0.7928 4.1338 2.4414, -0.8272 4.1338 2.4146, -0.8557 4.1338 2.4035, -0.8954 4.1338 2.3985, -0.8259 4.1338 2.699, -0.7973 4.1338 2.6759, -0.8011 4.1338 2.4332, -0.8071 4.1338 2.7439, -0.8491 4.1338 2.7598, -0.7152 4.1338 2.7604, -0.8548 4.1338 2.7604, -0.9065 4.1338 2.7663, -0.9119 4.1338 2.7662, -0.7152 4.1338 2.6382, -0.7322 4.1338 2.6748, -0.759 4.1338 2.7084, -0.7681 4.1338 2.717, -0.7119 4.1338 2.6312, -0.7073 4.1338 2.4888, -0.7001 4.1338 2.5532, -0.7015 4.1338 2.5801, -0.8184 4.1338 2.3637, -0.781 4.1338 2.3821, -0.8614 4.1338 2.3541, -0.7504 4.1338 2.4081, -0.7467 4.1338 2.4123, -0.9 4.1338 2.3536, -0.8876 4.1338 2.3525, -0.8688 4.1338 2.3536, -0.9986 4.1338 2.3751, -0.9917 4.1338 2.3717, -0.9812 4.1338 2.3536, -0.9812 4.1338 2.3684, -0.9486 4.1338 2.3579, -1.305 4.1338 2.0071, -1.249 4.1338 2.0075, -1.3567 4.1338 1.716, -1.3591 4.1338 1.7214, -1.3319 4.1338 1.7921, -1.2352 4.1338 1.6494, -1.3247 4.1338 1.6494, -1.3268 4.1338 1.6517, -1.3319 4.1338 1.716, -1.3319 4.1338 1.6608, -1.3367 4.1338 1.6696, -1.2971 4.1338 1.6309, -1.3081 4.1338 1.6349, -1.3174 4.1338 1.6413, -1.3288 4.1338 1.5962, -1.3089 4.1338 1.5888, -1.3319 4.1338 0.8727, -1.2887 4.1338 1.5866, -1.2352 4.1338 0.8727, -1.2776 4.1338 1.5871, -1.2563 4.1338 1.5909, -1.2567 4.1338 1.6356, -1.2669 4.1338 1.6321, -1.2851 4.1338 1.6296, -1.3767 4.1338 1.6494, -1.3683 4.1338 1.6333, -1.7074 4.1338 0.8727, -1.3498 4.1338 1.6114, -1.3464 4.1338 1.6083, -1.3319 4.1338 1.5984, -1.4069 4.1338 1.716, -1.3913 4.1338 1.6774, -1.7074 4.1338 1.6494, 14.6654 4.1338 0.1969, -1.8287 4.1338 0.8727, -1.7074 4.1338 0.1969, -1.3319 4.1338 0.1969, -1.2352 4.1338 0.1969, -1.0532 4.1338 0.8727, -1.0532 4.1338 0.1969, -1.8287 4.1338 1.6494, -8.62 4.1338 1.6494, -0.6913 4.1338 1.6494, -0.6913 4.1338 1.716, -0.7152 4.1338 0.8727, -0.9812 4.1338 1.6494, -0.7152 4.1338 1.6494, -0.7152 4.1338 1.716, -0.6629 4.1338 1.9061, -0.5197 4.1338 1.9071, -0.5187 4.1338 1.7724, -0.6913 4.1338 2.2392, -0.6754 4.1338 2.08, -0.6758 4.1338 2.126, -0.6824 4.1338 1.7713, -0.6632 4.1338 1.9519, -0.52 4.1338 1.9529, -0.5209 4.1338 2.0811, -0.682 4.1338 1.7256, -0.7499 4.1338 1.8599, -0.7595 4.1338 1.9422, -0.7394 4.1338 1.8437, -0.7331 4.1338 1.8255, -0.8848 4.1338 1.7394, -0.8669 4.1338 1.7278, -0.9096 4.1338 1.724, -0.8465 4.1338 1.7205, -0.8207 4.1338 1.7179, -0.8705 4.1338 1.9743, -0.8535 4.1338 1.9762, -0.8261 4.1338 1.8945, -0.9566 4.1338 1.9492, -0.9611 4.1338 1.9076, -0.7648 4.1338 1.8734, -0.7853 4.1338 1.8843, -0.7936 4.1338 1.9634, -0.825 4.1338 1.9735, -0.9598 4.1338 1.7236, -0.8134 4.1338 2.0124, -0.7152 4.1338 2.2392, -0.7751 4.1338 1.9993, -0.7599 4.1338 1.9909, -0.8585 4.1338 2.0168, -0.9099 4.1338 1.7682, -0.9086 4.1338 1.7682, -0.9007 4.1338 1.7564, -0.8916 4.1338 2.0133, -0.912 4.1338 2.0063, -0.9281 4.1338 1.9963, -0.9381 4.1338 1.9866, -0.9486 4.1338 1.971, -0.7715 4.1338 1.729, -0.7547 4.1338 1.7409, -0.7491 4.1338 1.7466, -0.7388 4.1338 1.7621, -0.9109 4.1338 1.9057, -0.9093 4.1338 1.9279, -0.9043 4.1338 1.9458, -0.8985 4.1338 1.9562, -0.7329 4.1338 1.7791, -0.7306 4.1338 1.8018, -0.7907 4.1338 1.7216, -0.8909 4.1338 1.9643, -0.8821 4.1338 1.9701, -1.8664 4.1338 1.7172, -1.8692 4.1338 2.1175, -1.9834 4.1338 2.1167, -2.0511 4.1338 2.1078, -2.0984 4.1338 2.0885, -2.181 4.1338 1.8442, -2.1602 4.1338 1.8034, -2.0438 4.1338 1.724, -1.9765 4.1338 1.7164, -2.1323 4.1338 1.7714, -2.0897 4.1338 1.7414, -2.1344 4.1338 2.0627, -2.1528 4.1338 2.0437, -2.1762 4.1338 2.0072, -2.1893 4.1338 1.9674, -2.1938 4.1338 1.9202, -2.1919 4.1338 1.8903, -1.4796 4.1338 2.3551, -1.3695 4.1338 2.3559, -1.4866 4.1338 2.7554, -1.5542 4.1338 2.7465, -1.3724 4.1338 2.7562, -1.6842 4.1338 2.4828, -1.6633 4.1338 2.442, -1.695 4.1338 2.5289, -1.6355 4.1338 2.4101, -1.5928 4.1338 2.38, -1.5469 4.1338 2.3627, -1.6015 4.1338 2.7271, -1.6376 4.1338 2.7013, -1.656 4.1338 2.6824, -1.6793 4.1338 2.6458, -1.6925 4.1338 2.6061, -1.6969 4.1338 2.5588, -2.5747 4.1338 1.7122, -2.5733 4.1338 1.716, -8.62 4.1338 1.716, -8.62 4.1338 2.2392, -8.62 4.1338 2.3536, -14.6654 4.1338 2.3536, -14.6654 4.1338 2.2392, -14.6654 4.1338 1.716, -14.6654 4.1338 1.6494, -14.6654 4.1338 0.8727, -14.6654 4.1338 0.1969, -14.252 -4.1339 5.1969, -14.252 -4.1339 4.3307, -14.252 -3.4449 4.3307, -14.252 -3.8701 6.1811, -14.252 -2.1654 7.1654, -14.252 -3.5573 6.5888, -14.252 -2.6749 7.0983, -14.252 -3.1496 6.9016, -14.252 -1.6732 0.689, -14.252 -1.6732 0.0, -14.252 -0.4921 0.689, -14.252 1.6732 0.0, -14.252 1.8652 4.2033, -14.252 1.8594 4.1955, -14.252 3.4449 0.689, -14.252 1.8547 4.1913, -14.252 1.6732 0.689, -14.252 1.8513 4.1894, -14.252 1.8505 4.1891, -14.252 1.144 3.9582, -14.252 1.035 3.683, -14.252 1.8725 4.2188, -14.252 3.4449 4.3307, -14.252 1.8786 4.232, -14.252 4.0668 5.7063, -14.252 1.4141 5.6634, -14.252 3.8701 6.1811, -14.252 3.5573 6.5888, -14.252 -0.7529 3.3419, -14.252 -3.4449 2.0669, -14.252 -0.5029 3.1833, -14.252 -0.4921 2.0669, -14.252 -1.1718 4.4, -14.252 -1.0982 4.6868, -14.252 -0.9556 4.9462, -14.252 -0.7529 5.162, -14.252 -4.0668 5.7063, -14.252 2.1653 7.1654, -14.252 -0.5029 5.3207, -14.252 1.5342 5.5208, -14.252 3.1496 6.9016, -14.252 2.6748 7.0983, -14.252 1.2305 5.4852, -14.252 -0.0 5.4331, -14.252 0.0741 5.4307, -14.252 1.9102 4.4531, -14.252 1.9106 4.4184, -14.252 1.8979 4.3157, -14.252 1.1811 4.252, -14.252 1.8176 4.2326, -14.252 1.7986 4.3129, -14.252 0.861 3.4435, -14.252 0.6328 3.2547, -14.252 0.365 3.1287, -14.252 0.0741 3.0732, -14.252 -0.2213 3.0918, -14.252 -0.9556 3.5577, -14.252 -1.0982 3.8172, -14.252 -1.1718 4.1039, -14.252 -0.2213 5.4122, -14.252 1.8968 4.3068, -14.252 1.8951 4.293, -14.252 1.035 4.821, -14.252 1.5215 5.0935, -14.252 1.4848 5.161, -14.252 1.434 5.2316, -14.252 1.4084 5.2671, -14.252 0.861 5.0605, -14.252 1.3389 5.3636, -14.252 0.365 5.3753, -14.252 0.6328 5.2492, -14.252 1.2784 5.434, -14.252 1.3381 5.3648, -14.252 1.579 5.4677, -14.252 1.6136 5.413, -14.252 1.6413 5.3691, -14.252 1.7984 4.3137, -14.252 1.7837 4.376, -14.252 1.7668 4.4443, -14.252 1.7182 4.6402, -14.252 1.7182 4.6402, -14.252 1.144 4.5457, -14.252 1.6529 4.8207, -14.252 1.6291 4.8864, -14.252 1.7243 4.6158, -14.252 1.8396 4.191, -14.252 1.8386 4.1917, -14.252 1.8336 4.1971, -14.252 1.8326 4.1984, -14.252 1.8226 4.219, -14.252 1.8214 4.2215, -14.252 1.8965 4.6786, -14.252 1.9007 4.6497, -14.252 1.9085 4.5958, -14.252 1.6057 4.9385, -14.252 1.5999 4.9492, -14.252 1.5494 5.0422, -14.252 1.8478 4.1886, -14.252 1.8467 4.1885, -14.252 1.844 4.1889, -14.252 1.8429 4.1892, -14.252 1.7066 5.2658, -14.252 1.7335 5.2072, -14.252 1.761 5.1475, -14.252 1.8054 5.0508, -14.252 1.8102 5.0377, -14.252 1.8198 5.0115, -14.252 1.8549 4.8867, -14.252 1.8785 4.803
            ]
        }
        coordIndex [
            0,1,2,-1,3,4,5,-1,6,3,7,-1,8,9,10,-1,11,12,13,-1,14,15,16,-1,17,18,19,-1,20,21,22,-1,23,24,25,-1,26,27,28,-1,28,27,29,-1,30,31,28,-1,28,31,32,-1,28,32,26,-1,33,34,28,-1,28,34,35,-1,28,35,30,-1,36,37,38,-1,38,37,39,-1,40,41,42,-1,42,41,38,-1,42,38,43,-1,43,38,39,-1,44,33,45,-1,46,47,36,-1,36,47,48,-1,36,48,37,-1,46,49,50,-1,51,52,53,-1,50,54,46,-1,46,54,51,-1,46,51,55,-1,55,51,53,-1,56,57,36,-1,36,57,58,-1,36,58,46,-1,46,58,59,-1,46,59,49,-1,56,60,57,-1,57,60,61,-1,57,61,45,-1,45,61,62,-1,45,62,44,-1,38,63,36,-1,36,63,64,-1,36,64,65,-1,65,64,66,-1,65,66,67,-1,68,69,38,-1,38,69,70,-1,38,70,63,-1,71,72,73,-1,73,74,71,-1,71,74,75,-1,71,75,38,-1,38,75,76,-1,38,76,68,-1,77,78,79,-1,79,78,80,-1,79,80,81,-1,81,82,79,-1,79,82,83,-1,79,83,72,-1,72,83,84,-1,72,84,73,-1,79,85,86,-1,87,77,88,-1,88,77,79,-1,88,79,89,-1,89,79,86,-1,90,91,92,-1,92,91,93,-1,92,93,85,-1,85,93,94,-1,85,94,86,-1,95,96,97,-1,97,96,98,-1,97,98,90,-1,25,24,99,-1,24,100,99,-1,99,100,101,-1,99,101,97,-1,97,101,102,-1,97,102,95,-1,103,104,105,-1,106,107,108,-1,108,107,109,-1,103,105,110,-1,111,112,25,-1,113,114,107,-1,107,114,115,-1,107,115,116,-1,25,117,118,-1,104,119,105,-1,105,119,120,-1,105,120,121,-1,112,122,25,-1,25,122,123,-1,25,123,117,-1,124,125,126,-1,126,125,127,-1,126,127,128,-1,129,116,130,-1,130,116,131,-1,130,131,126,-1,126,131,132,-1,126,132,124,-1,129,133,116,-1,116,133,134,-1,116,134,107,-1,107,134,135,-1,107,135,109,-1,136,137,105,-1,105,137,138,-1,105,138,107,-1,107,138,139,-1,107,139,113,-1,140,141,142,-1,142,141,143,-1,142,143,105,-1,105,143,144,-1,105,144,110,-1,145,146,23,-1,23,146,147,-1,147,148,23,-1,23,148,149,-1,23,149,150,-1,150,149,140,-1,150,140,151,-1,151,140,142,-1,121,152,105,-1,105,152,153,-1,105,153,154,-1,118,155,25,-1,25,155,156,-1,25,156,23,-1,23,156,157,-1,23,157,145,-1,154,158,105,-1,105,158,159,-1,105,159,136,-1,160,161,162,-1,162,116,160,-1,160,116,115,-1,160,115,163,-1,163,115,164,-1,164,165,163,-1,163,165,166,-1,163,166,167,-1,168,169,170,-1,169,171,170,-1,170,171,172,-1,170,172,173,-1,174,170,175,-1,161,160,174,-1,174,160,176,-1,174,176,170,-1,170,176,177,-1,170,177,168,-1,175,178,174,-1,174,178,179,-1,174,179,180,-1,173,172,181,-1,181,172,182,-1,181,182,183,-1,183,182,184,-1,183,184,185,-1,186,187,180,-1,180,187,188,-1,180,188,174,-1,27,189,29,-1,29,189,190,-1,29,190,2,-1,2,190,191,-1,2,191,192,-1,193,194,195,-1,194,193,196,-1,196,193,197,-1,196,197,198,-1,198,197,199,-1,198,199,200,-1,201,202,203,-1,203,202,204,-1,203,204,205,-1,21,206,207,-1,207,206,208,-1,209,210,208,-1,211,212,213,-1,214,211,215,-1,215,216,214,-1,214,216,217,-1,214,217,218,-1,208,219,209,-1,209,219,220,-1,209,220,221,-1,222,223,224,-1,225,226,227,-1,213,212,228,-1,228,212,229,-1,228,229,230,-1,231,232,226,-1,226,232,233,-1,226,233,227,-1,234,235,236,-1,236,235,237,-1,238,239,240,-1,241,242,237,-1,243,244,245,-1,241,237,246,-1,243,245,237,-1,237,245,247,-1,237,247,246,-1,248,249,250,-1,250,249,251,-1,250,251,252,-1,252,251,253,-1,252,253,234,-1,254,255,256,-1,257,258,259,-1,239,260,240,-1,240,260,261,-1,240,261,259,-1,259,261,262,-1,259,262,257,-1,263,264,265,-1,264,266,265,-1,265,266,267,-1,265,267,268,-1,258,269,259,-1,259,269,270,-1,259,270,271,-1,255,263,256,-1,256,263,265,-1,256,265,272,-1,272,265,271,-1,272,271,273,-1,273,271,270,-1,268,274,265,-1,265,274,275,-1,265,275,276,-1,277,278,279,-1,279,278,280,-1,279,280,281,-1,279,282,277,-1,277,282,283,-1,277,283,284,-1,284,285,277,-1,277,285,286,-1,277,286,287,-1,287,286,288,-1,287,288,289,-1,289,288,290,-1,289,290,256,-1,256,290,291,-1,256,291,254,-1,292,293,281,-1,281,293,294,-1,281,294,279,-1,295,296,244,-1,244,296,297,-1,244,297,245,-1,295,298,296,-1,296,298,299,-1,296,299,300,-1,300,299,301,-1,300,302,303,-1,301,304,300,-1,300,304,305,-1,300,305,306,-1,306,307,300,-1,300,307,308,-1,300,308,302,-1,303,309,300,-1,300,309,310,-1,300,310,311,-1,312,313,314,-1,315,316,317,-1,318,319,207,-1,21,207,22,-1,22,207,319,-1,22,319,320,-1,207,321,318,-1,318,321,322,-1,318,322,323,-1,324,322,325,-1,325,322,321,-1,325,321,326,-1,326,321,207,-1,326,207,327,-1,327,207,193,-1,327,193,328,-1,328,193,329,-1,328,329,314,-1,314,329,330,-1,314,330,312,-1,331,332,333,-1,333,332,334,-1,333,334,335,-1,336,337,338,-1,338,339,340,-1,338,337,341,-1,342,336,331,-1,337,343,341,-1,341,343,344,-1,341,344,345,-1,331,346,342,-1,342,346,347,-1,342,347,348,-1,349,350,351,-1,335,334,352,-1,352,334,353,-1,352,353,349,-1,340,339,351,-1,351,339,354,-1,351,354,349,-1,18,355,19,-1,19,355,356,-1,19,356,357,-1,357,356,358,-1,357,358,359,-1,28,360,361,-1,33,28,45,-1,45,28,361,-1,45,361,362,-1,361,17,362,-1,362,17,19,-1,362,19,363,-1,364,365,366,-1,364,367,368,-1,368,367,353,-1,368,353,369,-1,369,353,334,-1,369,334,370,-1,370,334,332,-1,370,332,371,-1,372,373,374,-1,374,373,375,-1,374,375,376,-1,372,374,377,-1,377,374,378,-1,377,378,379,-1,380,381,330,-1,330,381,382,-1,330,382,312,-1,312,382,383,-1,312,383,384,-1,385,386,387,-1,388,389,374,-1,374,389,378,-1,378,389,390,-1,378,390,391,-1,385,387,392,-1,392,387,393,-1,392,393,394,-1,394,395,374,-1,374,395,396,-1,374,396,388,-1,364,366,367,-1,367,366,397,-1,367,397,353,-1,353,397,398,-1,353,398,399,-1,349,353,350,-1,350,353,399,-1,350,399,400,-1,400,399,401,-1,400,401,402,-1,402,401,403,-1,402,403,404,-1,405,406,407,-1,407,406,402,-1,407,402,408,-1,404,409,402,-1,402,409,410,-1,402,410,411,-1,412,413,402,-1,402,413,414,-1,402,414,408,-1,415,416,417,-1,418,419,407,-1,407,419,420,-1,407,420,405,-1,411,421,402,-1,402,421,422,-1,402,422,412,-1,415,417,407,-1,407,417,423,-1,407,423,418,-1,424,425,426,-1,426,425,427,-1,426,427,363,-1,363,427,428,-1,363,428,364,-1,364,428,429,-1,364,429,365,-1,426,430,431,-1,431,432,426,-1,426,432,433,-1,426,433,424,-1,363,19,426,-1,426,19,434,-1,426,434,430,-1,15,435,357,-1,357,435,436,-1,357,436,19,-1,19,436,437,-1,19,437,434,-1,438,439,16,-1,438,16,440,-1,439,441,16,-1,16,441,442,-1,16,442,14,-1,443,444,240,-1,240,444,445,-1,400,446,350,-1,350,446,447,-1,350,447,448,-1,448,447,449,-1,448,449,450,-1,227,222,225,-1,225,222,224,-1,225,224,451,-1,451,224,452,-1,453,454,455,-1,456,457,265,-1,265,457,458,-1,265,458,459,-1,459,458,460,-1,459,460,461,-1,462,463,464,-1,465,466,467,-1,467,466,468,-1,467,468,469,-1,468,470,469,-1,469,470,471,-1,469,471,456,-1,456,471,472,-1,456,472,457,-1,457,472,473,-1,457,473,464,-1,464,473,474,-1,464,474,462,-1,475,476,477,-1,476,478,477,-1,477,478,479,-1,477,479,467,-1,467,479,480,-1,467,480,465,-1,481,482,483,-1,90,92,97,-1,97,92,484,-1,97,484,11,-1,6,485,486,-1,486,485,477,-1,486,477,487,-1,487,477,467,-1,487,467,488,-1,488,467,469,-1,276,248,265,-1,265,248,250,-1,265,250,456,-1,456,250,489,-1,456,489,469,-1,469,489,490,-1,469,490,488,-1,485,491,477,-1,477,491,483,-1,477,483,475,-1,475,483,482,-1,3,5,7,-1,7,5,492,-1,7,492,199,-1,11,13,97,-1,97,13,493,-1,97,493,99,-1,99,493,494,-1,99,494,25,-1,8,10,495,-1,495,10,496,-1,495,496,497,-1,497,496,236,-1,497,236,498,-1,234,236,252,-1,252,236,496,-1,252,496,250,-1,250,496,10,-1,250,10,489,-1,489,10,9,-1,489,9,490,-1,491,213,483,-1,483,213,228,-1,483,228,481,-1,481,228,230,-1,481,230,223,-1,223,230,20,-1,223,20,224,-1,224,20,22,-1,224,22,315,-1,315,22,320,-1,315,320,316,-1,499,500,501,-1,494,502,503,-1,503,502,504,-1,501,505,499,-1,499,505,494,-1,499,494,506,-1,506,494,503,-1,506,503,507,-1,507,503,508,-1,505,509,494,-1,494,509,0,-1,494,0,25,-1,25,0,2,-1,25,2,111,-1,111,2,192,-1,510,511,512,-1,512,511,513,-1,514,515,516,-1,516,515,517,-1,516,517,518,-1,519,520,521,-1,240,522,523,-1,510,524,511,-1,511,524,525,-1,511,525,526,-1,526,525,521,-1,526,521,527,-1,527,521,520,-1,242,238,237,-1,237,238,240,-1,237,240,236,-1,236,240,523,-1,236,523,528,-1,529,530,531,-1,531,530,532,-1,440,16,445,-1,445,16,530,-1,445,530,240,-1,240,530,529,-1,240,529,533,-1,534,535,516,-1,516,535,536,-1,516,536,514,-1,533,537,240,-1,240,537,538,-1,240,538,539,-1,539,540,240,-1,240,540,541,-1,240,541,522,-1,542,543,498,-1,498,543,544,-1,498,544,545,-1,546,547,521,-1,521,547,548,-1,521,548,549,-1,545,550,498,-1,498,550,551,-1,498,551,530,-1,530,551,513,-1,530,513,532,-1,532,513,511,-1,528,516,236,-1,236,516,518,-1,236,518,498,-1,498,518,552,-1,498,552,542,-1,549,553,521,-1,521,553,554,-1,521,554,519,-1,555,207,213,-1,213,207,208,-1,213,208,211,-1,211,208,210,-1,211,210,215,-1,555,556,207,-1,207,556,557,-1,207,557,193,-1,193,557,558,-1,193,558,559,-1,560,561,197,-1,197,562,563,-1,561,564,197,-1,197,564,565,-1,197,565,562,-1,6,7,485,-1,485,7,199,-1,485,199,491,-1,491,199,197,-1,491,197,213,-1,213,197,563,-1,213,563,555,-1,559,566,193,-1,193,566,567,-1,193,567,568,-1,568,569,193,-1,193,569,570,-1,193,570,197,-1,197,570,571,-1,197,571,560,-1,360,28,359,-1,359,28,29,-1,359,29,357,-1,357,29,2,-1,357,2,502,-1,502,2,1,-1,502,1,504,-1,15,357,16,-1,16,357,502,-1,16,502,530,-1,530,502,494,-1,530,494,498,-1,498,494,493,-1,498,493,497,-1,497,493,13,-1,497,13,495,-1,495,13,12,-1,495,12,8,-1,450,443,448,-1,448,443,240,-1,448,240,350,-1,350,240,259,-1,350,259,351,-1,351,259,271,-1,351,271,340,-1,572,573,340,-1,574,575,384,-1,336,338,331,-1,331,338,340,-1,331,340,332,-1,332,340,573,-1,332,573,576,-1,383,371,384,-1,384,371,332,-1,384,332,574,-1,574,332,576,-1,577,578,315,-1,577,315,579,-1,578,580,315,-1,315,580,581,-1,315,581,582,-1,582,572,315,-1,315,572,340,-1,315,340,224,-1,224,340,271,-1,224,271,452,-1,452,271,265,-1,452,265,455,-1,455,265,459,-1,455,459,453,-1,453,459,461,-1,575,583,384,-1,384,583,584,-1,384,584,585,-1,585,586,384,-1,384,586,587,-1,384,587,588,-1,313,312,317,-1,317,312,384,-1,317,384,315,-1,315,384,588,-1,315,588,579,-1,203,200,201,-1,201,200,199,-1,201,199,589,-1,589,199,492,-1,589,492,590,-1,590,492,591,-1,590,591,195,-1,195,591,592,-1,195,592,193,-1,193,592,593,-1,193,593,329,-1,329,593,374,-1,329,374,330,-1,330,374,376,-1,330,376,380,-1,394,374,392,-1,392,374,593,-1,392,593,594,-1,594,593,592,-1,594,592,595,-1,595,592,591,-1,595,591,596,-1,596,591,492,-1,596,492,597,-1,597,492,5,-1,597,5,598,-1,598,5,4,-1,598,4,599,-1,600,601,602,-1,603,604,605,-1,605,604,606,-1,605,606,607,-1,608,609,610,-1,610,609,611,-1,612,613,614,-1,614,613,615,-1,614,615,616,-1,616,615,617,-1,616,617,618,-1,619,620,616,-1,612,614,621,-1,621,614,622,-1,621,622,623,-1,386,624,625,-1,625,624,626,-1,625,626,627,-1,628,629,630,-1,630,629,631,-1,632,633,602,-1,602,633,634,-1,602,634,635,-1,603,636,604,-1,604,636,600,-1,604,600,637,-1,637,600,602,-1,637,602,638,-1,638,602,635,-1,639,622,625,-1,625,622,387,-1,625,387,386,-1,627,640,625,-1,625,640,641,-1,625,641,637,-1,642,643,644,-1,645,646,622,-1,622,646,647,-1,648,649,650,-1,620,651,616,-1,616,651,652,-1,616,652,611,-1,611,652,653,-1,611,653,610,-1,610,653,654,-1,610,654,631,-1,631,654,655,-1,631,655,630,-1,628,656,629,-1,629,656,657,-1,629,657,602,-1,602,657,658,-1,602,658,632,-1,642,625,643,-1,643,625,637,-1,643,637,659,-1,659,637,638,-1,647,660,622,-1,622,660,661,-1,622,661,623,-1,662,663,664,-1,664,665,662,-1,662,665,666,-1,662,666,667,-1,667,666,668,-1,644,669,642,-1,642,669,670,-1,642,670,671,-1,671,670,667,-1,671,667,672,-1,672,667,668,-1,639,673,622,-1,622,673,674,-1,622,674,675,-1,676,677,678,-1,679,680,681,-1,681,680,682,-1,681,682,683,-1,650,676,648,-1,648,676,678,-1,648,678,681,-1,681,678,684,-1,681,684,679,-1,685,686,648,-1,648,686,687,-1,648,687,688,-1,688,689,648,-1,648,689,690,-1,648,690,649,-1,691,692,622,-1,622,692,693,-1,622,693,645,-1,683,694,681,-1,681,694,695,-1,681,695,662,-1,662,695,696,-1,662,696,663,-1,618,697,616,-1,616,697,698,-1,616,698,619,-1,619,698,699,-1,619,699,648,-1,648,699,700,-1,648,700,685,-1,675,701,622,-1,622,701,702,-1,622,702,703,-1,703,704,622,-1,622,704,705,-1,622,705,706,-1,706,707,622,-1,622,707,708,-1,622,708,691,-1,
        ]
    }
}
Shape{
    appearance Appearance {
        material  Material 	{
            diffuseColor 0.8509803921568627 0.8509803921568627 0.8509803921568627
            specularColor 0.4235294117647059 0.4235294117647059 0.4235294117647059
            ambientIntensity 0.851
            transparency 0.0
            shininess 0.5
        }
    }
    geometry IndexedFaceSet {
        ccw TRUE
        solid FALSE
        coord DEF co Coordinate {
            point [
                -14.7441 1.2089 4.252, -14.8567 1.1677 4.5649, -14.7441 1.1677 4.5649, -14.8567 1.0469 4.8564, -14.7441 1.0469 4.8564, -14.8567 0.8548 5.1068, -14.7441 0.8548 5.1068, -14.8567 0.6044 5.2989, -14.7441 0.6044 5.2989, -14.8567 0.3129 5.4197, -14.7441 0.3129 5.4197, -14.8567 -0.0 5.4609, -14.7441 -0.0 5.4609, -14.8567 -0.3129 5.4197, -14.7441 -0.3129 5.4197, -14.8567 -0.6045 5.2989, -14.7441 -0.6045 5.2989, -14.8567 -0.8548 5.1068, -14.7441 -0.8548 5.1068, -14.8567 -1.047 4.8564, -14.7441 -1.047 4.8564, -14.8567 -1.1677 4.5649, -14.7441 -1.1677 4.5649, -14.8567 -1.2089 4.252, -14.7441 -1.2089 4.252, -14.8567 -1.1677 3.9391, -14.7441 -1.1677 3.9391, -14.8567 -1.047 3.6475, -14.7441 -1.047 3.6475, -14.8567 -0.8548 3.3972, -14.7441 -0.8548 3.3972, -14.8567 -0.6045 3.205, -14.7441 -0.6045 3.205, -14.8567 -0.3129 3.0843, -14.7441 -0.3129 3.0843, -14.8567 -0.0 3.0431, -14.7441 -0.0 3.0431, -14.8567 0.3129 3.0843, -14.7441 0.3129 3.0843, -14.8567 0.6044 3.205, -14.7441 0.6044 3.205, -14.8567 0.8548 3.3972, -14.7441 0.8548 3.3972, -14.8567 1.0469 3.6475, -14.7441 1.0469 3.6475, -14.8567 1.1677 3.9391, -14.7441 1.1677 3.9391, -14.8567 1.2089 4.252, -14.8567 0.3937 4.252, -14.8567 0.3803 4.1501, -14.8567 0.3409 4.0551, -14.8567 0.2784 3.9736, -14.8567 0.1968 3.911, -14.8567 0.1019 3.8717, -14.8567 -0.0 3.8583, -14.8567 -0.1019 3.8717, -14.8567 -0.1969 3.911, -14.8567 -0.2784 3.9736, -14.8567 -0.341 4.0551, -14.8567 -0.3803 4.1501, -14.8567 -0.3937 4.252, -14.8567 -0.3803 4.3539, -14.8567 -0.341 4.4488, -14.8567 -0.2784 4.5304, -14.8567 -0.1969 4.5929, -14.8567 -0.1019 4.6323, -14.8567 -0.0 4.6457, -14.8567 0.1019 4.6323, -14.8567 0.1968 4.5929, -14.8567 0.2784 4.5304, -14.8567 0.3409 4.4488, -14.8567 0.3803 4.3539, -13.87 0.0905 3.8688, -13.8552 0.1018 3.8718, -13.7963 0.1268 3.8793, -13.7795 0.1279 3.8796, -13.7795 0.1968 3.911, -13.8435 0.1108 3.8742, -13.8285 0.1182 3.8764, -13.8126 0.1236 3.8782, -13.9031 0.0331 3.8597, -13.8977 0.0489 3.8613, -13.8903 0.064 3.8635, -13.8569 -0.1019 3.8717, -13.87 -0.0905 3.8688, -13.8903 -0.064 3.8635, -13.8977 -0.049 3.8613, -13.9031 -0.0331 3.8597, -13.9064 -0.0167 3.8586, -13.9075 -0.0 3.8583, -13.9064 0.0167 3.8586, -13.7795 -0.128 3.8796, -13.7963 -0.1269 3.8793, -13.7795 -0.1969 3.911, -13.8126 -0.1236 3.8782, -13.843 -0.1099 3.874, -13.8286 -0.1182 3.8764, -13.7795 0.2784 3.9736, -13.7795 0.3409 4.0551, -13.7795 0.3803 4.1501, -13.7795 0.3937 4.252, -13.7795 0.3803 4.3539, -13.7795 0.3409 4.4488, -13.7795 0.2784 4.5304, -13.7795 0.1968 4.5929, -13.7795 0.1019 4.6323, -13.7795 -0.0 4.6457, -13.7795 -0.1019 4.6323, -13.7795 -0.1969 4.5929, -13.7795 -0.2784 4.5304, -13.7795 -0.341 4.4488, -13.7795 -0.3803 4.3539, -13.7795 -0.3937 4.252, -13.7795 -0.3803 4.1501, -13.7795 -0.341 4.0551, -13.7795 -0.2784 3.9736, -13.7795 -0.128 3.6257, -13.7795 -0.2722 3.6736, -13.7795 -0.4075 3.7594, -13.7795 -0.5172 3.8762, -13.7795 -0.5943 4.0167, -13.7795 -0.6342 4.1719, -13.7795 -0.6342 4.3321, -13.7795 -0.5943 4.4873, -13.7795 -0.5172 4.6277, -13.7795 -0.4075 4.7445, -13.7795 -0.2722 4.8304, -13.7795 -0.1198 4.8799, -13.7795 0.0401 4.8899, -13.7795 0.1975 4.8599, -13.7795 0.3425 4.7917, -13.7795 0.466 4.6895, -13.7795 0.5601 4.5599, -13.7795 0.6191 4.4109, -13.7795 0.6392 4.252, -13.7795 0.6191 4.093, -13.7795 0.5601 3.944, -13.7795 0.466 3.8144, -13.7795 0.3425 3.7123, -13.7795 0.1975 3.644, -13.7795 0.1279 3.6257, -13.7879 0.1277 3.5286, -13.7969 0.1262 3.4943, -13.7951 0.2375 3.5209, -13.8126 0.1236 3.4346, -13.8412 0.1118 3.3683, -13.8408 0.2753 3.4047, -13.797 -0.1262 3.4943, -13.7878 -0.1277 3.529, -13.7951 -0.1441 3.4969, -13.7836 -0.1278 3.5786, -13.7951 -0.3273 3.5564, -13.8408 -0.1669 3.3769, -13.8412 -0.1118 3.3683, -13.8126 -0.1236 3.4346, -13.8975 0.0496 3.2747, -13.9031 0.0331 3.267, -13.9142 0.0627 3.2553, -13.8435 -0.1108 3.3629, -13.9031 -0.0331 3.267, -13.8975 -0.0496 3.2747, -13.9142 -0.1872 3.271, -13.9064 0.0169 3.2627, -13.9075 -0.0 3.2612, -13.9063 -0.017 3.2627, -13.8903 -0.064 3.2848, -13.8805 -0.0786 3.2994, -13.87 -0.0905 3.3158, -13.8435 0.1108 3.3629, -13.9142 0.3086 3.3022, -13.87 0.0905 3.3158, -13.8805 0.0786 3.2994, -13.8903 0.064 3.2848, -13.8918 0.0609 3.2827, -13.7951 0.4119 3.6029, -13.7951 0.5603 3.7258, -13.7951 0.6736 3.8816, -13.7951 0.7445 4.0608, -13.7951 0.7687 4.252, -13.7951 0.7445 4.4431, -13.7951 0.6736 4.6223, -13.7951 0.5603 4.7782, -13.7951 0.4119 4.901, -13.7951 0.2375 4.9831, -13.7951 0.0482 5.0192, -13.7951 -0.1441 5.0071, -13.7951 -0.3273 4.9475, -13.7951 -0.49 4.8443, -13.7951 -0.6219 4.7038, -13.7951 -0.7148 4.535, -13.7951 -0.7627 4.3483, -13.7951 -0.7627 4.1556, -13.7951 -0.7148 3.969, -13.7951 -0.6219 3.8001, -13.7951 -0.49 3.6597, -13.8408 0.4773 3.4998, -13.8408 0.6494 3.6421, -13.8408 0.7806 3.8228, -13.8408 0.8628 4.0304, -13.8408 0.8908 4.252, -13.8408 0.8628 4.4735, -13.8408 0.7806 4.6811, -13.8408 0.6494 4.8618, -13.8408 0.4773 5.0041, -13.8408 0.2753 5.0992, -13.8408 0.0559 5.1411, -13.8408 -0.1669 5.127, -13.8408 -0.3793 5.058, -13.8408 -0.5679 4.9384, -13.8408 -0.7207 4.7756, -13.8408 -0.8283 4.5799, -13.8408 -0.8838 4.3636, -13.8408 -0.8838 4.1403, -13.8408 -0.8283 3.924, -13.8408 -0.7207 3.7283, -13.8408 -0.5679 3.5656, -13.8408 -0.3793 3.4459, -13.9142 0.5351 3.4088, -13.9142 0.728 3.5683, -13.9142 0.8751 3.7709, -13.9142 0.9673 4.0036, -13.9142 0.9987 4.252, -13.9142 0.9673 4.5003, -13.9142 0.8751 4.7331, -13.9142 0.728 4.9356, -13.9142 0.5351 5.0952, -13.9142 0.3086 5.2018, -13.9142 0.0627 5.2487, -13.9142 -0.1872 5.233, -13.9142 -0.4252 5.1556, -13.9142 -0.6366 5.0215, -13.9142 -0.808 4.839, -13.9142 -0.9286 4.6196, -13.9142 -0.9908 4.3771, -13.9142 -0.9908 4.1268, -13.9142 -0.9286 3.8843, -13.9142 -0.808 3.665, -13.9142 -0.6366 3.4825, -13.9142 -0.4252 3.3483, -14.011 1.0519 4.5221, -14.011 0.9517 4.7752, -14.011 0.7917 4.9954, -14.011 0.5819 5.169, -14.011 0.3356 5.2849, -14.011 0.0682 5.3359, -14.011 -0.2035 5.3188, -14.011 -0.4624 5.2347, -14.011 -0.6923 5.0888, -14.011 -0.8787 4.8903, -14.011 -1.0098 4.6518, -14.011 -1.0775 4.3881, -14.011 -1.0775 4.1159, -14.011 -1.0098 3.8522, -14.011 -0.8787 3.6136, -14.011 -0.6923 3.4151, -14.011 -0.4624 3.2693, -14.011 -0.2035 3.1851, -14.011 0.0682 3.1681, -14.011 0.3356 3.2191, -14.011 0.5819 3.335, -14.011 0.7917 3.5085, -14.011 0.9517 3.7288, -14.011 1.0519 3.9819, -14.011 1.086 4.252, -14.1258 1.112 4.5375, -14.1258 1.006 4.805, -14.1258 0.8369 5.0379, -14.1258 0.6151 5.2213, -14.1258 0.3547 5.3438, -14.1258 0.0721 5.3978, -14.1258 -0.2151 5.3797, -14.1258 -0.4888 5.2908, -14.1258 -0.7318 5.1366, -14.1258 -0.9288 4.9268, -14.1258 -1.0674 4.6746, -14.1258 -1.139 4.3959, -14.1258 -1.139 4.1081, -14.1258 -1.0674 3.8293, -14.1258 -0.9288 3.5772, -14.1258 -0.7318 3.3674, -14.1258 -0.4888 3.2132, -14.1258 -0.2151 3.1243, -14.1258 0.0721 3.1062, -14.1258 0.3547 3.1601, -14.1258 0.6151 3.2826, -14.1258 0.8369 3.4661, -14.1258 1.006 3.6989, -14.1258 1.112 3.9665, -14.1258 1.148 4.252, -14.252 -0.0 5.4331, -14.252 -0.2213 5.4122, -14.252 -0.5029 5.3207, -14.252 -0.7529 5.162, -14.252 -0.9556 4.9462, -14.252 -1.0982 4.6868, -14.252 -1.1718 4.4, -14.252 -1.1718 4.1039, -14.252 -1.0982 3.8172, -14.252 -0.9556 3.5577, -14.252 -0.7529 3.3419, -14.252 -0.5029 3.1833, -14.252 -0.2213 3.0918, -14.252 0.0741 3.0732, -14.252 0.365 3.1287, -14.252 0.6328 3.2547, -14.252 0.861 3.4435, -14.252 1.035 3.683, -14.252 1.144 3.9582, -14.252 1.1811 4.252, -14.252 1.144 4.5457, -14.252 1.035 4.821, -14.252 0.861 5.0605, -14.252 0.6328 5.2492, -14.252 0.365 5.3753, -14.252 0.0741 5.4307, -13.8121 0.1237 2.548, -13.7902 0.1275 2.5246, -13.7939 0.1271 2.5295, -13.8038 0.1253 2.5396, -13.8126 0.1236 2.5484, -13.8196 0.1215 2.5538, -13.8381 0.1137 2.5646, -13.8434 0.1107 2.5667, -13.8226 0.1203 2.5555, -13.8438 0.1104 2.5669, -13.8487 0.1076 2.5689, -13.8619 0.0974 2.5724, -13.8664 0.0939 2.5736, -13.8664 0.0939 2.5736, -13.8699 0.0904 2.5741, -13.8728 0.0876 2.5745, -13.8903 0.0639 2.5751, -13.8927 0.0597 2.575, -13.903 0.033 2.5736, -13.8889 0.0664 2.5752, -13.9035 0.0317 2.5735, -13.9071 -0.0104 2.5726, -13.9062 -0.0167 2.5729, -13.906 0.0193 2.5729, -13.9067 -0.0 2.5727, -13.907 -0.0084 2.5727, -13.9053 -0.0235 2.5731, -13.9024 -0.0329 2.5738, -13.8965 -0.0519 2.5753, -13.8727 -0.0877 2.5787, -13.8698 -0.0902 2.5787, -13.8932 -0.0588 2.576, -13.8907 -0.0625 2.5763, -13.8899 -0.0637 2.5764, -13.8764 -0.0836 2.5784, -13.8747 -0.0855 2.5785, -13.8527 -0.105 2.5784, -13.8475 -0.1084 2.5778, -13.8456 -0.1096 2.5775, -13.8434 -0.1107 2.577, -13.8258 -0.1193 2.5728, -13.8224 -0.1204 2.5714, -13.8137 -0.1233 2.5679, -13.795 -0.127 2.557, -13.7872 -0.1277 2.5509, -13.7999 -0.1261 2.5599, -13.8126 -0.1235 2.5673, -13.7806 -0.1277 2.5439, -13.7795 -0.1277 2.5427, -13.8435 -0.1108 3.937, -13.8126 -0.1236 3.937, -13.87 -0.0905 3.937, -13.8903 -0.064 3.937, -13.9031 -0.0331 3.937, -13.9075 -0.0 3.937, -13.9031 0.0331 3.937, -13.8903 0.064 3.937, -13.87 0.0905 3.937, -13.8435 0.1108 3.937, -13.8126 0.1236 3.937, -13.7795 0.1279 -1.9685, -13.7795 0.1278 2.3928, -13.7464 0.1236 -1.9685, -13.7757 0.1278 2.4008, -13.7724 0.1277 2.4075, -13.7688 0.1275 2.4201, -13.7683 0.1274 2.4246, -13.7655 0.1272 2.4498, -13.7795 0.1279 3.937, -13.7464 0.1236 3.937, -13.7689 0.1275 2.4744, -13.7728 0.1278 2.4916, -13.7755 0.1279 2.4986, -13.7795 0.1278 2.5057, -13.7879 0.1275 2.5205, -13.803 0.1254 2.3593, -13.7927 0.1273 2.3702, -13.7854 0.1278 2.3806, -13.8468 0.1087 2.3289, -13.8435 0.1107 2.3302, -13.8435 0.1108 -1.9685, -13.8429 0.1111 2.3304, -13.8126 0.1236 -1.9685, -13.8426 0.1113 2.3306, -13.8233 0.1202 2.3415, -13.8216 0.1207 2.3428, -13.8126 0.1235 2.3497, -13.8108 0.124 2.3511, -13.8721 0.0883 2.3211, -13.8698 0.0903 2.3217, -13.87 0.0905 -1.9685, -13.8656 0.094 2.3228, -13.8537 0.1042 2.326, -13.8903 0.064 -1.9685, -13.8883 0.066 2.3195, -13.8779 0.0817 2.3201, -13.8965 0.0518 2.3193, -13.8934 0.0583 2.3192, -13.8899 0.0637 2.3194, -13.9024 0.0329 2.3201, -13.9031 0.0331 -1.9685, -13.9054 0.0231 2.3205, -13.9075 -0.0 -1.9685, -13.9068 0.0133 2.3209, -13.9028 -0.033 2.3218, -13.904 -0.0295 2.3218, -13.9031 -0.0331 -1.9685, -13.9064 -0.0167 2.3217, -13.9066 -0.0 2.3212, -13.8764 -0.0825 2.3222, -13.8823 -0.0751 2.3219, -13.87 -0.0905 -1.9685, -13.8874 -0.0688 2.3216, -13.8903 -0.064 -1.9685, -13.8902 -0.0639 2.3216, -13.8937 -0.0579 2.3216, -13.8586 -0.1006 2.3241, -13.8696 -0.0909 2.3226, -13.87 -0.0905 2.3226, -13.8126 -0.1236 -1.9685, -13.8125 -0.1232 2.3404, -13.8435 -0.1108 -1.9685, -13.8245 -0.1198 2.3341, -13.8379 -0.1139 2.3291, -13.8433 -0.1104 2.3278, -13.8493 -0.1066 2.3264, -13.7821 -0.1276 2.3632, -13.7944 -0.1271 2.3515, -13.8014 -0.126 2.3467, -13.8033 -0.1257 2.3453, -13.7795 -0.1277 2.3656, -13.7795 -0.128 -1.9685, -13.7746 -0.1279 2.3703, -13.7546 -0.1255 2.402, -13.7661 -0.1271 2.3824, -13.7698 -0.1276 2.3762, -13.7464 -0.1236 2.4781, -13.7438 -0.1229 2.4521, -13.7156 -0.1108 3.937, -13.7464 -0.1236 2.4783, -13.7464 -0.1236 3.937, -13.7468 -0.1237 2.4823, -13.7446 -0.1231 2.4394, -13.7156 -0.1108 -1.9685, -13.7464 -0.1236 2.4314, -13.7464 -0.1236 -1.9685, -13.7472 -0.1238 2.4283, -13.7513 -0.1248 2.4102, -13.7795 -0.128 3.937, -13.7698 -0.1276 2.5324, -13.7646 -0.127 2.5247, -13.7624 -0.1268 2.5215, -13.7536 -0.1252 2.5021, -13.75 -0.1245 2.4943, -13.6891 -0.0905 -1.9685, -13.6891 -0.0905 3.937, -13.6687 -0.064 -1.9685, -13.6687 -0.064 3.937, -13.6559 -0.0331 -1.9685, -13.6559 -0.0331 3.937, -13.6516 -0.0 -1.9685, -13.6516 -0.0 3.937, -13.6559 0.0331 -1.9685, -13.6559 0.0331 3.937, -13.6687 0.064 -1.9685, -13.6687 0.064 3.937, -13.6891 0.0905 -1.9685, -13.6891 0.0905 3.937, -13.7156 0.1108 -1.9685, -13.7156 0.1108 3.937, -13.7662 0.1272 2.4622, -13.7795 -0.0 -1.9685, -13.7795 -0.0 3.937
            ]
        }
        coordIndex [
            0,1,2,-1,2,1,3,-1,2,3,4,-1,4,3,5,-1,4,5,6,-1,6,5,7,-1,6,7,8,-1,8,7,9,-1,8,9,10,-1,10,9,11,-1,10,11,12,-1,12,11,13,-1,12,13,14,-1,14,13,15,-1,14,15,16,-1,16,15,17,-1,16,17,18,-1,18,17,19,-1,18,19,20,-1,20,19,21,-1,20,21,22,-1,22,21,23,-1,22,23,24,-1,24,23,25,-1,24,25,26,-1,26,25,27,-1,26,27,28,-1,28,27,29,-1,28,29,30,-1,30,29,31,-1,30,31,32,-1,32,31,33,-1,32,33,34,-1,34,33,35,-1,34,35,36,-1,36,35,37,-1,36,37,38,-1,38,37,39,-1,38,39,40,-1,40,39,41,-1,40,41,42,-1,42,41,43,-1,42,43,44,-1,44,43,45,-1,44,45,46,-1,46,45,47,-1,46,47,0,-1,0,47,1,-1,48,47,49,-1,49,47,45,-1,49,45,50,-1,50,45,43,-1,50,43,51,-1,51,43,41,-1,51,41,52,-1,52,41,39,-1,52,39,53,-1,53,39,37,-1,53,37,54,-1,54,37,35,-1,54,35,55,-1,55,35,33,-1,55,33,56,-1,56,33,31,-1,56,31,57,-1,57,31,29,-1,57,29,58,-1,58,29,27,-1,58,27,59,-1,59,27,25,-1,59,25,60,-1,60,25,23,-1,60,23,61,-1,61,23,21,-1,61,21,62,-1,62,21,19,-1,62,19,63,-1,63,19,17,-1,63,17,64,-1,64,17,15,-1,64,15,65,-1,65,15,13,-1,65,13,66,-1,66,13,11,-1,66,11,67,-1,67,11,9,-1,67,9,68,-1,68,9,7,-1,68,7,69,-1,69,7,5,-1,69,5,70,-1,70,5,3,-1,70,3,71,-1,71,3,1,-1,71,1,48,-1,48,1,47,-1,72,73,53,-1,74,75,76,-1,53,73,52,-1,77,78,76,-1,76,78,79,-1,76,79,74,-1,80,81,53,-1,53,81,82,-1,53,82,72,-1,83,84,55,-1,55,84,85,-1,55,85,86,-1,86,87,55,-1,55,87,88,-1,55,88,54,-1,54,88,89,-1,54,89,53,-1,53,89,90,-1,53,90,80,-1,91,92,93,-1,93,92,94,-1,83,55,95,-1,95,55,56,-1,95,56,96,-1,73,77,52,-1,52,77,76,-1,52,76,51,-1,51,76,97,-1,51,97,50,-1,50,97,98,-1,50,98,49,-1,49,98,99,-1,49,99,48,-1,48,99,100,-1,48,100,71,-1,71,100,101,-1,71,101,70,-1,70,101,102,-1,70,102,69,-1,69,102,103,-1,69,103,68,-1,68,103,104,-1,68,104,67,-1,67,104,105,-1,67,105,66,-1,66,105,106,-1,66,106,65,-1,65,106,107,-1,65,107,64,-1,64,107,108,-1,64,108,63,-1,63,108,109,-1,63,109,62,-1,62,109,110,-1,62,110,61,-1,61,110,111,-1,61,111,60,-1,60,111,112,-1,60,112,59,-1,59,112,113,-1,59,113,58,-1,58,113,114,-1,58,114,57,-1,57,114,115,-1,57,115,56,-1,56,115,93,-1,56,93,96,-1,96,93,94,-1,116,91,117,-1,117,91,93,-1,117,93,118,-1,118,93,115,-1,118,115,119,-1,119,115,114,-1,119,114,120,-1,120,114,113,-1,120,113,121,-1,121,113,112,-1,121,112,122,-1,122,112,123,-1,123,112,111,-1,123,111,124,-1,124,111,110,-1,124,110,125,-1,125,110,109,-1,125,109,126,-1,126,109,108,-1,126,108,127,-1,127,108,107,-1,127,107,128,-1,128,107,106,-1,128,106,129,-1,129,106,105,-1,129,105,130,-1,130,105,104,-1,130,104,131,-1,131,104,103,-1,131,103,132,-1,132,103,102,-1,132,102,133,-1,133,102,101,-1,133,101,134,-1,134,101,100,-1,134,100,135,-1,135,100,99,-1,135,99,136,-1,136,99,98,-1,136,98,137,-1,137,98,97,-1,137,97,138,-1,138,97,76,-1,138,76,139,-1,139,76,75,-1,139,75,140,-1,141,142,143,-1,144,145,146,-1,147,148,149,-1,149,148,150,-1,149,150,151,-1,152,153,154,-1,155,156,157,-1,153,152,158,-1,159,160,161,-1,156,162,157,-1,157,162,163,-1,157,163,161,-1,161,163,164,-1,161,164,159,-1,160,165,161,-1,161,165,166,-1,161,166,167,-1,145,168,169,-1,169,168,170,-1,170,171,169,-1,169,171,172,-1,169,172,157,-1,157,172,173,-1,157,173,155,-1,144,146,142,-1,141,143,140,-1,140,143,139,-1,139,143,174,-1,139,174,138,-1,138,174,175,-1,138,175,137,-1,137,175,176,-1,137,176,136,-1,136,176,177,-1,136,177,135,-1,135,177,178,-1,135,178,134,-1,134,178,179,-1,134,179,133,-1,133,179,180,-1,133,180,132,-1,132,180,181,-1,132,181,131,-1,131,181,182,-1,131,182,130,-1,130,182,183,-1,130,183,129,-1,129,183,184,-1,129,184,128,-1,128,184,185,-1,128,185,127,-1,127,185,186,-1,127,186,126,-1,126,186,187,-1,126,187,125,-1,125,187,188,-1,125,188,124,-1,124,188,189,-1,124,189,123,-1,123,189,190,-1,123,190,122,-1,122,190,191,-1,122,191,121,-1,121,191,192,-1,121,192,120,-1,120,192,193,-1,120,193,119,-1,119,193,194,-1,119,194,118,-1,118,194,151,-1,118,151,117,-1,117,151,150,-1,117,150,116,-1,142,146,143,-1,143,146,195,-1,143,195,174,-1,174,195,196,-1,174,196,175,-1,175,196,197,-1,175,197,176,-1,176,197,198,-1,176,198,177,-1,177,198,199,-1,177,199,178,-1,178,199,200,-1,178,200,179,-1,179,200,201,-1,179,201,180,-1,180,201,202,-1,180,202,181,-1,181,202,203,-1,181,203,182,-1,182,203,204,-1,182,204,183,-1,183,204,205,-1,183,205,184,-1,184,205,206,-1,184,206,185,-1,185,206,207,-1,185,207,186,-1,186,207,208,-1,186,208,187,-1,187,208,209,-1,187,209,188,-1,188,209,210,-1,188,210,189,-1,189,210,211,-1,189,211,190,-1,190,211,212,-1,190,212,191,-1,191,212,213,-1,191,213,192,-1,192,213,214,-1,192,214,193,-1,193,214,215,-1,193,215,194,-1,194,215,216,-1,194,216,151,-1,151,216,152,-1,151,152,149,-1,149,152,154,-1,149,154,147,-1,145,169,146,-1,146,169,217,-1,146,217,195,-1,195,217,218,-1,195,218,196,-1,196,218,219,-1,196,219,197,-1,197,219,220,-1,197,220,198,-1,198,220,221,-1,198,221,199,-1,199,221,222,-1,199,222,200,-1,200,222,223,-1,200,223,201,-1,201,223,224,-1,201,224,202,-1,202,224,225,-1,202,225,203,-1,203,225,226,-1,203,226,204,-1,204,226,227,-1,204,227,205,-1,205,227,228,-1,205,228,206,-1,206,228,229,-1,206,229,207,-1,207,229,230,-1,207,230,208,-1,208,230,231,-1,208,231,209,-1,209,231,232,-1,209,232,210,-1,210,232,233,-1,210,233,211,-1,211,233,234,-1,211,234,212,-1,212,234,235,-1,212,235,213,-1,213,235,236,-1,213,236,214,-1,214,236,237,-1,214,237,215,-1,215,237,238,-1,215,238,216,-1,216,238,161,-1,216,161,152,-1,152,161,167,-1,152,167,158,-1,221,239,222,-1,222,239,240,-1,222,240,223,-1,223,240,241,-1,223,241,224,-1,224,241,242,-1,224,242,225,-1,225,242,243,-1,225,243,226,-1,226,243,244,-1,226,244,227,-1,227,244,245,-1,227,245,228,-1,228,245,246,-1,228,246,229,-1,229,246,247,-1,229,247,230,-1,230,247,248,-1,230,248,231,-1,231,248,249,-1,231,249,232,-1,232,249,250,-1,232,250,233,-1,233,250,251,-1,233,251,234,-1,234,251,252,-1,234,252,235,-1,235,252,253,-1,235,253,236,-1,236,253,254,-1,236,254,237,-1,237,254,255,-1,237,255,238,-1,238,255,256,-1,238,256,161,-1,161,256,257,-1,161,257,157,-1,157,257,258,-1,157,258,169,-1,169,258,259,-1,169,259,217,-1,217,259,260,-1,217,260,218,-1,218,260,261,-1,218,261,219,-1,219,261,262,-1,219,262,220,-1,220,262,263,-1,220,263,221,-1,221,263,239,-1,263,264,239,-1,239,264,265,-1,239,265,240,-1,240,265,266,-1,240,266,241,-1,241,266,267,-1,241,267,242,-1,242,267,268,-1,242,268,243,-1,243,268,269,-1,243,269,244,-1,244,269,270,-1,244,270,245,-1,245,270,271,-1,245,271,246,-1,246,271,272,-1,246,272,247,-1,247,272,273,-1,247,273,248,-1,248,273,274,-1,248,274,249,-1,249,274,275,-1,249,275,250,-1,250,275,276,-1,250,276,251,-1,251,276,277,-1,251,277,252,-1,252,277,278,-1,252,278,253,-1,253,278,279,-1,253,279,254,-1,254,279,280,-1,254,280,255,-1,255,280,281,-1,255,281,256,-1,256,281,282,-1,256,282,257,-1,257,282,283,-1,257,283,258,-1,258,283,284,-1,258,284,259,-1,259,284,285,-1,259,285,260,-1,260,285,286,-1,260,286,261,-1,261,286,287,-1,261,287,262,-1,262,287,288,-1,262,288,263,-1,263,288,264,-1,289,290,270,-1,270,290,291,-1,270,291,271,-1,271,291,292,-1,271,292,272,-1,272,292,293,-1,272,293,273,-1,273,293,294,-1,273,294,274,-1,274,294,295,-1,274,295,275,-1,275,295,296,-1,275,296,276,-1,276,296,297,-1,276,297,277,-1,277,297,298,-1,277,298,278,-1,278,298,299,-1,278,299,279,-1,279,299,300,-1,279,300,280,-1,280,300,301,-1,280,301,281,-1,281,301,302,-1,281,302,282,-1,282,302,303,-1,282,303,283,-1,283,303,304,-1,283,304,284,-1,284,304,305,-1,284,305,285,-1,285,305,306,-1,285,306,286,-1,286,306,307,-1,286,307,287,-1,287,307,308,-1,287,308,288,-1,288,308,309,-1,288,309,264,-1,264,309,310,-1,264,310,265,-1,265,310,311,-1,265,311,266,-1,266,311,312,-1,266,312,267,-1,267,312,313,-1,267,313,268,-1,268,313,314,-1,268,314,269,-1,269,314,289,-1,269,289,270,-1,142,141,315,-1,316,317,141,-1,141,317,318,-1,141,318,315,-1,142,315,144,-1,144,315,319,-1,144,319,320,-1,321,322,168,-1,320,323,144,-1,144,323,321,-1,144,321,145,-1,145,321,168,-1,322,324,168,-1,168,324,325,-1,168,325,326,-1,326,327,168,-1,168,327,328,-1,168,328,170,-1,170,328,329,-1,170,329,171,-1,171,329,330,-1,171,330,172,-1,155,331,156,-1,156,331,332,-1,156,332,333,-1,330,334,172,-1,172,334,331,-1,172,331,173,-1,173,331,155,-1,335,163,333,-1,333,163,162,-1,333,162,156,-1,336,337,164,-1,335,338,163,-1,163,338,339,-1,163,339,164,-1,164,339,340,-1,164,340,336,-1,337,341,164,-1,164,341,342,-1,164,342,159,-1,159,342,343,-1,344,345,166,-1,166,345,167,-1,343,346,159,-1,159,346,347,-1,159,347,160,-1,160,347,348,-1,160,348,165,-1,165,348,349,-1,165,349,166,-1,166,349,350,-1,166,350,344,-1,167,345,158,-1,158,345,351,-1,158,351,352,-1,352,353,158,-1,158,353,354,-1,158,354,153,-1,153,354,355,-1,153,355,154,-1,154,355,356,-1,154,356,357,-1,358,359,148,-1,358,148,360,-1,148,147,360,-1,360,147,154,-1,360,154,361,-1,361,154,357,-1,359,362,148,-1,148,362,363,-1,148,363,150,-1,364,95,96,-1,364,96,365,-1,95,364,83,-1,83,364,366,-1,83,366,84,-1,84,366,367,-1,84,367,85,-1,85,367,86,-1,86,367,368,-1,86,368,87,-1,87,368,88,-1,88,368,369,-1,88,369,89,-1,89,369,90,-1,90,369,370,-1,90,370,80,-1,80,370,81,-1,81,370,371,-1,81,371,82,-1,82,371,372,-1,82,372,72,-1,72,372,73,-1,73,372,373,-1,73,373,77,-1,75,74,374,-1,374,74,79,-1,374,79,373,-1,373,79,78,-1,373,78,77,-1,375,376,377,-1,377,376,378,-1,377,378,379,-1,379,380,377,-1,377,380,381,-1,377,381,382,-1,374,383,75,-1,75,383,384,-1,75,384,140,-1,385,386,140,-1,386,387,140,-1,140,387,388,-1,140,388,141,-1,141,388,389,-1,141,389,316,-1,390,391,375,-1,375,391,392,-1,375,392,376,-1,393,394,395,-1,395,394,396,-1,395,396,397,-1,397,396,398,-1,397,398,399,-1,399,400,397,-1,397,400,401,-1,397,401,375,-1,375,401,402,-1,375,402,390,-1,403,404,405,-1,405,404,406,-1,405,406,395,-1,395,406,407,-1,395,407,393,-1,408,409,405,-1,405,409,410,-1,405,410,403,-1,411,412,408,-1,408,412,413,-1,408,413,409,-1,411,408,414,-1,414,408,415,-1,414,415,416,-1,416,415,417,-1,416,417,418,-1,419,420,421,-1,421,420,422,-1,421,422,417,-1,417,422,423,-1,417,423,418,-1,424,425,426,-1,426,425,427,-1,426,427,428,-1,428,427,429,-1,428,429,421,-1,421,429,430,-1,421,430,419,-1,431,432,426,-1,426,432,433,-1,426,433,424,-1,434,435,436,-1,436,435,437,-1,437,438,436,-1,436,438,439,-1,436,439,426,-1,426,439,440,-1,426,440,431,-1,441,442,434,-1,442,443,434,-1,434,443,444,-1,434,444,435,-1,441,434,445,-1,445,434,446,-1,445,446,447,-1,448,449,446,-1,446,449,450,-1,446,450,447,-1,451,452,453,-1,451,453,454,-1,454,453,455,-1,454,455,456,-1,452,457,458,-1,458,457,459,-1,458,459,460,-1,460,459,461,-1,460,461,446,-1,446,461,462,-1,446,462,448,-1,96,94,365,-1,365,94,92,-1,365,92,463,-1,463,92,91,-1,463,91,455,-1,455,91,116,-1,150,363,116,-1,116,363,464,-1,116,464,455,-1,455,464,465,-1,455,465,466,-1,466,467,455,-1,455,467,468,-1,455,468,456,-1,452,458,453,-1,453,458,469,-1,453,469,470,-1,470,469,471,-1,470,471,472,-1,472,471,473,-1,472,473,474,-1,474,473,475,-1,474,475,476,-1,476,475,477,-1,476,477,478,-1,478,477,479,-1,478,479,480,-1,480,479,481,-1,480,481,482,-1,482,481,483,-1,482,483,484,-1,484,483,377,-1,484,377,384,-1,384,377,382,-1,384,382,140,-1,140,382,485,-1,140,485,385,-1,479,477,486,-1,486,477,475,-1,486,475,473,-1,377,483,486,-1,486,483,481,-1,486,481,479,-1,395,397,486,-1,486,397,375,-1,486,375,377,-1,415,408,486,-1,486,408,405,-1,486,405,395,-1,428,421,486,-1,486,421,417,-1,486,417,415,-1,434,436,486,-1,486,436,426,-1,486,426,428,-1,458,460,486,-1,486,460,446,-1,486,446,434,-1,473,471,486,-1,486,471,469,-1,486,469,458,-1,472,474,487,-1,487,474,476,-1,487,476,478,-1,455,453,487,-1,487,453,470,-1,487,470,472,-1,364,365,487,-1,487,365,463,-1,487,463,455,-1,368,367,487,-1,487,367,366,-1,487,366,364,-1,371,370,487,-1,487,370,369,-1,487,369,368,-1,374,373,487,-1,487,373,372,-1,487,372,371,-1,484,384,487,-1,487,384,383,-1,487,383,374,-1,478,480,487,-1,487,480,482,-1,487,482,484,-1,
        ]
    }
}
Shape{
    appearance Appearance {
        material  Material 	{
            diffuseColor 0.2235294117647059 0.2235294117647059 0.2235294117647059
            specularColor 0.11372549019607843 0.11372549019607843 0.11372549019607843
            ambientIntensity 0.2235
            transparency 0.0
            shininess 0.5
        }
    }
    geometry IndexedFaceSet {
        ccw TRUE
        solid FALSE
        coord DEF co Coordinate {
            point [
                -14.8622 -3.937 0.1969, -14.8622 -3.937 5.1969, -14.8622 -3.4449 2.0669, -14.8622 0.8366 2.8029, -14.8622 1.1831 3.0688, -14.8622 3.937 0.1969, -14.8622 0.433 2.6358, -14.8622 3.4181 6.4496, -14.8622 3.6384 6.1811, -14.8622 1.449 5.0886, -14.8622 -0.0 2.5787, -14.8622 -0.4921 2.0669, -14.8622 -0.4921 0.689, -14.8622 -3.4449 0.689, -14.8622 1.449 3.4154, -14.8622 1.6162 3.8189, -14.8622 3.937 5.1969, -14.8622 -0.0 5.9252, -14.8622 -2.1654 6.9685, -14.8622 0.433 5.8682, -14.8622 2.1653 6.9685, -14.8622 0.8366 5.701, -14.8622 1.1831 5.4351, -14.8622 2.511 6.9345, -14.8622 2.8433 6.8336, -14.8622 3.1496 6.6699, -14.8622 -3.8022 5.8748, -14.8622 -3.6384 6.1811, -14.8622 -1.4491 5.0886, -14.8622 -3.4181 6.4496, -14.8622 -3.903 5.5425, -14.8622 -1.6162 4.685, -14.8622 -1.6732 4.252, -14.8622 -1.6162 3.8189, -14.8622 -1.4491 3.4154, -14.8622 1.6732 4.252, -14.8622 1.6162 4.685, -14.8622 3.9029 5.5425, -14.8622 3.8021 5.8748, -14.8622 -0.4331 5.8682, -14.8622 -0.8366 5.701, -14.8622 -2.511 6.9345, -14.8622 -1.1832 5.4351, -14.8622 -2.8434 6.8336, -14.8622 -3.1497 6.6699, -14.8622 -1.1832 3.0688, -14.8622 -0.8366 2.8029, -14.8622 -0.4331 2.6358, -14.6654 3.937 0.0, -14.7163 3.937 0.0067, -14.7163 3.9862 0.0132, -14.8358 3.9862 0.1116, -14.8555 3.9625 0.1527, -14.8555 3.973 0.1608, -14.8555 3.9879 0.1969, -14.8555 3.9862 0.1837, -14.8555 3.9502 0.1476, -14.8358 3.9625 0.1018, -14.8045 3.973 0.0624, -14.8555 3.937 0.1459, -14.8358 4.0066 0.1273, -14.8555 3.9811 0.1714, -14.8358 4.0222 0.1476, -14.8358 4.0321 0.1714, -14.8358 4.0354 0.1969, -14.8358 3.937 0.0984, -14.8045 3.937 0.0577, -14.7638 3.937 0.0264, -14.8045 4.0066 0.0763, -14.8045 4.0354 0.0984, -14.8045 4.0575 0.1273, -14.8045 4.0714 0.1608, -14.8045 4.0762 0.1969, -14.7638 3.9811 0.0322, -14.7638 4.0222 0.0492, -14.7638 4.0575 0.0763, -14.7638 4.0846 0.1116, -14.7638 4.1017 0.1527, -14.7638 4.1075 0.1969, -14.7163 4.0321 0.0322, -14.7163 4.0714 0.0624, -14.7163 4.1017 0.1018, -14.7163 4.1207 0.1476, -14.7163 4.1271 0.1969, -14.6654 3.9879 0.0067, -14.6654 4.0354 0.0264, -14.6654 4.0762 0.0577, -14.6654 4.1075 0.0984, -14.6654 4.1271 0.1459, -14.6654 4.1338 0.1969, -14.8555 -3.937 0.1459, -14.8358 -3.937 0.0984, -14.849 -3.988 0.1476, -14.83 -3.988 0.1018, -14.83 -4.0355 0.1527, -14.813 -4.0355 0.1116, -14.7998 -4.0762 0.1608, -14.7859 -4.0762 0.1273, -14.7604 -4.1075 0.1714, -14.7506 -4.1075 0.1476, -14.7146 -4.1272 0.1837, -14.7095 -4.1272 0.1714, -14.6654 -4.1339 0.1969, -14.8045 -3.937 0.0577, -14.7998 -3.988 0.0624, -14.7859 -4.0355 0.0763, -14.7638 -4.0762 0.0984, -14.735 -4.1075 0.1273, -14.7014 -4.1272 0.1608, -14.8555 -3.988 0.1969, -14.8358 -4.0355 0.1969, -14.8045 -4.0762 0.1969, -14.7638 -4.1075 0.1969, -14.7163 -4.1272 0.1969, -14.7638 -3.937 0.0264, -14.7163 -3.937 0.0067, -14.7604 -3.988 0.0322, -14.7146 -3.988 0.0132, -14.7506 -4.0355 0.0492, -14.7095 -4.0355 0.0322, -14.735 -4.0762 0.0763, -14.7014 -4.0762 0.0624, -14.7146 -4.1075 0.1116, -14.6908 -4.1075 0.1018, -14.6908 -4.1272 0.1527, -14.6785 -4.1272 0.1476, -14.6654 -3.937 0.0, -14.6654 -3.988 0.0067, -14.6654 -4.0355 0.0264, -14.6654 -4.0762 0.0577, -14.6654 -4.1075 0.0984, -14.6654 -4.1272 0.1459, 14.8555 3.973 0.1608, 14.8555 3.9811 0.1714, 14.8622 3.937 0.1969, 14.8414 3.937 0.112, 14.8358 3.937 0.0984, 14.8358 3.9625 0.1018, 14.8179 3.937 0.0751, 14.8045 3.937 0.0577, 14.8045 3.973 0.0624, 14.7163 4.1207 0.1476, 14.6654 4.1271 0.1459, 14.6654 4.1338 0.1969, 14.7163 4.0714 0.0624, 14.6654 4.0762 0.0577, 14.6654 4.1075 0.0984, 14.6654 3.937 0.0, 14.6654 3.9879 0.0067, 14.7091 3.937 0.0058, 14.7163 3.9862 0.0132, 14.7163 3.937 0.0067, 14.6654 4.0354 0.0264, 14.7163 4.0321 0.0322, 14.7638 4.0222 0.0492, 14.7502 3.937 0.0208, 14.7638 3.9811 0.0322, 14.7638 3.937 0.0264, 14.7871 3.937 0.0443, 14.7638 4.1075 0.1969, 14.8045 4.0762 0.1969, 14.8045 4.0714 0.1608, 14.8045 4.0066 0.0763, 14.7638 4.0575 0.0763, 14.7163 4.1017 0.1018, 14.8358 4.0321 0.1714, 14.8358 4.0222 0.1476, 14.7638 4.0846 0.1116, 14.8045 4.0354 0.0984, 14.8358 3.9862 0.1116, 14.8555 3.9502 0.1476, 14.8555 3.9862 0.1837, 14.8358 4.0354 0.1969, 14.8555 3.9879 0.1969, 14.8565 3.937 0.1532, 14.8555 3.937 0.1459, 14.7163 4.1271 0.1969, 14.7638 4.1017 0.1527, 14.8045 4.0575 0.1273, 14.8358 4.0066 0.1273, 14.8555 3.9625 0.1527, 14.6654 -4.1339 0.1969, 14.6654 -4.1272 0.1459, 14.7092 -4.1289 0.1969, 14.7092 -4.1224 0.1472, 14.7161 -4.1265 0.1969, 14.7508 -4.1083 0.151, 14.7881 -4.0857 0.157, 14.7632 -4.1066 0.1969, 14.7508 -4.1144 0.1969, 14.8193 -4.0556 0.1651, 14.8037 -4.0753 0.1969, 14.7881 -4.0909 0.1969, 14.8427 -4.0195 0.1747, 14.8349 -4.0349 0.1969, 14.8193 -4.0598 0.1969, 14.8622 -3.937 0.1969, 14.8573 -3.9808 0.1969, 14.8573 -3.9793 0.1855, 14.8548 -3.9877 0.1969, 14.8427 -4.0224 0.1969, 14.6654 -4.1075 0.0984, 14.7092 -4.1032 0.1009, 14.7508 -4.0906 0.1082, 14.7881 -4.0703 0.1199, 14.8193 -4.0433 0.1355, 14.8427 -4.011 0.1541, 14.8573 -3.975 0.175, 14.6654 -4.0762 0.0577, 14.7092 -4.0727 0.0612, 14.7508 -4.0624 0.0714, 14.7881 -4.0459 0.088, 14.8193 -4.0238 0.1101, 14.8427 -3.9974 0.1365, 14.8573 -3.968 0.1659, 14.6654 -4.0355 0.0264, 14.6654 -3.988 0.0067, 14.7092 -4.033 0.0307, 14.7092 -3.9867 0.0115, 14.7508 -4.0257 0.0433, 14.7508 -3.9829 0.0255, 14.7881 -4.014 0.0636, 14.7881 -3.9769 0.0482, 14.8193 -3.9984 0.0906, 14.8193 -3.9688 0.0783, 14.8427 -3.9797 0.1229, 14.8427 -3.9591 0.1144, 14.8573 -3.9589 0.1589, 14.8573 -3.9484 0.1545, 14.6654 -3.937 0.0, 14.7092 -3.937 0.0049, 14.7508 -3.937 0.0195, 14.7881 -3.937 0.043, 14.8193 -3.937 0.0741, 14.8427 -3.937 0.1114, 14.8573 -3.937 0.1531, -14.7441 0.6044 5.2989, -14.7441 0.8366 5.701, -14.7441 0.8548 5.1068, -14.7441 1.1831 5.4351, -14.7441 1.0469 4.8564, -14.7441 1.449 5.0886, -14.7441 1.1677 4.5649, -14.7441 1.6162 4.685, -14.7441 1.2089 4.252, -14.7441 1.6732 4.252, -14.7441 1.1677 3.9391, -14.7441 1.6162 3.8189, -14.7441 1.0469 3.6475, -14.7441 1.449 3.4154, -14.7441 0.8548 3.3972, -14.7441 1.1831 3.0688, -14.7441 0.6044 3.205, -14.7441 0.8366 2.8029, -14.7441 0.3129 3.0843, -14.7441 0.433 2.6358, -14.7441 -0.0 3.0431, -14.7441 -0.0 2.5787, -14.7441 -0.3129 3.0843, -14.7441 -0.4331 2.6358, -14.7441 -0.6045 3.205, -14.7441 -0.8366 2.8029, -14.7441 -0.8548 3.3972, -14.7441 -1.1832 3.0688, -14.7441 -1.047 3.6475, -14.7441 -1.4491 3.4154, -14.7441 -1.1677 3.9391, -14.7441 -1.6162 3.8189, -14.7441 -1.2089 4.252, -14.7441 -1.6732 4.252, -14.7441 -1.1677 4.5649, -14.7441 -1.6162 4.685, -14.7441 -1.047 4.8564, -14.7441 -1.4491 5.0886, -14.7441 -0.8548 5.1068, -14.7441 -1.1832 5.4351, -14.7441 -0.6045 5.2989, -14.7441 -0.8366 5.701, -14.7441 -0.3129 5.4197, -14.7441 -0.4331 5.8682, -14.7441 -0.0 5.4609, -14.7441 -0.0 5.9252, -14.7441 0.3129 5.4197, -14.7441 0.433 5.8682, 14.7441 1.0469 4.8564, 14.7441 1.449 5.0886, 14.7441 0.8548 5.1068, 14.7441 1.1831 5.4351, 14.7441 0.6044 5.2989, 14.7441 0.8366 5.701, 14.7441 0.3129 5.4197, 14.7441 0.433 5.8682, 14.7441 -0.0 5.4609, 14.7441 -0.0 5.9252, 14.7441 -0.3129 5.4197, 14.7441 -0.4331 5.8682, 14.7441 -0.6045 5.2989, 14.7441 -0.8366 5.701, 14.7441 -0.8548 5.1068, 14.7441 -1.1832 5.4351, 14.7441 -1.047 4.8564, 14.7441 -1.4491 5.0886, 14.7441 -1.1677 4.5649, 14.7441 -1.6162 4.685, 14.7441 -1.2089 4.252, 14.7441 -1.6732 4.252, 14.7441 -1.1677 3.9391, 14.7441 -1.6162 3.8189, 14.7441 -1.047 3.6475, 14.7441 -1.4491 3.4154, 14.7441 -0.8548 3.3972, 14.7441 -1.1832 3.0688, 14.7441 -0.6045 3.205, 14.7441 -0.8366 2.8029, 14.7441 -0.3129 3.0843, 14.7441 -0.4331 2.6358, 14.7441 -0.0 3.0431, 14.7441 -0.0 2.5787, 14.7441 0.3129 3.0843, 14.7441 0.433 2.6358, 14.7441 0.6044 3.205, 14.7441 0.8366 2.8029, 14.7441 0.8548 3.3972, 14.7441 1.1831 3.0688, 14.7441 1.0469 3.6475, 14.7441 1.449 3.4154, 14.7441 1.1677 3.9391, 14.7441 1.6162 3.8189, 14.7441 1.2089 4.252, 14.7441 1.6732 4.252, 14.7441 1.1677 4.5649, 14.7441 1.6162 4.685, 12.3541 -3.26 6.8356, 12.2546 -3.2194 6.9178, 12.2548 -3.6763 6.918, 11.6076 -3.0903 7.1632, 11.7229 -3.083 7.1478, 11.5665 -3.0748 7.1649, 11.6865 -3.0777 7.1557, 11.5354 -3.0709 7.1654, 11.7003 -3.153 7.1538, 11.7231 -3.1732 7.1487, 11.8807 -3.1061 7.1138, 11.8134 -3.2534 7.1288, 12.0035 -3.1362 7.0663, 11.8795 -3.3121 7.1141, 12.003 -3.4308 7.0652, 12.0394 -3.1449 7.0525, 12.2172 -3.2042 6.9487, 12.0592 -3.4848 7.0429, 12.0818 -3.507 7.0292, 12.2296 -3.6514 6.9398, 12.3688 -3.2668 6.8191, 12.3083 -3.7291 6.8718, 12.4632 -3.3105 6.7131, 12.381 -3.8009 6.8089, 12.4616 -3.8806 6.7118, 12.495 -3.9137 6.6716, 12.5789 -3.3688 6.5375, 12.4757 -3.3163 6.6991, 12.6534 -3.4092 6.3652, 12.6125 -4.0305 6.4623, 12.6991 -3.4348 6.1831, 12.6249 -4.0427 6.4316, 12.6613 -4.0788 6.3413, 12.6985 -4.1159 6.183, 12.7008 -3.4357 6.1763, 12.5017 -3.9203 6.6635, 12.5942 -4.0122 6.5078, 12.6116 -3.3866 6.4618, 12.647 -3.4057 6.3801, 12.7164 -4.1337 6.0029, 12.7165 -4.1339 5.9843, 12.7165 -3.4449 5.9843, 12.7023 -4.1196 6.1669, 12.7016 -4.1189 6.1699, 11.6293 -3.1223 7.1588, 4.6518 -3.0905 7.1631, 4.5574 -3.1546 7.1535, 4.6305 -3.1223 7.1588, 4.5367 -3.1731 7.1489, 4.7244 -3.0709 7.1654, 4.693 -3.0749 7.1649, 4.257 -3.4305 7.0647, 4.383 -3.3096 7.115, 4.4462 -3.2535 7.1289, 4.1937 -3.4913 7.0394, 4.1776 -3.5071 7.0296, 4.0265 -3.6552 6.9371, 4.0047 -3.6767 6.9184, 3.951 -3.7296 6.8724, 3.8887 -3.7912 6.8188, 3.7969 -3.8821 6.713, 3.7798 -3.8991 6.6931, 3.7658 -3.913 6.6711, 3.6814 -3.9966 6.5385, 3.6347 -4.0431 6.4316, 3.6095 -4.0681 6.374, 3.5657 -4.1117 6.2125, 3.648 -4.0299 6.4619, 3.5621 -4.1153 6.1831, 3.5605 -4.1169 6.1697, 3.5446 -4.1326 6.039, 3.5433 -4.1339 5.9843, 4.6077 -3.0749 7.1597, 3.5433 -3.4449 5.9843, 3.5588 -3.436 6.1755, 3.5607 -3.4349 6.1832, 3.6056 -3.4097 6.3628, 3.7965 -3.3106 6.7132, 3.7871 -3.315 6.7028, 3.6816 -3.3685 6.5389, 3.6483 -3.3865 6.4618, 3.613 -3.4056 6.3801, 3.8928 -3.2663 6.8189, 4.0062 -3.2196 6.9163, 3.9217 -3.253 6.8506, 4.0832 -3.1892 6.9762, 4.2559 -3.1355 7.0676, 4.2648 -3.1327 7.0723, 4.4501 -3.0931 7.1332, 4.5368 -3.0831 7.1478, -12.0662 -3.4913 7.0394, -12.0823 -3.5071 7.0296, -4.2568 -3.4308 7.0652, -12.4801 -3.8991 6.6931, -12.4941 -3.913 6.6711, -3.7648 -3.9137 6.6716, -3.5582 -4.1189 6.1699, -12.6994 -4.1169 6.1697, -3.5575 -4.1196 6.1669, -12.7152 -4.1326 6.039, -3.5435 -4.1337 6.0029, -12.7165 -4.1339 5.9843, -3.5433 -4.1339 5.9843, -3.5613 -4.1159 6.183, -12.6251 -4.0431 6.4316, -12.6503 -4.0681 6.374, -12.6942 -4.1117 6.2125, -12.6977 -4.1153 6.1831, -3.7582 -3.9203 6.6635, -3.5986 -4.0788 6.3413, -3.635 -4.0427 6.4316, -12.6119 -4.0299 6.4619, -12.5784 -3.9966 6.5385, -3.6473 -4.0305 6.4623, -3.6657 -4.0122 6.5078, -4.2007 -3.4848 7.0429, -12.4629 -3.8821 6.713, -3.7983 -3.8806 6.7118, -12.3712 -3.7912 6.8188, -3.8788 -3.8009 6.8089, -12.3088 -3.7296 6.8724, -3.9516 -3.7291 6.8718, -12.2552 -3.6767 6.9184, -4.005 -3.6763 6.918, -12.2334 -3.6552 6.9371, -4.0302 -3.6514 6.9398, -4.178 -3.507 7.0292, -4.5367 -3.1732 7.1487, -11.7232 -3.1731 7.1489, -4.4464 -3.2534 7.1288, -11.8137 -3.2535 7.1289, -4.3803 -3.3121 7.1141, -11.8768 -3.3096 7.115, -12.0028 -3.4305 7.0647, -4.5595 -3.153 7.1538, -4.6523 -3.0903 7.1632, -4.6306 -3.1223 7.1588, -4.6934 -3.0748 7.1649, -11.608 -3.0905 7.1631, -11.7025 -3.1546 7.1535, -11.6293 -3.1223 7.1588, -4.7244 -3.0709 7.1654, -11.5354 -3.0709 7.1654, -11.5669 -3.0749 7.1649, -4.5369 -3.083 7.1478, -4.5734 -3.0777 7.1557, -4.3791 -3.1061 7.1138, -4.2563 -3.1362 7.0663, -4.0426 -3.2042 6.9487, -4.0052 -3.2194 6.9178, -4.2205 -3.1449 7.0525, -3.9057 -3.26 6.8356, -3.891 -3.2668 6.8191, -3.7966 -3.3105 6.7131, -3.6809 -3.3688 6.5375, -3.7842 -3.3163 6.6991, -3.6064 -3.4092 6.3652, -3.5607 -3.4348 6.1831, -3.559 -3.4357 6.1763, -3.6482 -3.3866 6.4618, -3.6129 -3.4057 6.3801, -3.5433 -3.4449 5.9843, -11.6521 -3.0749 7.1597, -12.7165 -3.4449 5.9843, -12.7011 -3.436 6.1755, -12.6992 -3.4349 6.1832, -12.6543 -3.4097 6.3628, -12.4633 -3.3106 6.7132, -12.4728 -3.315 6.7028, -12.5782 -3.3685 6.5389, -12.6115 -3.3865 6.4618, -12.6468 -3.4056 6.3801, -12.3671 -3.2663 6.8189, -12.2536 -3.2196 6.9163, -12.3382 -3.253 6.8506, -12.1766 -3.1892 6.9762, -12.0039 -3.1355 7.0676, -11.9951 -3.1327 7.0723, -11.8098 -3.0931 7.1332, -11.7231 -3.0831 7.1478, -12.7165 4.1338 5.9843, -12.7165 3.4449 5.9843, -12.7037 4.1212 6.1571, -12.7107 3.4415 6.1019, -12.7009 4.1184 6.1698, -12.6961 3.4331 6.1826, -12.6101 3.3855 6.4742, -12.6008 4.0188 6.4941, -12.6142 3.3877 6.463, -12.6131 4.031 6.4626, -12.644 3.4041 6.3799, -12.625 4.0429 6.4317, -12.6767 3.4221 6.2887, -12.6652 4.0829 6.3284, -12.6979 4.1154 6.1829, -12.2717 3.6929 6.9078, -12.3092 3.7299 6.8729, -12.4609 3.31 6.7113, -12.4045 3.8241 6.7841, -12.4618 3.881 6.7121, -12.509 3.3328 6.653, -12.4944 3.9133 6.6712, -12.5092 3.928 6.6525, -12.3776 3.2703 6.8123, -12.3696 3.267 6.8192, -12.2556 3.677 6.9188, -12.2546 3.2193 6.9178, -12.127 3.5506 7.0066, -12.0813 3.5063 7.0279, -12.2255 3.2072 6.9428, -12.0591 3.1507 7.0429, -12.0025 3.4301 7.0646, -12.0031 3.1366 7.0653, -11.9382 3.3677 7.0946, -11.8833 3.1065 7.113, -11.8146 3.2533 7.129, -11.7214 3.0811 7.1506, -11.5354 3.0708 7.1654, -11.5566 3.0729 7.1651, -11.5926 3.0838 7.1639, -11.6583 3.1212 7.159, -11.7234 3.0814 7.1502, -11.7233 3.1738 7.1491, -11.7658 3.2081 7.1427, -3.9828 3.6981 6.9035, -3.9504 3.7301 6.8731, -4.6675 3.0837 7.164, -4.6014 3.1213 7.1589, -4.6305 3.1225 7.1588, -11.6294 3.1225 7.1588, -4.5366 3.1737 7.1491, -4.7244 3.0708 7.1654, -4.7033 3.0729 7.1652, -4.494 3.2081 7.1427, -4.4672 3.2323 7.137, -4.4443 3.2537 7.1299, -4.2861 3.4018 7.081, -4.2564 3.4306 7.0665, -4.1783 3.5064 7.0282, -4.1267 3.5563 7.0029, -4.0045 3.6768 6.9185, -3.7508 3.9276 6.6528, -3.6591 4.0187 6.4943, -3.6468 4.031 6.4625, -3.6348 4.0429 6.4317, -3.7654 3.9132 6.6712, -3.798 3.8809 6.7121, -3.8549 3.8245 6.7836, -3.5618 4.1153 6.1829, -3.5946 4.0827 6.3285, -3.5589 4.1182 6.1698, -3.556 4.1211 6.1571, -3.5433 4.1338 5.9843, -3.5492 3.4415 6.1017, -3.5433 3.4449 5.9843, -4.0331 3.2077 6.9419, -4.0052 3.2193 6.9178, -4.5376 3.0812 7.1505, -4.5364 3.0814 7.1502, -4.3793 3.106 7.1138, -4.204 3.1497 7.0445, -4.2567 3.1366 7.0654, -3.8908 3.2669 6.8191, -3.8783 3.2721 6.8083, -3.7988 3.31 6.7114, -3.6496 3.3855 6.474, -3.7512 3.3327 6.6534, -3.5834 3.4221 6.2893, -3.6159 3.4042 6.3799, -3.6457 3.3877 6.463, -3.5639 3.4331 6.1826, 3.5433 4.1338 5.9843, 3.5433 3.4449 5.9843, 3.5561 4.1212 6.1571, 3.5491 3.4415 6.1019, 3.559 4.1184 6.1698, 3.5638 3.4331 6.1826, 3.6497 3.3855 6.4742, 3.659 4.0188 6.4941, 3.6457 3.3877 6.463, 3.6468 4.031 6.4626, 3.6158 3.4041 6.3799, 3.6348 4.0429 6.4317, 3.5831 3.4221 6.2887, 3.5946 4.0829 6.3284, 3.5619 4.1154 6.1829, 3.9881 3.6929 6.9078, 3.9507 3.7299 6.8729, 3.7989 3.31 6.7113, 3.8554 3.8241 6.7841, 3.7981 3.881 6.7121, 3.7509 3.3328 6.653, 3.7655 3.9133 6.6712, 3.7506 3.928 6.6525, 3.8822 3.2703 6.8123, 3.8902 3.267 6.8192, 4.0043 3.677 6.9188, 4.0052 3.2193 6.9178, 4.1329 3.5506 7.0066, 4.1786 3.5063 7.0279, 4.0343 3.2072 6.9428, 4.2007 3.1507 7.0429, 4.2573 3.4301 7.0646, 4.2568 3.1366 7.0653, 4.3217 3.3677 7.0946, 4.3766 3.1065 7.113, 4.4452 3.2533 7.129, 4.5384 3.0811 7.1506, 4.7244 3.0708 7.1654, 4.7032 3.0729 7.1651, 4.6673 3.0838 7.1639, 4.6016 3.1212 7.159, 4.5364 3.0814 7.1502, 4.5366 3.1738 7.1491, 4.494 3.2081 7.1427, 11.7926 3.2323 7.137, 11.8155 3.2537 7.1299, 12.698 4.1153 6.1829, 12.701 4.1182 6.1698, 12.7038 4.1211 6.1571, 12.7165 4.1338 5.9843, 12.6653 4.0827 6.3285, 12.6251 4.0429 6.4317, 12.5091 3.9276 6.6528, 12.6007 4.0187 6.4943, 12.6131 4.031 6.4625, 12.4945 3.9132 6.6712, 12.2554 3.6768 6.9185, 12.277 3.6981 6.9035, 12.3094 3.7301 6.8731, 12.405 3.8245 6.7836, 12.4619 3.8809 6.7121, 12.1332 3.5563 7.0029, 12.0816 3.5064 7.0282, 12.0034 3.4306 7.0665, 11.9737 3.4018 7.081, 4.6305 3.1225 7.1588, 11.6294 3.1225 7.1588, 11.5354 3.0708 7.1654, 11.5566 3.0729 7.1652, 11.5923 3.0837 7.164, 11.6585 3.1213 7.1589, 11.7233 3.1737 7.1491, 11.7658 3.2081 7.1427, 12.7107 3.4415 6.1017, 12.7165 3.4449 5.9843, 12.2267 3.2077 6.9419, 12.2546 3.2193 6.9178, 11.7223 3.0812 7.1505, 11.7235 3.0814 7.1502, 11.8805 3.106 7.1138, 12.0559 3.1497 7.0445, 12.0031 3.1366 7.0654, 12.369 3.2669 6.8191, 12.3815 3.2721 6.8083, 12.4611 3.31 6.7114, 12.6102 3.3855 6.474, 12.5087 3.3327 6.6534, 12.6765 3.4221 6.2893, 12.644 3.4042 6.3799, 12.6142 3.3877 6.463, 12.6959 3.4331 6.1826, -14.6654 4.1338 5.1969, -14.7163 4.1271 5.1969, -14.7638 4.1075 5.1969, -14.8045 4.0762 5.1969, -14.8358 4.0354 5.1969, -14.8555 3.9879 5.1969, -14.8555 2.1653 7.0195, -14.8555 2.5209 6.9844, -14.8358 2.1653 7.0669, -14.8358 2.5302 7.031, -14.8045 2.1653 7.1077, -14.8045 2.5381 7.071, -14.7638 2.1653 7.139, -14.7638 2.5442 7.1017, -14.7163 2.1653 7.1587, -14.7163 2.5481 7.121, -14.6654 3.1456 6.8942, -14.7163 3.2553 6.828, -14.6654 2.9186 7.0155, -14.7163 2.9161 7.0093, -14.6654 2.6724 7.0902, -14.6654 2.5494 7.1275, -14.6654 2.1653 7.1654, -14.6654 3.259 6.8336, -14.6654 3.5573 6.5888, -14.7163 3.5525 6.5841, -14.6654 3.8021 6.2905, -14.7163 3.7965 6.2868, -14.6654 3.8627 6.1771, -14.7163 3.9778 5.9476, -14.6654 3.984 5.9502, -14.7163 4.0894 5.5796, -14.6654 4.0587 5.7039, -14.6654 4.096 5.5809, -14.7638 2.9086 6.9911, -14.7638 3.2443 6.8117, -14.7638 3.5386 6.5701, -14.7638 3.7802 6.2758, -14.7638 3.9596 5.9401, -14.7638 4.0701 5.5757, -14.8045 2.8966 6.9622, -14.8045 3.2269 6.7857, -14.8045 3.5165 6.548, -14.8045 3.7541 6.2585, -14.8045 3.9307 5.9281, -14.8045 4.0395 5.5696, -14.8358 2.881 6.9246, -14.8358 3.2043 6.7518, -14.8358 3.4877 6.5192, -14.8358 3.7202 6.2358, -14.8358 3.8931 5.9125, -14.8358 3.9995 5.5617, -14.8555 2.8628 6.8807, -14.8555 3.1779 6.7123, -14.8555 3.4541 6.4856, -14.8555 3.6808 6.2094, -14.8555 3.8492 5.8943, -14.8555 3.9529 5.5524, -14.6654 -2.1654 7.1654, -14.7163 -2.1654 7.1587, -14.7638 -2.1654 7.139, -14.8045 -2.1654 7.1077, -14.8358 -2.1654 7.0669, -14.8555 -2.1654 7.0195, -14.8555 -3.988 5.1969, -14.8555 -3.953 5.5524, -14.8358 -4.0355 5.1969, -14.8358 -3.9995 5.5617, -14.8045 -4.0762 5.1969, -14.8045 -4.0395 5.5696, -14.7638 -4.1075 5.1969, -14.7638 -4.0702 5.5757, -14.7163 -4.1272 5.1969, -14.7163 -4.0895 5.5796, -14.6654 -3.8627 6.1771, -14.7163 -3.7965 6.2868, -14.6654 -3.984 5.9502, -14.7163 -3.9778 5.9476, -14.6654 -4.0587 5.7039, -14.6654 -4.0961 5.5809, -14.6654 -4.1339 5.1969, -14.6654 -3.8021 6.2905, -14.6654 -3.5573 6.5888, -14.7163 -3.5526 6.5841, -14.6654 -3.259 6.8336, -14.7163 -3.2553 6.828, -14.6654 -3.1457 6.8942, -14.7163 -2.9161 7.0093, -14.6654 -2.9187 7.0155, -14.7163 -2.5481 7.121, -14.6654 -2.6724 7.0902, -14.6654 -2.5494 7.1275, -14.7638 -3.9597 5.9401, -14.7638 -3.7802 6.2758, -14.7638 -3.5387 6.5701, -14.7638 -3.2444 6.8117, -14.7638 -2.9086 6.9911, -14.7638 -2.5443 7.1017, -14.8045 -3.9308 5.9281, -14.8045 -3.7542 6.2585, -14.8045 -3.5165 6.548, -14.8045 -3.227 6.7857, -14.8045 -2.8966 6.9622, -14.8045 -2.5382 7.071, -14.8358 -3.8931 5.9125, -14.8358 -3.7203 6.2358, -14.8358 -3.4877 6.5192, -14.8358 -3.2043 6.7518, -14.8358 -2.881 6.9246, -14.8358 -2.5302 7.031, -14.8555 -3.8492 5.8943, -14.8555 -3.6808 6.2094, -14.8555 -3.4541 6.4856, -14.8555 -3.178 6.7123, -14.8555 -2.8629 6.8807, -14.8555 -2.5209 6.9844, 14.7508 2.1653 7.1459, 14.7092 2.1653 7.1604, 14.7091 -2.1654 7.1596, 14.6654 2.1653 7.1654, 14.6654 -2.1654 7.1654, 14.7163 -2.1654 7.1587, 14.7502 -2.1654 7.1446, 14.7881 2.1653 7.1224, 14.7638 -2.1654 7.139, 14.7871 -2.1654 7.1211, 14.8045 -2.1654 7.1077, 14.8193 2.1653 7.0912, 14.8179 -2.1654 7.0902, 14.8358 -2.1654 7.0669, 14.8427 2.1653 7.0539, 14.8414 -2.1654 7.0534, 14.8555 -2.1654 7.0195, 14.8573 2.1653 7.0123, 14.8565 -2.1654 7.0122, 14.8622 -2.1654 6.9685, 14.8622 2.1653 6.9685, 14.7161 4.1265 5.1969, 14.7092 4.1289 5.1969, 14.7092 4.0912 5.5799, 14.6654 3.8627 6.1771, 14.7092 3.798 6.2878, 14.6654 3.984 5.9502, 14.7092 3.9794 5.9483, 14.6654 4.0587 5.7039, 14.6654 4.096 5.5809, 14.6654 4.1338 5.1969, 14.6654 3.8021 6.2905, 14.6654 3.5573 6.5888, 14.7092 3.5538 6.5853, 14.6654 3.259 6.8336, 14.7092 3.2562 6.8295, 14.6654 3.1456 6.8942, 14.7092 2.9168 7.011, 14.6654 2.9186 7.0155, 14.7092 2.5484 7.1227, 14.6654 2.6724 7.0902, 14.6654 2.5494 7.1275, 14.7632 4.1065 5.1969, 14.7508 4.1143 5.1969, 14.7508 4.0769 5.5771, 14.7508 3.966 5.9427, 14.7508 3.7859 6.2797, 14.7508 3.5435 6.575, 14.7508 3.2481 6.8174, 14.7508 2.9112 6.9975, 14.7508 2.5456 7.1084, 14.8037 4.0753 5.1969, 14.7881 4.0909 5.1969, 14.7881 4.0539 5.5725, 14.7881 3.9443 5.9337, 14.7881 3.7664 6.2666, 14.7881 3.5269 6.5584, 14.7881 3.2351 6.7979, 14.7881 2.9022 6.9758, 14.7881 2.541 7.0854, 14.8349 4.0348 5.1969, 14.8193 4.0597 5.1969, 14.8193 4.0233 5.5664, 14.8193 3.9155 5.9218, 14.8193 3.7405 6.2493, 14.8193 3.5049 6.5364, 14.8193 3.2178 6.772, 14.8193 2.8903 6.947, 14.8193 2.5349 7.0548, 14.8548 3.9877 5.1969, 14.8427 4.0224 5.1969, 14.8427 3.9867 5.5591, 14.8427 3.881 5.9075, 14.8427 3.7094 6.2286, 14.8427 3.4785 6.51, 14.8427 3.1971 6.7409, 14.8427 2.876 6.9126, 14.8427 2.5276 7.0182, 14.8622 3.937 5.1969, 14.8573 3.9808 5.1969, 14.8573 3.9459 5.551, 14.8573 3.8426 5.8916, 14.8573 3.6748 6.2055, 14.8573 3.4491 6.4806, 14.8573 3.1739 6.7064, 14.8573 2.8601 6.8741, 14.8573 2.5195 6.9774, 14.8622 3.9029 5.5425, 14.8622 3.8021 5.8748, 14.8622 3.6384 6.1811, 14.8622 3.4181 6.4496, 14.8622 3.1496 6.6699, 14.8622 2.8433 6.8336, 14.8622 2.511 6.9345, 14.6654 -4.1339 5.1969, 14.7163 -4.1272 5.1969, 14.7638 -4.1075 5.1969, 14.8045 -4.0762 5.1969, 14.8358 -4.0355 5.1969, 14.8555 -3.988 5.1969, 14.8622 -3.937 5.1969, 14.7163 -2.5481 7.121, 14.6654 -3.1457 6.8942, 14.7163 -3.2553 6.828, 14.6654 -2.9187 7.0155, 14.7163 -2.9161 7.0093, 14.6654 -2.6724 7.0902, 14.6654 -2.5494 7.1275, 14.6654 -3.259 6.8336, 14.6654 -3.5573 6.5888, 14.7163 -3.5526 6.5841, 14.6654 -3.8021 6.2905, 14.7163 -3.7965 6.2868, 14.6654 -3.8627 6.1771, 14.7163 -3.9778 5.9476, 14.6654 -3.984 5.9502, 14.7163 -4.0895 5.5796, 14.6654 -4.0587 5.7039, 14.6654 -4.0961 5.5809, 14.7638 -2.5443 7.1017, 14.7638 -2.9086 6.9911, 14.7638 -3.2444 6.8117, 14.7638 -3.5387 6.5701, 14.7638 -3.7802 6.2758, 14.7638 -3.9597 5.9401, 14.7638 -4.0702 5.5757, 14.8045 -2.5382 7.071, 14.8045 -2.8966 6.9622, 14.8045 -3.227 6.7857, 14.8045 -3.5165 6.548, 14.8045 -3.7542 6.2585, 14.8045 -3.9308 5.9281, 14.8045 -4.0395 5.5696, 14.8358 -2.5302 7.031, 14.8358 -2.881 6.9246, 14.8358 -3.2043 6.7518, 14.8358 -3.4877 6.5192, 14.8358 -3.7203 6.2358, 14.8358 -3.8931 5.9125, 14.8358 -3.9995 5.5617, 14.8555 -2.5209 6.9844, 14.8555 -2.8629 6.8807, 14.8555 -3.178 6.7123, 14.8555 -3.4541 6.4856, 14.8555 -3.6808 6.2094, 14.8555 -3.8492 5.8943, 14.8555 -3.953 5.5524, 14.8622 -2.511 6.9345, 14.8622 -2.8434 6.8336, 14.8622 -3.1497 6.6699, 14.8622 -3.4181 6.4496, 14.8622 -3.6384 6.1811, 14.8622 -3.8022 5.8748, 14.8622 -3.903 5.5425, 14.8622 1.6732 4.252, 14.8622 1.6162 4.685, 14.8622 1.449 5.0886, 14.8622 1.1831 5.4351, 14.8622 0.8366 5.701, 14.8622 0.433 5.8682, 14.8622 -0.0 5.9252, 14.8622 -0.4331 5.8682, 14.8622 -0.8366 5.701, 14.8622 -1.1832 5.4351, 14.8622 -1.4491 5.0886, 14.8622 -1.6162 4.685, 14.8622 -1.6732 4.252, 14.8622 -1.6162 3.8189, 14.8622 -1.4491 3.4154, 14.8622 -1.1832 3.0688, 14.8622 -0.8366 2.8029, 14.8622 -0.4331 2.6358, 14.8622 -0.0 2.5787, 14.8622 0.433 2.6358, 14.8622 0.8366 2.8029, 14.8622 1.1831 3.0688, 14.8622 1.449 3.4154, 14.8622 1.6162 3.8189, 14.8622 3.4449 2.0669, 14.8622 0.4921 0.689, 14.8622 0.4921 2.0669, 14.8622 3.4449 0.689, 0.0 0.5905 0.0, 0.0 0.5905 0.4921, -0.1528 0.5704 0.0, -0.1528 0.5704 0.4921, -0.2953 0.5114 0.0, -0.2953 0.5114 0.4921, -0.4176 0.4176 0.0, -0.4176 0.4176 0.4921, -0.5114 0.2953 0.0, -0.5114 0.2953 0.4921, -0.5704 0.1528 0.0, -0.5704 0.1528 0.4921, -0.5906 -0.0 0.0, -0.5906 -0.0 0.4921, -0.5704 -0.1529 0.0, -0.5704 -0.1529 0.4921, -0.5114 -0.2953 0.0, -0.5114 -0.2953 0.4921, -0.4176 -0.4176 0.0, -0.4176 -0.4176 0.4921, -0.2953 -0.5115 0.0, -0.2953 -0.5115 0.4921, -0.1528 -0.5704 0.0, -0.1528 -0.5704 0.4921, 0.0 -0.5906 0.0, 0.0 -0.5906 0.4921, 0.1528 -0.5704 0.0, 0.1528 -0.5704 0.4921, 0.2953 -0.5115 0.0, 0.2953 -0.5115 0.4921, 0.4176 -0.4176 0.0, 0.4176 -0.4176 0.4921, 0.5114 -0.2953 0.0, 0.5114 -0.2953 0.4921, 0.5704 -0.1529 0.0, 0.5704 -0.1529 0.4921, 0.5906 -0.0 0.0, 0.5906 -0.0 0.4921, 0.5704 0.1528 0.0, 0.5704 0.1528 0.4921, 0.5114 0.2953 0.0, 0.5114 0.2953 0.4921, 0.4176 0.4176 0.0, 0.4176 0.4176 0.4921, 0.2953 0.5114 0.0, 0.2953 0.5114 0.4921, 0.1528 0.5704 0.0, 0.1528 0.5704 0.4921, -14.252 -2.1654 7.1654, -14.252 -2.6749 7.0983, -14.252 -3.1496 6.9016, -14.252 -3.5573 6.5888, -14.252 -3.8701 6.1811, -14.252 -4.0668 5.7063, -14.252 -4.1339 5.1969, -14.252 2.1653 7.1654, -14.252 2.6748 7.0983, -14.252 3.1496 6.9016, -14.252 3.5573 6.5888, -14.252 3.8701 6.1811, -14.252 4.0668 5.7063, -14.252 4.1338 5.1969, 14.252 2.1653 7.1654, 14.252 2.6748 7.0983, 14.252 3.1496 6.9016, 14.252 3.5573 6.5888, 14.252 3.8701 6.1811, 14.252 4.0668 5.7063, 14.252 4.1338 5.1969, 14.252 -2.1654 7.1654, 14.252 -2.6749 7.0983, 14.252 -3.5573 6.5888, 14.252 -3.1496 6.9016, 14.252 -3.8701 6.1811, 14.252 -4.0668 5.7063, 14.252 -4.1339 5.1969, 14.252 -4.1339 4.3307, 13.3001 -4.1339 4.3575, 13.1102 -4.1339 4.4362, 12.9472 -4.1339 4.5613, 3.5165 -4.1339 4.9143, 12.822 -4.1339 4.7244, 13.5039 -4.1339 4.3307, 12.7165 -4.1339 5.1181, 3.4378 -4.1339 4.7244, 3.3127 -4.1339 4.5613, -3.3127 -4.1339 4.5613, -3.4378 -4.1339 4.7244, -12.7434 -4.1339 4.9143, -12.822 -4.1339 4.7244, -12.9472 -4.1339 4.5613, -13.1102 -4.1339 4.4362, -13.3001 -4.1339 4.3575, 12.7434 -4.1339 4.9143, 3.5433 -4.1339 5.1181, -3.5433 -4.1339 5.1181, -14.252 -4.1339 4.3307, -13.5039 -4.1339 4.3307, -3.5165 -4.1339 4.9143, -12.7165 -4.1339 5.1181, 3.1496 -4.1339 4.4362, 2.9597 -4.1339 4.3575, 2.7559 -4.1339 4.3307, -2.7559 -4.1339 4.3307, -2.9597 -4.1339 4.3575, -3.1496 -4.1339 4.4362, 13.5039 -3.4449 4.3307, 14.252 -3.4449 4.3307, 12.7165 -3.4449 5.1181, 12.7434 -3.4449 4.9143, 12.822 -3.4449 4.7244, 12.9472 -3.4449 4.5613, 13.1102 -3.4449 4.4362, 13.3001 -3.4449 4.3575, 4.6306 -3.077 7.1566, 3.5433 -3.4449 5.1181, 2.7559 -3.4449 4.3307, 2.9597 -3.4449 4.3575, 3.1496 -3.4449 4.4362, 3.3127 -3.4449 4.5613, 3.4378 -3.4449 4.7244, 3.5165 -3.4449 4.9143, -2.7559 -3.4449 4.3307, -3.5433 -3.4449 5.1181, -3.5165 -3.4449 4.9143, -3.4378 -3.4449 4.7244, -3.3127 -3.4449 4.5613, -3.1496 -3.4449 4.4362, -2.9597 -3.4449 4.3575, -4.214 -3.1827 6.9878, -11.6292 -3.077 7.1566, -12.7165 -3.4449 5.1181, -13.5039 -3.4449 4.3307, -13.3001 -3.4449 4.3575, -13.1102 -3.4449 4.4362, -12.9472 -3.4449 4.5613, -12.822 -3.4449 4.7244, -12.7434 -3.4449 4.9143, -14.252 -3.4449 4.3307, -13.5039 4.1338 4.3307, -14.252 4.1338 4.3307, -13.5039 3.4449 4.3307, -14.252 3.4449 4.3307, -13.3001 4.1338 4.3575, -13.3001 3.4449 4.3575, -13.1102 4.1338 4.4362, -13.1102 3.4449 4.4362, -12.9472 4.1338 4.5613, -12.9472 3.4449 4.5613, -12.822 4.1338 4.7244, -12.822 3.4449 4.7244, -12.7434 4.1338 4.9143, -12.7434 3.4449 4.9143, -12.7165 4.1338 5.1181, -12.7165 3.4449 5.1181, -3.5433 3.4449 5.1181, -3.5433 4.1338 5.1181, -3.5165 4.1338 4.9143, -3.5165 3.4449 4.9143, -3.4378 4.1338 4.7244, -3.4378 3.4449 4.7244, -3.3127 4.1338 4.5613, -3.3127 3.4449 4.5613, -3.1496 4.1338 4.4362, -3.1496 3.4449 4.4362, -2.9597 4.1338 4.3575, -2.9597 3.4449 4.3575, -2.7559 4.1338 4.3307, -2.7559 3.4449 4.3307, 2.7559 3.4449 4.3307, 2.7559 4.1338 4.3307, 2.9597 4.1338 4.3575, 2.9597 3.4449 4.3575, 3.1496 4.1338 4.4362, 3.1496 3.4449 4.4362, 3.3127 4.1338 4.5613, 3.3127 3.4449 4.5613, 3.4378 4.1338 4.7244, 3.4378 3.4449 4.7244, 3.5165 4.1338 4.9143, 3.5165 3.4449 4.9143, 3.5433 4.1338 5.1181, 3.5433 3.4449 5.1181, 12.7165 3.4449 5.1181, 12.7165 4.1338 5.1181, 12.7434 4.1338 4.9143, 12.7434 3.4449 4.9143, 12.822 4.1338 4.7244, 12.822 3.4449 4.7244, 12.9472 4.1338 4.5613, 12.9472 3.4449 4.5613, 13.1102 4.1338 4.4362, 13.1102 3.4449 4.4362, 13.3001 4.1338 4.3575, 13.3001 3.4449 4.3575, 13.5039 4.1338 4.3307, 13.5039 3.4449 4.3307, 14.252 3.4449 4.3307, 14.252 4.1338 4.3307, 14.252 -1.6732 0.0, 13.0709 -1.6732 0.0, 14.252 -1.6732 0.689, 13.0709 -1.6732 0.689, 14.252 0.5458 5.5172, 14.252 0.2393 5.609, 14.252 -0.0801 5.6276, 14.252 -0.3952 5.572, 14.252 1.6732 0.689, 14.252 1.6732 0.0, 14.252 0.4921 0.689, 14.252 0.4921 2.0669, 14.252 1.3779 4.252, 14.252 1.3408 4.5698, 14.252 1.2314 4.8704, 14.252 1.0556 5.1377, 14.252 0.8228 5.3573, 14.252 -0.0801 2.8764, 14.252 0.2393 2.895, 14.252 0.5458 2.9867, 14.252 3.4449 2.0669, 14.252 0.8228 3.1467, 14.252 1.0556 3.3662, 14.252 1.2314 3.6335, 14.252 1.3408 3.9342, 14.252 -0.689 5.4453, 14.252 -0.9456 5.2543, 14.252 -1.1513 5.0092, 14.252 -1.2949 4.7233, 14.252 -1.3687 4.4119, 14.252 -1.3687 4.092, 14.252 -1.2949 3.7807, 14.252 -3.4449 0.689, 14.252 -1.1513 3.4948, 14.252 -0.9456 3.2497, 14.252 -0.689 3.0586, 14.252 -0.3952 2.9319, -14.252 1.6732 0.0, -13.0709 1.6732 0.0, -14.252 1.6732 0.689, -13.0709 1.6732 0.689, -13.0709 -1.6732 0.0, -14.252 -1.6732 0.0, 13.0709 1.6732 0.0, -13.0709 -1.6732 0.689, -14.252 -1.6732 0.689, 13.0709 1.6732 0.689, -0.9035 0.5216 0.4921, -1.0078 0.27 0.4921, -1.0433 -0.0 0.4921, -1.0078 -0.27 0.4921, -0.9035 -0.5217 0.4921, -0.7377 -0.7377 0.4921, -0.5217 -0.9036 0.4921, -0.27 -1.0078 0.4921, 0.0 -1.0433 0.4921, 0.27 -1.0078 0.4921, 0.5217 -0.9036 0.4921, 0.7377 -0.7377 0.4921, 0.9035 -0.5217 0.4921, 1.0078 -0.27 0.4921, 1.0433 -0.0 0.4921, 1.0078 0.27 0.4921, 0.9035 0.5216 0.4921, 0.7377 0.7377 0.4921, 0.5217 0.9035 0.4921, 0.27 1.0077 0.4921, 0.0 1.0433 0.4921, -0.27 1.0077 0.4921, -0.5217 0.9035 0.4921, -0.7377 0.7377 0.4921, 0.0 1.0433 0.689, -0.27 1.0077 0.689, -0.5217 0.9035 0.689, -0.7377 0.7377 0.689, -0.9035 0.5216 0.689, -1.0078 0.27 0.689, -1.0433 -0.0 0.689, -1.0078 -0.27 0.689, -0.9035 -0.5217 0.689, -0.7377 -0.7377 0.689, -0.5217 -0.9036 0.689, -0.27 -1.0078 0.689, 0.0 -1.0433 0.689, 0.27 -1.0078 0.689, 0.5217 -0.9036 0.689, 0.7377 -0.7377 0.689, 0.9035 -0.5217 0.689, 1.0078 -0.27 0.689, 1.0433 -0.0 0.689, 1.0078 0.27 0.689, 0.9035 0.5216 0.689, 0.7377 0.7377 0.689, 0.5217 0.9035 0.689, 0.27 1.0077 0.689, -14.252 3.4449 0.689, -14.252 -0.4921 0.689, -14.252 -0.4921 2.0669, -14.252 -3.4449 2.0669
            ]
        }
        coordIndex [
            0,1,2,-1,3,4,5,-1,3,5,6,-1,7,8,9,-1,10,6,11,-1,11,6,5,-1,11,5,12,-1,12,5,0,-1,12,0,13,-1,13,0,2,-1,4,14,5,-1,5,14,15,-1,5,15,16,-1,17,18,19,-1,19,18,20,-1,19,20,21,-1,21,20,22,-1,20,23,22,-1,22,23,24,-1,22,24,9,-1,9,24,25,-1,9,25,7,-1,26,27,28,-1,28,27,29,-1,26,28,30,-1,30,28,31,-1,30,31,1,-1,1,31,32,-1,1,32,2,-1,2,32,33,-1,2,33,34,-1,15,35,16,-1,16,35,36,-1,16,36,37,-1,37,36,9,-1,37,9,38,-1,38,9,8,-1,17,39,18,-1,18,39,40,-1,18,40,41,-1,41,40,42,-1,41,42,43,-1,43,42,28,-1,43,28,44,-1,44,28,29,-1,34,45,2,-1,2,45,46,-1,2,46,11,-1,11,46,47,-1,11,47,10,-1,48,49,50,-1,51,52,53,-1,5,54,55,-1,53,52,5,-1,56,5,52,-1,56,52,57,-1,57,52,51,-1,57,51,58,-1,59,5,56,-1,60,61,62,-1,62,61,55,-1,62,55,63,-1,63,55,54,-1,63,54,64,-1,59,56,65,-1,65,56,57,-1,65,57,66,-1,66,57,58,-1,66,58,67,-1,68,60,69,-1,69,60,62,-1,69,62,70,-1,70,62,63,-1,70,63,71,-1,71,63,64,-1,71,64,72,-1,73,68,74,-1,74,68,69,-1,74,69,75,-1,75,69,70,-1,75,70,76,-1,76,70,71,-1,76,71,77,-1,77,71,72,-1,77,72,78,-1,49,73,50,-1,50,73,74,-1,50,74,79,-1,79,74,75,-1,79,75,80,-1,80,75,76,-1,80,76,81,-1,81,76,77,-1,81,77,82,-1,82,77,78,-1,82,78,83,-1,48,50,84,-1,84,50,79,-1,84,79,85,-1,85,79,80,-1,85,80,86,-1,86,80,81,-1,86,81,87,-1,87,81,82,-1,87,82,88,-1,88,82,83,-1,88,83,89,-1,61,5,55,-1,49,67,73,-1,73,67,58,-1,73,58,68,-1,68,58,51,-1,68,51,60,-1,60,51,53,-1,60,53,61,-1,61,53,5,-1,90,91,92,-1,92,91,93,-1,92,93,94,-1,94,93,95,-1,94,95,96,-1,96,95,97,-1,96,97,98,-1,98,97,99,-1,98,99,100,-1,100,99,101,-1,100,101,102,-1,91,103,93,-1,93,103,104,-1,93,104,95,-1,95,104,105,-1,95,105,97,-1,97,105,106,-1,97,106,99,-1,99,106,107,-1,99,107,101,-1,101,107,108,-1,101,108,102,-1,0,90,109,-1,109,90,92,-1,109,92,110,-1,110,92,94,-1,110,94,111,-1,111,94,96,-1,111,96,112,-1,112,96,98,-1,112,98,113,-1,113,98,100,-1,113,100,102,-1,114,115,116,-1,116,115,117,-1,116,117,118,-1,118,117,119,-1,118,119,120,-1,120,119,121,-1,120,121,122,-1,122,121,123,-1,122,123,124,-1,124,123,125,-1,124,125,102,-1,115,126,117,-1,117,126,127,-1,117,127,119,-1,119,127,128,-1,119,128,121,-1,121,128,129,-1,121,129,123,-1,123,129,130,-1,123,130,125,-1,125,130,131,-1,125,131,102,-1,103,114,104,-1,104,114,116,-1,104,116,105,-1,105,116,118,-1,105,118,106,-1,106,118,120,-1,106,120,107,-1,107,120,122,-1,107,122,108,-1,108,122,124,-1,108,124,102,-1,132,133,134,-1,135,136,137,-1,138,139,140,-1,141,142,143,-1,144,145,146,-1,147,148,149,-1,149,148,150,-1,149,150,151,-1,152,145,153,-1,153,145,144,-1,153,144,154,-1,151,150,155,-1,155,150,156,-1,155,156,157,-1,148,152,150,-1,150,152,153,-1,150,153,156,-1,156,153,154,-1,156,154,140,-1,140,139,156,-1,156,139,158,-1,156,158,157,-1,159,160,161,-1,136,138,137,-1,137,138,140,-1,137,140,162,-1,162,140,154,-1,162,154,163,-1,163,154,144,-1,163,144,164,-1,164,144,146,-1,164,146,142,-1,161,165,166,-1,142,141,164,-1,164,141,167,-1,164,167,163,-1,163,167,168,-1,163,168,162,-1,162,168,169,-1,162,169,137,-1,137,169,170,-1,137,170,135,-1,133,132,166,-1,166,165,133,-1,133,165,171,-1,133,171,134,-1,161,160,165,-1,165,160,172,-1,165,172,171,-1,171,172,173,-1,171,173,134,-1,134,174,170,-1,170,174,175,-1,170,175,135,-1,143,176,141,-1,141,176,177,-1,141,177,167,-1,167,177,178,-1,167,178,168,-1,168,178,179,-1,168,179,169,-1,169,179,180,-1,169,180,170,-1,170,180,134,-1,176,159,177,-1,177,159,161,-1,177,161,178,-1,178,161,166,-1,178,166,179,-1,179,166,132,-1,179,132,180,-1,180,132,134,-1,181,182,183,-1,183,182,184,-1,183,184,185,-1,185,184,186,-1,187,188,186,-1,186,188,189,-1,186,189,185,-1,190,191,187,-1,187,191,192,-1,187,192,188,-1,193,194,190,-1,190,194,195,-1,190,195,191,-1,196,197,198,-1,198,197,199,-1,198,199,193,-1,193,199,200,-1,193,200,194,-1,182,201,184,-1,184,201,202,-1,184,202,186,-1,186,202,203,-1,186,203,187,-1,187,203,204,-1,187,204,190,-1,190,204,205,-1,190,205,193,-1,193,205,206,-1,193,206,198,-1,198,206,207,-1,198,207,196,-1,201,208,202,-1,202,208,209,-1,202,209,203,-1,203,209,210,-1,203,210,204,-1,204,210,211,-1,204,211,205,-1,205,211,212,-1,205,212,206,-1,206,212,213,-1,206,213,207,-1,207,213,214,-1,207,214,196,-1,215,216,217,-1,217,216,218,-1,217,218,219,-1,219,218,220,-1,219,220,221,-1,221,220,222,-1,221,222,223,-1,223,222,224,-1,223,224,225,-1,225,224,226,-1,225,226,227,-1,227,226,228,-1,227,228,196,-1,216,229,218,-1,218,229,230,-1,218,230,220,-1,220,230,231,-1,220,231,222,-1,222,231,232,-1,222,232,224,-1,224,232,233,-1,224,233,226,-1,226,233,234,-1,226,234,228,-1,228,234,235,-1,228,235,196,-1,208,215,209,-1,209,215,217,-1,209,217,210,-1,210,217,219,-1,210,219,211,-1,211,219,221,-1,211,221,212,-1,212,221,223,-1,212,223,213,-1,213,223,225,-1,213,225,214,-1,214,225,227,-1,214,227,196,-1,236,237,238,-1,238,237,239,-1,238,239,240,-1,240,239,241,-1,240,241,242,-1,242,241,243,-1,242,243,244,-1,244,243,245,-1,244,245,246,-1,246,245,247,-1,246,247,248,-1,248,247,249,-1,248,249,250,-1,250,249,251,-1,250,251,252,-1,252,251,253,-1,252,253,254,-1,254,253,255,-1,254,255,256,-1,256,255,257,-1,256,257,258,-1,258,257,259,-1,258,259,260,-1,260,259,261,-1,260,261,262,-1,262,261,263,-1,262,263,264,-1,264,263,265,-1,264,265,266,-1,266,265,267,-1,266,267,268,-1,268,267,269,-1,268,269,270,-1,270,269,271,-1,270,271,272,-1,272,271,273,-1,272,273,274,-1,274,273,275,-1,274,275,276,-1,276,275,277,-1,276,277,278,-1,278,277,279,-1,278,279,280,-1,280,279,281,-1,280,281,282,-1,282,281,283,-1,282,283,236,-1,236,283,237,-1,284,285,286,-1,286,285,287,-1,286,287,288,-1,288,287,289,-1,288,289,290,-1,290,289,291,-1,290,291,292,-1,292,291,293,-1,292,293,294,-1,294,293,295,-1,294,295,296,-1,296,295,297,-1,296,297,298,-1,298,297,299,-1,298,299,300,-1,300,299,301,-1,300,301,302,-1,302,301,303,-1,302,303,304,-1,304,303,305,-1,304,305,306,-1,306,305,307,-1,306,307,308,-1,308,307,309,-1,308,309,310,-1,310,309,311,-1,310,311,312,-1,312,311,313,-1,312,313,314,-1,314,313,315,-1,314,315,316,-1,316,315,317,-1,316,317,318,-1,318,317,319,-1,318,319,320,-1,320,319,321,-1,320,321,322,-1,322,321,323,-1,322,323,324,-1,324,323,325,-1,324,325,326,-1,326,325,327,-1,326,327,328,-1,328,327,329,-1,328,329,330,-1,330,329,331,-1,330,331,284,-1,284,331,285,-1,332,333,334,-1,335,336,337,-1,337,336,338,-1,337,338,339,-1,335,340,336,-1,336,340,341,-1,336,341,342,-1,342,341,343,-1,342,343,344,-1,343,345,344,-1,344,345,346,-1,344,346,347,-1,347,346,348,-1,346,349,348,-1,348,349,350,-1,348,350,333,-1,333,350,351,-1,333,351,334,-1,332,334,352,-1,352,334,353,-1,352,353,354,-1,354,353,355,-1,354,355,356,-1,357,358,356,-1,356,358,359,-1,356,359,354,-1,360,361,362,-1,362,361,363,-1,363,364,362,-1,362,364,365,-1,362,365,366,-1,357,367,358,-1,358,367,368,-1,358,368,369,-1,369,368,361,-1,369,361,370,-1,370,361,360,-1,371,372,373,-1,371,373,374,-1,366,365,373,-1,373,365,375,-1,373,375,374,-1,376,335,337,-1,377,378,379,-1,379,378,380,-1,379,380,376,-1,337,339,376,-1,376,339,381,-1,376,381,379,-1,379,381,382,-1,379,382,377,-1,350,349,383,-1,383,349,346,-1,383,346,384,-1,384,346,345,-1,384,345,385,-1,385,345,343,-1,385,343,380,-1,380,343,341,-1,380,341,376,-1,376,341,340,-1,376,340,335,-1,383,386,350,-1,350,386,387,-1,350,387,351,-1,351,387,388,-1,351,388,334,-1,334,388,389,-1,334,389,353,-1,353,389,390,-1,353,390,355,-1,355,390,391,-1,355,391,356,-1,356,391,392,-1,392,393,356,-1,356,393,394,-1,356,394,357,-1,357,394,367,-1,395,363,361,-1,395,361,394,-1,394,361,368,-1,394,368,367,-1,365,396,375,-1,375,396,397,-1,375,397,398,-1,395,399,363,-1,363,399,396,-1,363,396,364,-1,364,396,365,-1,398,400,375,-1,375,400,401,-1,375,401,374,-1,374,401,402,-1,374,402,371,-1,371,402,403,-1,371,403,372,-1,382,381,404,-1,405,403,402,-1,405,402,406,-1,402,401,406,-1,406,401,400,-1,406,400,407,-1,407,400,398,-1,399,408,396,-1,396,408,407,-1,396,407,397,-1,397,407,398,-1,392,409,410,-1,392,410,393,-1,393,410,411,-1,393,411,394,-1,394,411,395,-1,395,411,412,-1,395,412,399,-1,399,412,413,-1,399,413,408,-1,389,414,390,-1,390,414,409,-1,390,409,391,-1,391,409,392,-1,388,415,389,-1,389,415,416,-1,389,416,414,-1,388,387,415,-1,415,387,386,-1,415,386,417,-1,417,386,418,-1,386,383,418,-1,418,383,384,-1,418,384,419,-1,419,384,385,-1,419,385,420,-1,420,385,421,-1,385,380,421,-1,421,380,378,-1,421,378,404,-1,404,378,377,-1,404,377,382,-1,422,423,424,-1,425,426,427,-1,428,429,430,-1,430,429,431,-1,430,431,432,-1,432,431,433,-1,432,433,434,-1,435,436,428,-1,428,436,437,-1,437,438,428,-1,428,438,439,-1,428,439,429,-1,427,426,440,-1,435,441,436,-1,436,441,442,-1,436,442,443,-1,443,442,444,-1,444,442,445,-1,444,445,426,-1,426,445,446,-1,426,446,440,-1,424,423,447,-1,425,427,448,-1,448,427,449,-1,448,449,450,-1,450,449,451,-1,450,451,452,-1,452,451,453,-1,452,453,454,-1,454,453,455,-1,454,455,456,-1,456,455,457,-1,456,457,423,-1,423,457,458,-1,423,458,447,-1,459,460,461,-1,461,460,462,-1,461,462,463,-1,463,462,464,-1,463,464,424,-1,424,464,465,-1,424,465,422,-1,466,467,468,-1,468,467,469,-1,470,471,472,-1,472,471,460,-1,472,460,468,-1,468,460,459,-1,468,459,466,-1,469,473,468,-1,468,473,474,-1,468,474,472,-1,472,474,475,-1,472,475,470,-1,467,476,469,-1,469,476,477,-1,469,477,473,-1,467,466,476,-1,476,466,459,-1,476,459,478,-1,478,459,461,-1,478,461,479,-1,479,461,463,-1,479,463,424,-1,447,458,480,-1,480,458,481,-1,447,480,424,-1,424,480,482,-1,424,482,479,-1,458,457,481,-1,481,457,455,-1,481,455,483,-1,483,455,484,-1,451,449,485,-1,484,455,485,-1,485,455,453,-1,485,453,451,-1,427,486,449,-1,449,486,487,-1,449,487,485,-1,488,445,489,-1,489,445,442,-1,442,441,489,-1,489,441,435,-1,489,435,490,-1,427,440,486,-1,486,440,446,-1,486,446,491,-1,491,446,445,-1,491,445,492,-1,492,445,488,-1,432,434,493,-1,432,493,430,-1,490,435,493,-1,493,435,428,-1,493,428,430,-1,475,474,494,-1,495,433,431,-1,495,431,496,-1,431,429,496,-1,496,429,439,-1,496,439,497,-1,497,439,438,-1,443,498,436,-1,436,498,497,-1,436,497,437,-1,437,497,438,-1,448,499,500,-1,448,500,425,-1,425,500,501,-1,425,501,426,-1,426,501,444,-1,444,501,502,-1,444,502,443,-1,443,502,503,-1,443,503,498,-1,448,450,499,-1,499,450,452,-1,499,452,504,-1,504,452,454,-1,456,505,454,-1,454,505,506,-1,454,506,504,-1,456,423,505,-1,505,423,422,-1,505,422,507,-1,507,422,508,-1,422,465,508,-1,508,465,464,-1,508,464,509,-1,509,464,462,-1,509,462,510,-1,510,462,511,-1,462,460,511,-1,511,460,471,-1,511,471,494,-1,494,471,470,-1,494,470,475,-1,512,513,514,-1,514,513,515,-1,514,515,516,-1,516,515,517,-1,518,519,520,-1,520,519,521,-1,520,521,522,-1,522,521,523,-1,522,523,524,-1,524,523,525,-1,524,525,517,-1,517,525,526,-1,517,526,516,-1,527,528,529,-1,528,530,529,-1,529,530,531,-1,529,531,532,-1,532,531,533,-1,532,533,518,-1,518,533,534,-1,518,534,519,-1,529,535,527,-1,527,535,536,-1,527,536,537,-1,537,536,538,-1,537,538,539,-1,539,538,540,-1,538,541,540,-1,540,541,542,-1,540,542,543,-1,543,542,544,-1,543,544,545,-1,545,544,546,-1,545,546,547,-1,548,549,550,-1,550,551,548,-1,548,551,552,-1,548,552,553,-1,553,552,554,-1,553,554,546,-1,546,554,555,-1,546,555,547,-1,556,557,537,-1,558,559,560,-1,551,550,561,-1,559,562,560,-1,560,562,554,-1,560,554,561,-1,561,554,552,-1,561,552,551,-1,550,549,561,-1,561,549,563,-1,561,563,560,-1,560,563,564,-1,560,564,558,-1,565,547,562,-1,562,547,555,-1,562,555,554,-1,537,557,527,-1,565,566,547,-1,547,566,567,-1,547,567,545,-1,545,567,568,-1,545,568,543,-1,543,568,569,-1,543,569,540,-1,540,569,570,-1,540,570,539,-1,539,570,571,-1,539,571,537,-1,537,571,572,-1,537,572,556,-1,573,574,523,-1,523,574,575,-1,523,575,576,-1,519,534,577,-1,577,534,533,-1,577,533,578,-1,578,533,531,-1,578,531,579,-1,579,531,530,-1,579,530,557,-1,557,530,528,-1,557,528,527,-1,573,523,577,-1,577,523,521,-1,577,521,519,-1,580,516,581,-1,581,516,526,-1,581,526,576,-1,576,526,525,-1,576,525,523,-1,580,582,516,-1,516,582,583,-1,516,583,514,-1,514,583,584,-1,514,584,512,-1,585,586,584,-1,587,588,570,-1,559,558,589,-1,589,558,564,-1,589,564,563,-1,559,589,562,-1,562,589,590,-1,562,590,565,-1,565,590,591,-1,565,591,566,-1,587,570,592,-1,592,570,569,-1,592,569,593,-1,593,569,568,-1,593,568,591,-1,591,568,567,-1,591,567,566,-1,556,572,588,-1,588,572,571,-1,588,571,570,-1,588,594,556,-1,556,594,595,-1,556,595,557,-1,557,595,596,-1,597,577,598,-1,598,577,578,-1,598,578,596,-1,596,578,579,-1,596,579,557,-1,599,576,600,-1,600,576,575,-1,600,575,601,-1,601,575,574,-1,601,574,597,-1,597,574,573,-1,597,573,577,-1,584,583,585,-1,585,583,582,-1,585,582,602,-1,602,582,580,-1,602,580,599,-1,599,580,581,-1,599,581,576,-1,603,604,605,-1,605,604,606,-1,605,606,607,-1,607,606,608,-1,609,610,611,-1,611,610,612,-1,611,612,613,-1,613,612,614,-1,613,614,615,-1,615,614,616,-1,615,616,608,-1,608,616,617,-1,608,617,607,-1,618,619,620,-1,619,621,620,-1,620,621,622,-1,620,622,623,-1,623,622,624,-1,623,624,609,-1,609,624,625,-1,609,625,610,-1,620,626,618,-1,618,626,627,-1,618,627,628,-1,628,627,629,-1,628,629,630,-1,630,629,631,-1,629,632,631,-1,631,632,633,-1,631,633,634,-1,634,633,635,-1,634,635,636,-1,636,635,637,-1,636,637,638,-1,639,640,641,-1,641,642,639,-1,639,642,643,-1,639,643,644,-1,644,643,645,-1,644,645,637,-1,637,645,646,-1,637,646,638,-1,647,648,645,-1,649,650,607,-1,607,650,651,-1,607,651,605,-1,605,651,652,-1,605,652,603,-1,649,607,653,-1,653,607,617,-1,653,617,654,-1,654,617,616,-1,654,616,614,-1,655,656,614,-1,614,656,657,-1,614,657,654,-1,655,614,658,-1,658,614,612,-1,658,612,610,-1,610,625,658,-1,658,625,624,-1,658,624,622,-1,659,660,619,-1,619,660,661,-1,619,661,621,-1,621,661,662,-1,621,662,622,-1,622,662,663,-1,622,663,658,-1,645,648,646,-1,619,618,659,-1,659,618,628,-1,659,628,664,-1,664,628,630,-1,664,630,665,-1,665,630,631,-1,665,631,666,-1,666,631,634,-1,666,634,667,-1,667,634,636,-1,667,636,648,-1,648,636,638,-1,648,638,646,-1,642,641,668,-1,669,645,668,-1,668,645,643,-1,668,643,642,-1,641,640,668,-1,668,640,670,-1,668,670,669,-1,669,670,671,-1,669,671,672,-1,672,673,669,-1,669,673,674,-1,669,674,645,-1,645,674,675,-1,645,675,647,-1,676,677,652,-1,678,679,665,-1,673,672,680,-1,680,672,671,-1,680,671,670,-1,673,680,674,-1,674,680,681,-1,674,681,675,-1,675,681,682,-1,675,682,647,-1,678,665,683,-1,683,665,666,-1,683,666,684,-1,684,666,667,-1,684,667,682,-1,682,667,648,-1,682,648,647,-1,660,659,679,-1,679,659,664,-1,679,664,665,-1,679,685,660,-1,660,685,686,-1,660,686,661,-1,661,686,687,-1,688,658,689,-1,689,658,663,-1,689,663,687,-1,687,663,662,-1,687,662,661,-1,690,654,691,-1,691,654,657,-1,691,657,692,-1,692,657,656,-1,692,656,688,-1,688,656,655,-1,688,655,658,-1,652,651,676,-1,676,651,650,-1,676,650,693,-1,693,650,649,-1,693,649,690,-1,690,649,653,-1,690,653,654,-1,48,126,115,-1,48,115,49,-1,49,115,114,-1,49,114,67,-1,67,114,103,-1,67,103,66,-1,66,103,91,-1,66,91,65,-1,65,91,90,-1,65,90,59,-1,59,90,0,-1,59,0,5,-1,694,89,83,-1,694,83,695,-1,695,83,78,-1,695,78,696,-1,696,78,72,-1,696,72,697,-1,697,72,64,-1,697,64,698,-1,698,64,54,-1,698,54,699,-1,699,54,5,-1,699,5,16,-1,20,700,701,-1,700,702,703,-1,702,704,705,-1,704,706,707,-1,706,708,709,-1,710,711,712,-1,712,711,713,-1,712,713,714,-1,714,713,709,-1,714,709,715,-1,715,709,708,-1,715,708,716,-1,710,717,711,-1,711,717,718,-1,711,718,719,-1,719,718,720,-1,719,720,721,-1,721,720,722,-1,721,722,723,-1,723,722,724,-1,723,724,725,-1,725,724,726,-1,726,727,725,-1,725,727,694,-1,725,694,695,-1,706,709,707,-1,707,709,713,-1,707,713,728,-1,728,713,711,-1,728,711,729,-1,729,711,719,-1,729,719,730,-1,730,719,721,-1,730,721,731,-1,731,721,723,-1,731,723,732,-1,732,723,725,-1,732,725,733,-1,733,725,695,-1,733,695,696,-1,704,707,705,-1,705,707,728,-1,705,728,734,-1,734,728,729,-1,734,729,735,-1,735,729,730,-1,735,730,736,-1,736,730,731,-1,736,731,737,-1,737,731,732,-1,737,732,738,-1,738,732,733,-1,738,733,739,-1,739,733,696,-1,739,696,697,-1,702,705,703,-1,703,705,734,-1,703,734,740,-1,740,734,735,-1,740,735,741,-1,741,735,736,-1,741,736,742,-1,742,736,737,-1,742,737,743,-1,743,737,738,-1,743,738,744,-1,744,738,739,-1,744,739,745,-1,745,739,697,-1,745,697,698,-1,700,703,701,-1,701,703,740,-1,701,740,746,-1,746,740,741,-1,746,741,747,-1,747,741,742,-1,747,742,748,-1,748,742,743,-1,748,743,749,-1,749,743,744,-1,749,744,750,-1,750,744,745,-1,750,745,751,-1,751,745,698,-1,751,698,699,-1,20,701,23,-1,23,701,746,-1,23,746,24,-1,24,746,747,-1,24,747,25,-1,25,747,748,-1,25,748,7,-1,7,748,749,-1,7,749,8,-1,8,749,750,-1,8,750,38,-1,38,750,751,-1,38,751,37,-1,37,751,699,-1,37,699,16,-1,752,716,708,-1,752,708,753,-1,753,708,706,-1,753,706,754,-1,754,706,704,-1,754,704,755,-1,755,704,702,-1,755,702,756,-1,756,702,700,-1,756,700,757,-1,757,700,20,-1,757,20,18,-1,1,758,759,-1,758,760,761,-1,760,762,763,-1,762,764,765,-1,764,766,767,-1,768,769,770,-1,770,769,771,-1,770,771,772,-1,772,771,767,-1,772,767,773,-1,773,767,766,-1,773,766,774,-1,768,775,769,-1,769,775,776,-1,769,776,777,-1,777,776,778,-1,777,778,779,-1,779,778,780,-1,779,780,781,-1,781,780,782,-1,781,782,783,-1,783,782,784,-1,784,785,783,-1,783,785,752,-1,783,752,753,-1,764,767,765,-1,765,767,771,-1,765,771,786,-1,786,771,769,-1,786,769,787,-1,787,769,777,-1,787,777,788,-1,788,777,779,-1,788,779,789,-1,789,779,781,-1,789,781,790,-1,790,781,783,-1,790,783,791,-1,791,783,753,-1,791,753,754,-1,762,765,763,-1,763,765,786,-1,763,786,792,-1,792,786,787,-1,792,787,793,-1,793,787,788,-1,793,788,794,-1,794,788,789,-1,794,789,795,-1,795,789,790,-1,795,790,796,-1,796,790,791,-1,796,791,797,-1,797,791,754,-1,797,754,755,-1,760,763,761,-1,761,763,792,-1,761,792,798,-1,798,792,793,-1,798,793,799,-1,799,793,794,-1,799,794,800,-1,800,794,795,-1,800,795,801,-1,801,795,796,-1,801,796,802,-1,802,796,797,-1,802,797,803,-1,803,797,755,-1,803,755,756,-1,758,761,759,-1,759,761,798,-1,759,798,804,-1,804,798,799,-1,804,799,805,-1,805,799,800,-1,805,800,806,-1,806,800,801,-1,806,801,807,-1,807,801,802,-1,807,802,808,-1,808,802,803,-1,808,803,809,-1,809,803,756,-1,809,756,757,-1,1,759,30,-1,30,759,804,-1,30,804,26,-1,26,804,805,-1,26,805,27,-1,27,805,806,-1,27,806,29,-1,29,806,807,-1,29,807,44,-1,44,807,808,-1,44,808,43,-1,43,808,809,-1,43,809,41,-1,41,809,757,-1,41,757,18,-1,1,0,109,-1,1,109,758,-1,758,109,110,-1,758,110,760,-1,760,110,111,-1,760,111,762,-1,762,111,112,-1,762,112,764,-1,764,112,113,-1,764,113,766,-1,766,113,102,-1,766,102,774,-1,269,32,271,-1,271,32,31,-1,271,31,273,-1,273,31,28,-1,273,28,275,-1,275,28,42,-1,275,42,277,-1,277,42,40,-1,277,40,279,-1,279,40,39,-1,279,39,281,-1,281,39,17,-1,281,17,283,-1,283,17,19,-1,283,19,237,-1,237,19,21,-1,237,21,239,-1,239,21,22,-1,239,22,241,-1,241,22,9,-1,241,9,243,-1,243,9,36,-1,243,36,245,-1,245,36,35,-1,245,35,247,-1,247,35,15,-1,247,15,249,-1,249,15,14,-1,249,14,251,-1,251,14,4,-1,251,4,253,-1,253,4,3,-1,253,3,255,-1,255,3,6,-1,255,6,257,-1,257,6,10,-1,257,10,259,-1,259,10,47,-1,259,47,261,-1,261,47,46,-1,261,46,263,-1,263,46,45,-1,263,45,265,-1,265,45,34,-1,265,34,267,-1,267,34,33,-1,267,33,269,-1,269,33,32,-1,126,229,216,-1,126,216,127,-1,127,216,215,-1,127,215,128,-1,128,215,208,-1,128,208,129,-1,129,208,201,-1,129,201,130,-1,130,201,182,-1,130,182,131,-1,131,182,181,-1,131,181,102,-1,810,811,812,-1,812,811,813,-1,812,813,814,-1,812,815,810,-1,810,815,816,-1,810,816,817,-1,817,816,818,-1,818,819,817,-1,817,819,820,-1,817,820,821,-1,820,822,821,-1,821,822,823,-1,821,823,824,-1,823,825,824,-1,824,825,826,-1,824,826,827,-1,826,828,827,-1,827,828,829,-1,827,829,830,-1,831,832,833,-1,834,835,836,-1,836,835,837,-1,836,837,838,-1,838,837,833,-1,838,833,839,-1,839,833,832,-1,839,832,840,-1,834,841,835,-1,835,841,842,-1,835,842,843,-1,843,842,844,-1,843,844,845,-1,845,844,846,-1,845,846,847,-1,847,846,848,-1,847,848,849,-1,849,848,850,-1,850,851,849,-1,849,851,813,-1,849,813,811,-1,852,853,854,-1,854,853,831,-1,831,833,854,-1,854,833,837,-1,854,837,855,-1,855,837,835,-1,855,835,856,-1,856,835,843,-1,856,843,857,-1,857,843,845,-1,857,845,858,-1,858,845,847,-1,858,847,859,-1,859,847,849,-1,859,849,860,-1,860,849,811,-1,860,811,810,-1,861,862,863,-1,863,862,852,-1,852,854,863,-1,863,854,855,-1,863,855,864,-1,864,855,856,-1,864,856,865,-1,865,856,857,-1,865,857,866,-1,866,857,858,-1,866,858,867,-1,867,858,859,-1,867,859,868,-1,868,859,860,-1,868,860,869,-1,869,860,810,-1,869,810,817,-1,870,871,872,-1,872,871,861,-1,861,863,872,-1,872,863,864,-1,872,864,873,-1,873,864,865,-1,873,865,874,-1,874,865,866,-1,874,866,875,-1,875,866,867,-1,875,867,876,-1,876,867,868,-1,876,868,877,-1,877,868,869,-1,877,869,878,-1,878,869,817,-1,878,817,821,-1,879,880,881,-1,881,880,870,-1,870,872,881,-1,881,872,873,-1,881,873,882,-1,882,873,874,-1,882,874,883,-1,883,874,875,-1,883,875,884,-1,884,875,876,-1,884,876,885,-1,885,876,877,-1,885,877,886,-1,886,877,878,-1,886,878,887,-1,887,878,821,-1,887,821,824,-1,888,889,890,-1,890,889,879,-1,879,881,890,-1,890,881,882,-1,890,882,891,-1,891,882,883,-1,891,883,892,-1,892,883,884,-1,892,884,893,-1,893,884,885,-1,893,885,894,-1,894,885,886,-1,894,886,895,-1,895,886,887,-1,895,887,896,-1,896,887,824,-1,896,824,827,-1,888,890,897,-1,897,890,891,-1,897,891,898,-1,898,891,892,-1,898,892,899,-1,899,892,893,-1,899,893,900,-1,900,893,894,-1,900,894,901,-1,901,894,895,-1,901,895,902,-1,902,895,896,-1,902,896,903,-1,903,896,827,-1,903,827,830,-1,889,888,134,-1,889,134,879,-1,879,134,173,-1,879,173,880,-1,880,173,870,-1,870,173,172,-1,870,172,871,-1,871,172,861,-1,861,172,160,-1,861,160,862,-1,862,160,159,-1,862,159,852,-1,852,159,853,-1,853,159,176,-1,853,176,831,-1,831,176,832,-1,832,176,143,-1,832,143,840,-1,231,230,149,-1,149,230,229,-1,149,229,147,-1,149,151,231,-1,231,151,155,-1,231,155,232,-1,232,155,157,-1,157,158,232,-1,232,158,139,-1,232,139,233,-1,139,138,233,-1,233,138,136,-1,233,136,234,-1,136,135,234,-1,234,135,175,-1,234,175,235,-1,175,174,235,-1,235,174,134,-1,235,134,196,-1,181,183,904,-1,904,183,905,-1,183,185,905,-1,905,185,189,-1,905,189,906,-1,189,188,906,-1,906,188,192,-1,906,192,907,-1,907,192,191,-1,907,191,908,-1,191,195,908,-1,908,195,194,-1,908,194,909,-1,194,200,909,-1,909,200,199,-1,909,199,910,-1,910,199,197,-1,910,197,196,-1,816,815,911,-1,911,815,812,-1,912,913,914,-1,914,913,915,-1,914,915,916,-1,916,915,911,-1,916,911,917,-1,917,911,812,-1,917,812,814,-1,912,918,913,-1,913,918,919,-1,913,919,920,-1,920,919,921,-1,920,921,922,-1,922,921,923,-1,922,923,924,-1,924,923,925,-1,924,925,926,-1,926,925,927,-1,927,928,926,-1,926,928,904,-1,926,904,905,-1,819,818,929,-1,929,818,816,-1,816,911,929,-1,929,911,915,-1,929,915,930,-1,930,915,913,-1,930,913,931,-1,931,913,920,-1,931,920,932,-1,932,920,922,-1,932,922,933,-1,933,922,924,-1,933,924,934,-1,934,924,926,-1,934,926,935,-1,935,926,905,-1,935,905,906,-1,822,820,936,-1,936,820,819,-1,819,929,936,-1,936,929,930,-1,936,930,937,-1,937,930,931,-1,937,931,938,-1,938,931,932,-1,938,932,939,-1,939,932,933,-1,939,933,940,-1,940,933,934,-1,940,934,941,-1,941,934,935,-1,941,935,942,-1,942,935,906,-1,942,906,907,-1,825,823,943,-1,943,823,822,-1,822,936,943,-1,943,936,937,-1,943,937,944,-1,944,937,938,-1,944,938,945,-1,945,938,939,-1,945,939,946,-1,946,939,940,-1,946,940,947,-1,947,940,941,-1,947,941,948,-1,948,941,942,-1,948,942,949,-1,949,942,907,-1,949,907,908,-1,828,826,950,-1,950,826,825,-1,825,943,950,-1,950,943,944,-1,950,944,951,-1,951,944,945,-1,951,945,952,-1,952,945,946,-1,952,946,953,-1,953,946,947,-1,953,947,954,-1,954,947,948,-1,954,948,955,-1,955,948,949,-1,955,949,956,-1,956,949,908,-1,956,908,909,-1,957,829,828,-1,828,950,957,-1,957,950,951,-1,957,951,958,-1,958,951,952,-1,958,952,959,-1,959,952,953,-1,959,953,960,-1,960,953,954,-1,960,954,961,-1,961,954,955,-1,961,955,962,-1,962,955,956,-1,962,956,963,-1,963,956,909,-1,963,909,910,-1,329,964,331,-1,331,964,965,-1,331,965,285,-1,285,965,966,-1,285,966,287,-1,287,966,967,-1,287,967,289,-1,289,967,968,-1,289,968,291,-1,291,968,969,-1,291,969,293,-1,293,969,970,-1,293,970,295,-1,295,970,971,-1,295,971,297,-1,297,971,972,-1,297,972,299,-1,299,972,973,-1,299,973,301,-1,301,973,974,-1,301,974,303,-1,303,974,975,-1,303,975,305,-1,305,975,976,-1,305,976,307,-1,307,976,977,-1,307,977,309,-1,309,977,978,-1,309,978,311,-1,311,978,979,-1,311,979,313,-1,313,979,980,-1,313,980,315,-1,315,980,981,-1,315,981,317,-1,317,981,982,-1,317,982,319,-1,319,982,983,-1,319,983,321,-1,321,983,984,-1,321,984,323,-1,323,984,985,-1,323,985,325,-1,325,985,986,-1,325,986,327,-1,327,986,987,-1,327,987,329,-1,329,987,964,-1,134,888,988,-1,982,989,990,-1,988,986,990,-1,990,986,985,-1,988,991,134,-1,134,991,989,-1,134,989,196,-1,971,970,829,-1,985,984,990,-1,990,984,983,-1,990,983,982,-1,960,961,974,-1,829,970,830,-1,980,979,196,-1,989,982,196,-1,196,982,981,-1,196,981,980,-1,979,978,196,-1,196,978,977,-1,196,977,910,-1,973,957,958,-1,973,958,974,-1,974,958,959,-1,974,959,960,-1,957,973,829,-1,829,973,972,-1,829,972,971,-1,977,976,910,-1,910,976,975,-1,910,975,963,-1,963,975,974,-1,963,974,962,-1,962,974,961,-1,898,899,966,-1,966,899,900,-1,970,969,830,-1,830,969,968,-1,830,968,903,-1,903,968,967,-1,903,967,902,-1,902,967,966,-1,902,966,901,-1,901,966,900,-1,898,966,897,-1,897,966,965,-1,897,965,888,-1,888,965,964,-1,888,964,988,-1,988,964,987,-1,988,987,986,-1,147,48,84,-1,147,84,148,-1,148,84,85,-1,148,85,152,-1,152,85,86,-1,152,86,145,-1,145,86,87,-1,145,87,146,-1,146,87,88,-1,146,88,142,-1,142,88,89,-1,142,89,143,-1,992,993,994,-1,994,993,995,-1,994,995,996,-1,996,995,997,-1,996,997,998,-1,998,997,999,-1,998,999,1000,-1,1000,999,1001,-1,1000,1001,1002,-1,1002,1001,1003,-1,1002,1003,1004,-1,1004,1003,1005,-1,1004,1005,1006,-1,1006,1005,1007,-1,1006,1007,1008,-1,1008,1007,1009,-1,1008,1009,1010,-1,1010,1009,1011,-1,1010,1011,1012,-1,1012,1011,1013,-1,1012,1013,1014,-1,1014,1013,1015,-1,1014,1015,1016,-1,1016,1015,1017,-1,1016,1017,1018,-1,1018,1017,1019,-1,1018,1019,1020,-1,1020,1019,1021,-1,1020,1021,1022,-1,1022,1021,1023,-1,1022,1023,1024,-1,1024,1023,1025,-1,1024,1025,1026,-1,1026,1025,1027,-1,1026,1027,1028,-1,1028,1027,1029,-1,1028,1029,1030,-1,1030,1029,1031,-1,1030,1031,1032,-1,1032,1031,1033,-1,1032,1033,1034,-1,1034,1033,1035,-1,1034,1035,1036,-1,1036,1035,1037,-1,1036,1037,1038,-1,1038,1037,1039,-1,1038,1039,992,-1,992,1039,993,-1,752,785,1040,-1,1040,785,1041,-1,785,784,1041,-1,1041,784,782,-1,1041,782,1042,-1,782,780,1042,-1,1042,780,778,-1,1042,778,1043,-1,778,776,1043,-1,1043,776,775,-1,1043,775,1044,-1,1044,775,768,-1,1044,768,1045,-1,1045,768,770,-1,774,1046,773,-1,773,1046,1045,-1,773,1045,772,-1,772,1045,770,-1,752,1040,716,-1,716,1040,1047,-1,716,1047,715,-1,715,1047,1048,-1,715,1048,714,-1,714,1048,712,-1,712,1048,1049,-1,712,1049,710,-1,710,1049,717,-1,717,1049,1050,-1,717,1050,718,-1,718,1050,720,-1,720,1050,1051,-1,720,1051,722,-1,722,1051,724,-1,724,1051,1052,-1,724,1052,726,-1,726,1052,727,-1,727,1052,1053,-1,727,1053,694,-1,813,851,1054,-1,1054,851,1055,-1,851,850,1055,-1,1055,850,848,-1,1055,848,1056,-1,848,846,1056,-1,1056,846,844,-1,1056,844,1057,-1,844,842,1057,-1,1057,842,841,-1,1057,841,1058,-1,841,834,1058,-1,1058,834,836,-1,1058,836,1059,-1,840,1060,839,-1,839,1060,1059,-1,839,1059,838,-1,838,1059,836,-1,813,1054,814,-1,814,1054,1061,-1,814,1061,917,-1,917,1061,1062,-1,917,1062,916,-1,1063,918,1064,-1,1064,918,912,-1,1064,912,1062,-1,1062,912,914,-1,1062,914,916,-1,925,923,1065,-1,1065,923,921,-1,1065,921,1063,-1,1063,921,919,-1,1063,919,918,-1,925,1065,927,-1,927,1065,1066,-1,927,1066,928,-1,928,1066,1067,-1,928,1067,904,-1,904,1067,1068,-1,1069,1070,181,-1,1070,1071,1072,-1,1072,1071,1073,-1,904,1068,181,-1,181,1068,1074,-1,181,1074,1069,-1,1075,372,403,-1,1070,1072,181,-1,181,1072,1076,-1,181,1076,1077,-1,1078,1079,1080,-1,1080,1081,181,-1,181,1081,1082,-1,181,1082,102,-1,102,1082,1083,-1,102,1083,1084,-1,1073,1085,1072,-1,1072,1085,1075,-1,1072,1075,1086,-1,1086,1075,403,-1,1087,434,433,-1,1046,774,1088,-1,1088,774,102,-1,1088,102,1089,-1,1089,102,1084,-1,1079,1090,1080,-1,1080,1090,1087,-1,1080,1087,1091,-1,1091,1087,433,-1,1077,1092,181,-1,181,1092,1093,-1,181,1093,1094,-1,1094,1095,181,-1,181,1095,1096,-1,181,1096,1080,-1,1080,1096,1097,-1,1080,1097,1078,-1,1074,1068,1098,-1,1098,1068,1099,-1,1100,1075,1101,-1,1101,1075,1085,-1,1101,1085,1102,-1,1102,1085,1073,-1,1102,1073,1103,-1,1103,1073,1071,-1,1103,1071,1104,-1,1104,1071,1070,-1,1104,1070,1105,-1,1105,1070,1069,-1,1105,1069,1098,-1,1098,1069,1074,-1,372,1075,373,-1,373,1075,1100,-1,405,406,373,-1,373,406,407,-1,373,407,366,-1,354,412,411,-1,358,369,413,-1,413,369,370,-1,413,370,408,-1,408,370,360,-1,408,360,407,-1,407,360,362,-1,407,362,366,-1,412,354,413,-1,413,354,359,-1,413,359,358,-1,416,415,352,-1,411,410,354,-1,354,410,409,-1,354,409,352,-1,352,409,414,-1,352,414,416,-1,415,417,352,-1,352,417,418,-1,352,418,419,-1,339,338,336,-1,421,404,1106,-1,1106,404,381,-1,381,339,1106,-1,1106,339,336,-1,1106,336,421,-1,421,336,342,-1,421,342,344,-1,344,347,421,-1,421,347,348,-1,421,348,333,-1,419,420,352,-1,352,420,421,-1,352,421,332,-1,332,421,333,-1,405,1107,403,-1,403,1107,1086,-1,1108,1094,1109,-1,1109,1094,1093,-1,1109,1093,1110,-1,1110,1093,1092,-1,1110,1092,1111,-1,1111,1092,1077,-1,1111,1077,1112,-1,1112,1077,1076,-1,1112,1076,1113,-1,1113,1076,1072,-1,1113,1072,1107,-1,1107,1072,1086,-1,1095,1094,1114,-1,1114,1094,1108,-1,1115,1087,1116,-1,1116,1087,1090,-1,1116,1090,1117,-1,1117,1090,1079,-1,1117,1079,1118,-1,1118,1079,1078,-1,1118,1078,1119,-1,1119,1078,1097,-1,1119,1097,1120,-1,1120,1097,1096,-1,1120,1096,1114,-1,1114,1096,1095,-1,434,1087,493,-1,493,1087,1115,-1,504,506,484,-1,484,506,505,-1,484,505,507,-1,1121,508,509,-1,509,510,1121,-1,1121,510,511,-1,1121,511,1122,-1,511,494,1122,-1,1122,494,474,-1,1122,474,1121,-1,1121,474,473,-1,1121,473,477,-1,477,476,1121,-1,1121,476,478,-1,1121,478,479,-1,479,482,1121,-1,1121,482,480,-1,1121,480,481,-1,507,508,484,-1,484,508,1121,-1,484,1121,483,-1,483,1121,481,-1,492,503,502,-1,502,501,492,-1,492,501,500,-1,492,500,499,-1,504,484,499,-1,499,484,485,-1,499,485,487,-1,487,486,499,-1,499,486,491,-1,499,491,492,-1,503,492,498,-1,498,492,488,-1,498,488,497,-1,497,488,489,-1,497,489,496,-1,496,489,495,-1,495,489,490,-1,495,490,493,-1,495,1123,433,-1,433,1123,1091,-1,1124,1089,1125,-1,1125,1089,1084,-1,1125,1084,1126,-1,1126,1084,1083,-1,1126,1083,1127,-1,1127,1083,1082,-1,1127,1082,1128,-1,1128,1082,1081,-1,1128,1081,1129,-1,1129,1081,1080,-1,1129,1080,1123,-1,1123,1080,1091,-1,1124,1130,1089,-1,1089,1130,1088,-1,1131,1132,1133,-1,1133,1132,1134,-1,1131,1133,1135,-1,1135,1133,1136,-1,1135,1136,1137,-1,1137,1136,1138,-1,1137,1138,1139,-1,1139,1138,1140,-1,1139,1140,1141,-1,1141,1140,1142,-1,1141,1142,1143,-1,1143,1142,1144,-1,1143,1144,1145,-1,1145,1144,1146,-1,512,1145,513,-1,513,1145,1146,-1,538,536,594,-1,586,585,513,-1,513,585,602,-1,513,602,515,-1,515,602,517,-1,517,602,599,-1,517,599,524,-1,524,599,600,-1,524,600,522,-1,522,600,601,-1,522,601,597,-1,594,536,595,-1,597,598,522,-1,522,598,596,-1,522,596,520,-1,520,596,518,-1,536,535,595,-1,595,535,529,-1,595,529,596,-1,596,529,532,-1,596,532,518,-1,588,587,553,-1,553,587,592,-1,592,593,553,-1,553,593,591,-1,553,591,590,-1,548,553,549,-1,549,553,590,-1,549,590,563,-1,563,590,589,-1,588,553,594,-1,594,553,546,-1,594,546,544,-1,544,542,594,-1,594,542,541,-1,594,541,538,-1,586,1147,584,-1,584,1147,1148,-1,1148,1147,1149,-1,1149,1147,1150,-1,1149,1150,1151,-1,1151,1150,1152,-1,1151,1152,1153,-1,1153,1152,1154,-1,1153,1154,1155,-1,1155,1154,1156,-1,1155,1156,1157,-1,1157,1156,1158,-1,1157,1158,1159,-1,1159,1158,1160,-1,1160,1161,1159,-1,1159,1161,1162,-1,1162,1161,1163,-1,1163,1161,1164,-1,1163,1164,1165,-1,1165,1164,1166,-1,1165,1166,1167,-1,1167,1166,1168,-1,1167,1168,1169,-1,1169,1168,1170,-1,1169,1170,1171,-1,1171,1170,1172,-1,1171,1172,1173,-1,1173,1172,1174,-1,603,1173,604,-1,604,1173,1174,-1,644,678,683,-1,683,684,644,-1,644,684,682,-1,644,682,681,-1,639,644,640,-1,640,644,681,-1,640,681,670,-1,670,681,680,-1,637,685,644,-1,644,685,679,-1,644,679,678,-1,637,635,685,-1,685,635,633,-1,685,633,632,-1,609,611,691,-1,620,692,688,-1,688,689,620,-1,620,689,687,-1,620,687,686,-1,632,629,685,-1,685,629,627,-1,685,627,686,-1,686,627,626,-1,686,626,620,-1,692,620,691,-1,691,620,623,-1,691,623,609,-1,693,604,676,-1,676,604,677,-1,611,613,691,-1,691,613,615,-1,691,615,690,-1,690,615,608,-1,690,608,693,-1,693,608,606,-1,693,606,604,-1,677,1175,652,-1,652,1175,1176,-1,1176,1175,1177,-1,1177,1175,1178,-1,1177,1178,1179,-1,1179,1178,1180,-1,1179,1180,1181,-1,1181,1180,1182,-1,1181,1182,1183,-1,1183,1182,1184,-1,1183,1184,1185,-1,1185,1184,1186,-1,1185,1186,1187,-1,1187,1186,1188,-1,1188,1189,1187,-1,1187,1189,1190,-1,1191,1192,1193,-1,1193,1192,1194,-1,1060,1190,1189,-1,1195,1196,1061,-1,1061,1196,1197,-1,1061,1197,1198,-1,1068,1067,1198,-1,1199,1200,1201,-1,1201,1200,1191,-1,1201,1191,1202,-1,1202,1191,1193,-1,1067,1066,1198,-1,1198,1066,1065,-1,1198,1065,1063,-1,1063,1064,1198,-1,1198,1064,1062,-1,1198,1062,1061,-1,1054,1055,1058,-1,1058,1055,1056,-1,1058,1056,1057,-1,1203,1204,1189,-1,1204,1205,1189,-1,1189,1205,1206,-1,1189,1206,1207,-1,1208,1209,1202,-1,1202,1209,1210,-1,1202,1210,1211,-1,1211,1210,1212,-1,1212,1213,1211,-1,1211,1213,1214,-1,1211,1214,1189,-1,1189,1214,1215,-1,1189,1215,1203,-1,1058,1059,1054,-1,1054,1059,1060,-1,1054,1060,1061,-1,1061,1060,1189,-1,1061,1189,1195,-1,1195,1189,1207,-1,1068,1198,1099,-1,1099,1198,1216,-1,1099,1216,1217,-1,1217,1218,1099,-1,1099,1218,1219,-1,1099,1219,1220,-1,1220,1221,1099,-1,1099,1221,1222,-1,1099,1222,1223,-1,1222,1224,1223,-1,1223,1224,1225,-1,1223,1225,1193,-1,1193,1225,1226,-1,1193,1226,1202,-1,1202,1226,1227,-1,1202,1227,1208,-1,1228,1229,1230,-1,1230,1229,1231,-1,229,126,1232,-1,1232,126,1233,-1,992,994,1229,-1,1026,1234,1024,-1,1024,1234,1022,-1,1233,126,1228,-1,1228,126,48,-1,1228,48,1229,-1,1229,48,147,-1,1229,147,992,-1,994,996,1229,-1,1229,996,998,-1,1229,998,1000,-1,1232,1192,229,-1,229,1192,1191,-1,229,1191,147,-1,147,1191,1200,-1,147,1200,1234,-1,1026,1028,1234,-1,1234,1028,1030,-1,1234,1030,147,-1,147,1030,1032,-1,147,1032,1034,-1,1034,1036,147,-1,147,1036,1038,-1,147,1038,992,-1,1006,1232,1004,-1,1004,1232,1229,-1,1004,1229,1002,-1,1002,1229,1000,-1,1006,1008,1232,-1,1232,1008,1010,-1,1232,1010,1012,-1,1012,1014,1232,-1,1232,1014,1016,-1,1232,1016,1192,-1,1192,1016,1018,-1,1192,1018,1234,-1,1234,1018,1020,-1,1234,1020,1022,-1,1229,1232,1231,-1,1231,1232,1235,-1,1232,1233,1235,-1,1235,1233,1236,-1,1192,1234,1194,-1,1194,1234,1237,-1,1234,1200,1237,-1,1237,1200,1199,-1,1001,1238,1003,-1,1003,1238,1239,-1,1003,1239,1005,-1,1005,1239,1240,-1,1005,1240,1007,-1,1007,1240,1241,-1,1007,1241,1009,-1,1009,1241,1242,-1,1009,1242,1011,-1,1011,1242,1243,-1,1011,1243,1013,-1,1013,1243,1244,-1,1013,1244,1015,-1,1015,1244,1245,-1,1015,1245,1017,-1,1017,1245,1246,-1,1017,1246,1019,-1,1019,1246,1247,-1,1019,1247,1021,-1,1021,1247,1248,-1,1021,1248,1023,-1,1023,1248,1249,-1,1023,1249,1025,-1,1025,1249,1250,-1,1025,1250,1027,-1,1027,1250,1251,-1,1027,1251,1029,-1,1029,1251,1252,-1,1029,1252,1031,-1,1031,1252,1253,-1,1031,1253,1033,-1,1033,1253,1254,-1,1033,1254,1035,-1,1035,1254,1255,-1,1035,1255,1037,-1,1037,1255,1256,-1,1037,1256,1039,-1,1039,1256,1257,-1,1039,1257,993,-1,993,1257,1258,-1,993,1258,995,-1,995,1258,1259,-1,995,1259,997,-1,997,1259,1260,-1,997,1260,999,-1,999,1260,1261,-1,999,1261,1001,-1,1001,1261,1238,-1,1258,1262,1259,-1,1259,1262,1263,-1,1259,1263,1260,-1,1260,1263,1264,-1,1260,1264,1261,-1,1261,1264,1265,-1,1261,1265,1238,-1,1238,1265,1266,-1,1238,1266,1239,-1,1239,1266,1267,-1,1239,1267,1240,-1,1240,1267,1268,-1,1240,1268,1241,-1,1241,1268,1269,-1,1241,1269,1242,-1,1242,1269,1270,-1,1242,1270,1243,-1,1243,1270,1271,-1,1243,1271,1244,-1,1244,1271,1272,-1,1244,1272,1245,-1,1245,1272,1273,-1,1245,1273,1246,-1,1246,1273,1274,-1,1246,1274,1247,-1,1247,1274,1275,-1,1247,1275,1248,-1,1248,1275,1276,-1,1248,1276,1249,-1,1249,1276,1277,-1,1249,1277,1250,-1,1250,1277,1278,-1,1250,1278,1251,-1,1251,1278,1279,-1,1251,1279,1252,-1,1252,1279,1280,-1,1252,1280,1253,-1,1253,1280,1281,-1,1253,1281,1254,-1,1254,1281,1282,-1,1254,1282,1255,-1,1255,1282,1283,-1,1255,1283,1256,-1,1256,1283,1284,-1,1256,1284,1257,-1,1257,1284,1285,-1,1257,1285,1258,-1,1258,1285,1262,-1,1202,990,1201,-1,1201,990,989,-1,1211,988,1202,-1,1202,988,990,-1,1133,1134,1286,-1,1286,991,1211,-1,1211,991,988,-1,1180,1178,1286,-1,1180,1286,1182,-1,1189,1188,1211,-1,1211,1188,1186,-1,1211,1186,1286,-1,1286,1186,1184,-1,1286,1184,1182,-1,1160,1158,1142,-1,1142,1158,1156,-1,1142,1156,1154,-1,1170,1168,1178,-1,1147,586,513,-1,1154,1152,1142,-1,1142,1152,1150,-1,1142,1150,1144,-1,1144,1150,1147,-1,1144,1147,1146,-1,1146,1147,513,-1,677,604,1175,-1,1175,604,1174,-1,1175,1174,1178,-1,1178,1174,1172,-1,1178,1172,1170,-1,1168,1166,1178,-1,1178,1166,1164,-1,1178,1164,1286,-1,1286,1164,1161,-1,1286,1161,1160,-1,1142,1140,1160,-1,1160,1140,1138,-1,1160,1138,1286,-1,1286,1138,1136,-1,1286,1136,1133,-1,12,1287,11,-1,11,1287,1288,-1,1201,989,1199,-1,1199,989,991,-1,1199,991,1237,-1,1237,991,1286,-1,1237,1286,1231,-1,1231,1286,1230,-1,1283,1282,1194,-1,1194,1282,1281,-1,1194,1281,1280,-1,1280,1279,1194,-1,1194,1279,1223,-1,1194,1223,1193,-1,1279,1278,1223,-1,1223,1278,1277,-1,1223,1277,1276,-1,1272,1271,1235,-1,1287,12,1236,-1,1236,12,13,-1,1236,13,1235,-1,1235,13,1223,-1,1276,1275,1223,-1,1223,1275,1274,-1,1223,1274,1235,-1,1235,1274,1273,-1,1235,1273,1272,-1,1267,1266,1231,-1,1231,1266,1265,-1,1231,1265,1264,-1,1264,1263,1231,-1,1231,1263,1262,-1,1231,1262,1237,-1,1237,1262,1285,-1,1237,1285,1194,-1,1194,1285,1284,-1,1194,1284,1283,-1,1271,1270,1235,-1,1235,1270,1269,-1,1235,1269,1231,-1,1231,1269,1268,-1,1231,1268,1267,-1,11,1288,2,-1,2,1288,1289,-1,1098,1099,1223,-1,1223,13,1289,-1,1289,13,2,-1,1128,1129,1223,-1,1128,1223,1127,-1,1130,1124,1289,-1,1289,1124,1125,-1,1289,1125,1223,-1,1223,1125,1126,-1,1223,1126,1127,-1,1110,1111,1101,-1,1101,1111,1112,-1,1107,405,373,-1,1117,1118,1129,-1,1112,1113,1101,-1,1101,1113,1107,-1,1101,1107,1100,-1,1100,1107,373,-1,495,493,1123,-1,1123,493,1115,-1,1123,1115,1129,-1,1129,1115,1116,-1,1129,1116,1117,-1,1102,1108,1101,-1,1101,1108,1109,-1,1101,1109,1110,-1,1118,1119,1129,-1,1129,1119,1120,-1,1129,1120,1223,-1,1223,1120,1114,-1,1223,1114,1108,-1,1102,1103,1108,-1,1108,1103,1104,-1,1108,1104,1223,-1,1223,1104,1105,-1,1223,1105,1098,-1,
        ]
    }
}
Shape{
    appearance Appearance {
        material  Material 	{
            diffuseColor 0.8509803921568627 0.8509803921568627 0.8509803921568627
            specularColor 0.4235294117647059 0.4235294117647059 0.4235294117647059
            ambientIntensity 0.851
            transparency 0.0
            shininess 0.5
        }
    }
    geometry IndexedFaceSet {
        ccw TRUE
        solid FALSE
        coord DEF co Coordinate {
            point [
                14.8567 -0.3803 4.3539, 14.8567 -1.1677 4.5649, 14.8567 -0.3937 4.252, 14.8567 -1.2089 4.252, 14.8567 -0.3803 4.1501, 14.8567 -1.1677 3.9391, 14.8567 -0.341 4.0551, 14.8567 -1.047 3.6475, 14.8567 -0.2784 3.9736, 14.8567 -0.8548 3.3972, 14.8567 -0.1969 3.911, 14.8567 -0.6045 3.205, 14.8567 -0.1019 3.8717, 14.8567 -0.3129 3.0843, 14.8567 -0.0 3.8583, 14.8567 -0.0 3.0431, 14.8567 0.1019 3.8717, 14.8567 0.3129 3.0843, 14.8567 0.1968 3.911, 14.8567 0.6044 3.205, 14.8567 0.2784 3.9736, 14.8567 0.8548 3.3972, 14.8567 0.3409 4.0551, 14.8567 1.0469 3.6475, 14.8567 0.3803 4.1501, 14.8567 1.1677 3.9391, 14.8567 0.3937 4.252, 14.8567 1.2089 4.252, 14.8567 0.3803 4.3539, 14.8567 1.1677 4.5649, 14.8567 0.3409 4.4488, 14.8567 1.0469 4.8564, 14.8567 0.2784 4.5304, 14.8567 0.8548 5.1068, 14.8567 0.1968 4.5929, 14.8567 0.6044 5.2989, 14.8567 0.1019 4.6323, 14.8567 0.3129 5.4197, 14.8567 -0.0 4.6457, 14.8567 -0.0 5.4609, 14.8567 -0.1019 4.6323, 14.8567 -0.3129 5.4197, 14.8567 -0.1969 4.5929, 14.8567 -0.6045 5.2989, 14.8567 -0.2784 4.5304, 14.8567 -0.8548 5.1068, 14.8567 -0.341 4.4488, 14.8567 -1.047 4.8564, 13.87 -0.0905 3.8688, 13.8552 -0.1019 3.8718, 13.6614 -0.0492 3.8614, 13.6614 -0.1019 3.8717, 13.6687 -0.064 3.8635, 13.6891 -0.0905 3.8688, 13.8126 -0.1236 3.8782, 13.7963 -0.1269 3.8793, 13.6614 -0.1969 3.911, 13.8435 -0.1108 3.8742, 13.8286 -0.1182 3.8764, 13.7795 -0.128 3.8796, 13.7628 -0.1269 3.8793, 13.7464 -0.1236 3.8782, 13.7305 -0.1182 3.8764, 13.7161 -0.1099 3.874, 13.7021 -0.1019 3.8717, 13.9031 -0.0331 3.8597, 13.8977 -0.049 3.8613, 13.8903 -0.064 3.8635, 13.87 0.0905 3.8688, 13.8903 0.064 3.8635, 13.8977 0.0489 3.8613, 13.9031 0.0331 3.8597, 13.9064 0.0168 3.8586, 13.9075 -0.0 3.8583, 13.9064 -0.0167 3.8586, 13.6614 0.1968 3.911, 13.6614 0.1019 3.8717, 13.7039 0.1018 3.8718, 13.7156 0.1108 3.8742, 13.7306 0.1182 3.8764, 13.7464 0.1236 3.8782, 13.7628 0.1268 3.8793, 13.7795 0.1279 3.8796, 13.7962 0.1268 3.8793, 13.8126 0.1236 3.8782, 13.8285 0.1182 3.8764, 13.843 0.1099 3.874, 13.8569 0.1019 3.8717, 13.6614 0.0492 3.8614, 13.6687 0.064 3.8635, 13.6891 0.0905 3.8688, 13.6614 0.2784 3.9736, 13.6614 0.3409 4.0551, 13.6614 0.3803 4.1501, 13.6614 0.3937 4.252, 13.6614 0.3803 4.3539, 13.6614 0.3409 4.4488, 13.6614 0.2784 4.5304, 13.6614 0.1968 4.5929, 13.6614 0.1019 4.6323, 13.6614 -0.0 4.6457, 13.6614 -0.1019 4.6323, 13.6614 -0.1969 4.5929, 13.6614 -0.2784 4.5304, 13.6614 -0.341 4.4488, 13.6614 -0.3803 4.3539, 13.6614 -0.3937 4.252, 13.6614 -0.3803 4.1501, 13.6614 -0.341 4.0551, 13.6614 -0.2784 3.9736, 13.6614 0.0492 3.4661, 13.6614 0.1367 3.4765, 13.6614 0.3119 3.529, 13.6614 0.4702 3.6204, 13.6614 0.4702 4.8836, 13.6614 0.6032 4.7581, 13.6614 0.7036 4.6054, 13.6614 0.7662 4.4336, 13.6614 0.7874 4.252, 13.6614 0.7662 4.0704, 13.6614 0.7036 3.8986, 13.6614 0.6032 3.7458, 13.6614 -0.7821 4.1606, 13.6614 -0.7821 4.3434, 13.6614 -0.7399 4.5213, 13.6614 -0.6579 4.6847, 13.6614 -0.5404 4.8247, 13.6614 -0.3937 4.9339, 13.6614 -0.2258 5.0063, 13.6614 -0.0458 5.038, 13.6614 0.1367 5.0274, 13.6614 0.3119 4.975, 13.6614 -0.0492 3.4661, 13.6614 -0.2258 3.4977, 13.6614 -0.3937 3.5701, 13.6614 -0.5404 3.6792, 13.6614 -0.6579 3.8193, 13.6614 -0.7399 3.9827, 13.8126 -0.1236 3.0764, 13.8346 -0.1145 3.0527, 13.8344 -0.3456 3.0976, 13.6891 0.0905 3.2903, 13.6829 0.0824 3.3158, 13.6815 0.1633 3.326, 13.6687 0.064 3.3743, 13.6633 0.0534 3.4198, 13.7156 0.1108 3.2235, 13.8435 0.1108 3.0431, 13.8346 0.1145 3.0527, 13.8344 0.2092 3.0653, 13.8126 0.1236 3.0764, 13.7795 0.1279 3.1174, 13.7464 0.1236 3.1664, 13.7405 0.188 3.1857, 13.741 0.1213 3.1764, 13.8903 -0.064 2.9993, 13.8976 -0.0493 2.9931, 13.9567 -0.0755 2.9553, 13.9031 -0.0331 2.9885, 13.9064 -0.0169 2.9858, 13.9075 -0.0 2.9849, 13.9064 0.0167 2.9858, 13.9567 0.2255 2.9729, 13.9031 0.0331 2.9885, 13.8976 0.0492 2.9931, 13.8903 0.064 2.9993, 13.8808 0.0782 3.0077, 13.87 0.0905 3.0175, 13.8435 -0.1108 3.0431, 13.87 -0.0905 3.0175, 13.9567 -0.3725 3.0077, 13.8808 -0.0782 3.0077, 13.8845 -0.0727 3.0044, 13.7795 -0.128 3.1174, 13.7156 -0.1108 3.2235, 13.741 -0.1214 3.1764, 13.7405 -0.3105 3.2148, 13.7464 -0.1236 3.1664, 13.6687 -0.064 3.3743, 13.6829 -0.0825 3.3158, 13.6815 -0.2697 3.3512, 13.6891 -0.0905 3.2903, 13.6633 -0.0534 3.4197, 14.252 1.3779 4.252, 14.0991 1.3212 4.5651, 14.252 1.3408 4.5698, 14.0991 1.2134 4.8614, 14.252 1.2314 4.8704, 14.0991 1.0401 5.1248, 14.252 1.0556 5.1377, 14.0991 0.8108 5.3411, 14.252 0.8228 5.3573, 14.0991 0.5378 5.4988, 14.252 0.5458 5.5172, 14.0991 0.2358 5.5892, 14.252 0.2393 5.609, 14.0991 -0.079 5.6075, 14.252 -0.0801 5.6276, 14.0991 -0.3894 5.5528, 14.252 -0.3952 5.572, 14.0991 -0.6789 5.4279, 14.252 -0.689 5.4453, 14.0991 -0.9318 5.2396, 14.252 -0.9456 5.2543, 14.0991 -1.1345 4.9981, 14.252 -1.1513 5.0092, 14.0991 -1.276 4.7164, 14.252 -1.2949 4.7233, 14.0991 -1.3487 4.4096, 14.252 -1.3687 4.4119, 14.0991 -1.3487 4.0943, 14.252 -1.3687 4.092, 14.0991 -1.276 3.7876, 14.252 -1.2949 3.7807, 14.0991 -1.1345 3.5058, 14.252 -1.1513 3.4948, 14.0991 -0.9318 3.2643, 14.252 -0.9456 3.2497, 14.0991 -0.6789 3.0761, 14.252 -0.689 3.0586, 14.0991 -0.3894 2.9512, 14.252 -0.3952 2.9319, 14.0991 -0.079 2.8964, 14.252 -0.0801 2.8764, 14.0991 0.2358 2.9148, 14.252 0.2393 2.895, 14.0991 0.5378 3.0052, 14.252 0.5458 2.9867, 14.0991 0.8108 3.1628, 14.252 0.8228 3.1467, 14.0991 1.0401 3.3792, 14.252 1.0556 3.3662, 14.0991 1.2134 3.6426, 14.252 1.2314 3.6335, 14.0991 1.3212 3.9388, 14.252 1.3408 3.9342, 14.0991 1.3578 4.252, 13.9567 1.2638 4.5515, 13.9567 1.1607 4.8349, 13.9567 0.9949 5.0868, 13.9567 0.7756 5.2938, 13.9567 0.5144 5.4446, 13.9567 0.2255 5.5311, 13.9567 -0.0755 5.5486, 13.9567 -0.3725 5.4962, 13.9567 -0.6494 5.3768, 13.9567 -0.8913 5.1967, 13.9567 -1.0852 4.9657, 13.9567 -1.2205 4.6962, 13.9567 -1.2901 4.4028, 13.9567 -1.2901 4.1012, 13.9567 -1.2205 3.8077, 13.9567 -1.0852 3.5383, 13.9567 -0.8913 3.3072, 13.9567 -0.6494 3.1271, 13.9567 0.5144 3.0594, 13.9567 0.7756 3.2101, 13.9567 0.9949 3.4171, 13.9567 1.1607 3.6691, 13.9567 1.2638 3.9524, 13.9567 1.2988 4.252, 13.8344 0.4773 3.1455, 13.8344 0.7195 3.2854, 13.8344 0.9231 3.4774, 13.8344 1.0768 3.7112, 13.8344 1.1725 3.9741, 13.8344 1.205 4.252, 13.8344 1.1725 4.5299, 13.8344 1.0768 4.7928, 13.8344 0.9231 5.0265, 13.8344 0.7195 5.2185, 13.8344 0.4773 5.3584, 13.8344 0.2092 5.4387, 13.8344 -0.0701 5.4549, 13.8344 -0.3456 5.4063, 13.8344 -0.6025 5.2955, 13.8344 -0.8269 5.1284, 13.8344 -1.0068 4.9141, 13.8344 -1.1323 4.6641, 13.8344 -1.1969 4.3919, 13.8344 -1.1969 4.1121, 13.8344 -1.1323 3.8398, 13.8344 -1.0068 3.5898, 13.8344 -0.8269 3.3755, 13.8344 -0.6025 3.2084, 13.7405 0.4288 3.2578, 13.7405 0.6465 3.3835, 13.7405 0.8294 3.556, 13.7405 0.9675 3.7661, 13.7405 1.0535 4.0023, 13.7405 1.0827 4.252, 13.7405 1.0535 4.5017, 13.7405 0.9675 4.7379, 13.7405 0.8294 4.9479, 13.7405 0.6465 5.1204, 13.7405 0.4288 5.2461, 13.7405 0.188 5.3182, 13.7405 -0.063 5.3328, 13.7405 -0.3105 5.2892, 13.7405 -0.5414 5.1896, 13.7405 -0.743 5.0395, 13.7405 -0.9046 4.8469, 13.7405 -1.0174 4.6223, 13.7405 -1.0754 4.3777, 13.7405 -1.0754 4.1263, 13.7405 -1.0174 3.8817, 13.7405 -0.9046 3.657, 13.7405 -0.743 3.4645, 13.7405 -0.5414 3.3143, 13.6815 0.3724 3.3886, 13.6815 0.5615 3.4978, 13.6815 0.7203 3.6476, 13.6815 0.8402 3.83, 13.6815 0.9149 4.0351, 13.6815 0.9402 4.252, 13.6815 0.9149 4.4688, 13.6815 0.8402 4.674, 13.6815 0.7203 4.8564, 13.6815 0.5615 5.0062, 13.6815 0.3724 5.1153, 13.6815 0.1633 5.1779, 13.6815 -0.0547 5.1906, 13.6815 -0.2697 5.1527, 13.6815 -0.4701 5.0663, 13.6815 -0.6453 4.9359, 13.6815 -0.7856 4.7686, 13.6815 -0.8836 4.5736, 13.6815 -0.9339 4.3611, 13.6815 -0.9339 4.1428, 13.6815 -0.8836 3.9304, 13.6815 -0.7856 3.7353, 13.6815 -0.6453 3.5681, 13.6815 -0.4701 3.4377, 14.7441 1.1677 4.5649, 14.7441 1.0469 4.8564, 14.7441 0.8548 5.1068, 14.7441 0.6044 5.2989, 14.7441 0.3129 5.4197, 14.7441 -0.0 5.4609, 14.7441 -0.3129 5.4197, 14.7441 -0.6045 5.2989, 14.7441 -0.8548 5.1068, 14.7441 -1.047 4.8564, 14.7441 -1.1677 4.5649, 14.7441 -1.2089 4.252, 14.7441 -1.1677 3.9391, 14.7441 -1.047 3.6475, 14.7441 -0.8548 3.3972, 14.7441 -0.6045 3.205, 14.7441 -0.3129 3.0843, 14.7441 -0.0 3.0431, 14.7441 0.3129 3.0843, 14.7441 0.6044 3.205, 14.7441 0.8548 3.3972, 14.7441 1.0469 3.6475, 14.7441 1.1677 3.9391, 14.7441 1.2089 4.252, -14.252 1.2305 5.4852, -14.2272 1.2314 5.489, -14.252 1.4141 5.6634, -14.219 1.2317 5.4902, -14.2036 1.2354 5.4956, -14.1882 1.2391 5.501, -14.1816 1.2424 5.5049, -14.219 1.4091 5.6624, -14.1288 1.3389 5.6048, -14.1352 1.3503 5.6152, -14.2036 1.4036 5.6589, -14.1618 1.2522 5.5167, -14.1466 1.2655 5.5315, -14.1415 1.27 5.5364, -14.1352 1.2807 5.5475, -14.1288 1.2914 5.5587, -14.1882 1.3981 5.6553, -14.1816 1.3941 5.6522, -14.1618 1.382 5.6428, -14.1415 1.3618 5.6255, -14.1245 1.3149 5.582, -14.1277 1.3329 5.5991, -14.2082 1.5159 5.0946, -14.1936 1.5856 4.9485, -14.1687 1.587 4.9514, -14.1789 1.6413 4.7964, -14.1643 1.6824 4.64, -14.1394 1.6843 4.6426, -14.1497 1.7087 4.4813, -14.1351 1.7201 4.321, -14.1102 1.7225 4.3232, -14.1106 1.7056 4.0532, -14.0857 1.7083 4.055, -14.2166 1.9017 4.0183, -14.1875 1.821 3.6727, -14.1993 1.7997 3.6786, -14.096 1.6773 3.8965, -14.0815 1.6347 3.7432, -14.0566 1.6377 3.7445, -14.0917 1.8089 3.4899, -14.0769 1.7271 3.3248, -14.1009 1.7197 3.3266, -14.0668 1.812 3.4908, -14.0521 1.7302 3.3255, -14.0419 1.8105 3.4937, -14.0272 1.7291 3.3285, -13.9959 1.7946 3.5049, -13.9812 1.7142 3.3411, -14.0033 1.7237 3.3338, -14.0107 1.8591 3.6757, -13.9913 1.8445 3.6822, -13.9755 1.8265 3.6895, -13.9461 1.6848 3.3608, -13.9619 1.7011 3.3502, -13.9637 1.8058 3.6974, -13.9343 1.6659 3.3723, -14.0668 1.5774 3.5931, -14.0521 1.5063 3.4494, -14.0272 1.5095 3.45, -13.7623 -0.5903 2.4432, -13.7476 -0.756 2.5088, -13.7696 -0.7626 2.4988, -13.7037 -1.0656 2.9537, -13.689 -1.1805 3.0608, -13.6697 -1.1908 3.0486, -13.6916 -1.6606 3.3265, -13.6769 -1.7374 3.4865, -13.7018 -1.7405 3.4875, -13.6871 -1.5579 3.7316, -13.6725 -1.5972 3.8802, -13.6476 -1.5991 3.8776, -13.587 -1.8543 3.9971, -13.5724 -1.8675 4.1711, -13.5944 -1.8793 4.1726, -13.603 -1.5903 4.5987, -13.5884 -1.5488 4.7441, -13.5636 -1.5518 4.7429, -13.5737 -1.4935 4.8862, -13.559 -1.4251 5.0222, -13.5341 -1.4282 5.0216, -13.5153 -1.1526 5.3793, -13.5008 -1.0416 5.4792, -13.4759 -1.0448 5.4798, -13.4862 -0.9216 5.5685, -13.4717 -0.794 5.6462, -13.4468 -0.797 5.6474, -13.2111 1.1526 5.6416, -13.1969 1.2718 5.53, -13.2189 1.2816 5.5369, -13.2819 1.0044 5.46, -13.2677 1.1078 5.3625, -13.2428 1.1081 5.3657, -13.2238 1.365 5.0088, -13.2091 1.4274 4.877, -13.1843 1.4289 4.8799, -13.1477 1.803 4.2846, -13.133 1.7955 4.1159, -13.1579 1.7929 4.1141, -13.1184 1.5208 3.9965, -13.1038 1.488 3.8569, -13.079 1.491 3.8582, -13.0184 1.6633 3.6424, -13.0039 1.5972 3.4916, -13.0259 1.6069 3.4847, -13.0893 1.4426 3.7212, -13.0747 1.3847 3.5907, -13.0498 1.3878 3.5914, -13.0308 1.1421 3.2387, -13.0161 1.0403 3.138, -12.9912 1.0435 3.1376, -12.9762 0.7229 2.9182, -12.9616 0.5941 2.8588, -12.9367 0.597 2.8573, -12.922 0.5358 2.5698, -12.9074 0.3757 2.5297, -12.9322 0.3742 2.5269, -12.9176 0.1841 2.7565, -12.903 0.0437 2.7483, -12.8781 0.0458 2.7459, -12.8321 0.0526 2.5141, -12.8147 -0.1401 2.5221, -12.8368 -0.1431 2.5105, -12.8856 -0.1231 2.7559, -12.8607 -0.1213 2.7532, -12.771 -0.6086 2.6348, -12.7563 -0.7565 2.7014, -12.7783 -0.7635 2.6917, -12.8418 -0.5278 2.8549, -12.8271 -0.6554 2.9129, -12.8022 -0.6547 2.9098, -12.7831 -0.996 3.1531, -12.7684 -1.0928 3.2531, -12.7435 -1.0933 3.2499, -12.6995 -1.6481 3.7452, -12.6848 -1.6855 3.9015, -12.7097 -1.6835 3.904, -12.57 -1.6881 4.3738, -12.5553 -1.6666 4.5308, -12.5774 -1.6779 4.5348, -12.5654 -1.4978 4.2145, -12.536 -1.4734 4.4933, -12.5202 -1.4927 4.4956, -12.4815 -1.0046 5.6081, -12.4669 -0.8728 5.6935, -12.4918 -0.8722 5.6967, -12.5258 -0.6242 5.5484, -12.5111 -0.499 5.5988, -12.4872 -0.4984 5.5912, -12.3915 -0.5837 5.807, -12.3664 -0.3275 5.8758, -12.3885 -0.3278 5.8877, -12.3517 -0.1739 5.8967, -12.3371 -0.0194 5.9033, -12.3591 -0.0175 5.9151, -12.3077 1.134 5.0735, -12.293 1.2036 4.9625, -12.2691 1.1963 4.9606, -12.1209 1.6171 4.1008, -12.1063 1.5934 3.9513, -12.1312 1.5954 3.9487, -11.9943 0.0741 2.901, -11.9796 -0.0529 2.9026, -11.9575 -0.0505 2.9143, -11.8441 -0.4503 2.7424, -11.8294 -0.5886 2.7935, -11.8543 -0.5915 2.792, -11.7248 -0.9095 3.2806, -11.7077 -1.0074 3.3873, -11.6884 -1.0187 3.3759, -11.6932 -1.081 3.4857, -11.6787 -1.145 3.5902, -11.6593 -1.1582 3.5811, -11.7836 -1.4098 3.6215, -11.7688 -1.4604 3.7576, -11.7909 -1.4497 3.763, -11.7596 -1.4157 3.6168, -11.7449 -1.4667 3.7534, -11.7348 -1.4171 3.6139, -11.72 -1.4683 3.7507, -11.7099 -1.4141 3.6129, -11.6952 -1.4654 3.7494, -11.6639 -1.395 3.617, -11.6492 -1.446 3.7517, -11.6712 -1.4578 3.7498, -11.6787 -1.3314 3.4875, -11.6593 -1.3167 3.4938, -11.6435 -1.2991 3.502, -11.614 -1.4115 3.7599, -11.6299 -1.4304 3.7551, -11.6317 -1.2792 3.5118, -11.6022 -1.3902 3.7658, -11.6245 -1.2579 3.5228, -11.595 -1.3672 3.7727, -11.6639 -1.1998 3.7017, -11.6492 -1.2437 3.8177, -11.6299 -1.2584 3.8112, -11.6345 -1.2763 3.9366, -11.6198 -1.2977 4.0578, -11.6005 -1.3133 4.0541, -11.6051 -1.5203 4.1734, -11.5904 -1.5184 4.3163, -11.6124 -1.5301 4.3189, -11.6051 -1.3076 4.1806, -11.5904 -1.306 4.3036, -11.5711 -1.322 4.3029, -11.5611 -1.2686 4.5438, -11.536 -1.2015 4.7415, -11.5166 -1.2168 4.7463, -11.5213 -1.1483 4.8502, -11.5067 -1.0853 4.9532, -11.4874 -1.0994 4.9608, -11.4627 -0.9795 5.3843, -11.4774 -1.0832 5.2894, -11.458 -1.073 5.277, -11.5357 -0.5969 5.6288, -11.521 -0.4645 5.6762, -11.5431 -0.4592 5.6655, -11.4621 -0.6055 5.6331, -11.4474 -0.4726 5.6813, -11.4722 -0.4713 5.6843, -11.3838 -0.6579 5.4151, -11.3544 -0.4277 5.5125, -11.3472 -0.4355 5.5352, -11.4407 0.4159 5.4365, -11.426 0.5242 5.3898, -11.404 0.5175 5.38, -11.2904 0.9322 5.3986, -11.2757 1.0336 5.3045, -11.3006 1.0368 5.3047, -11.1711 1.123 4.7612, -11.1542 1.1683 4.6367, -11.1349 1.1831 4.6429, -11.1397 1.1964 4.5263, -11.1252 1.2141 4.4141, -11.1059 1.2297 4.4175, -11.2301 1.4462 4.2931, -11.2153 1.441 4.1572, -11.2374 1.4291 4.1563, -11.2061 1.4534 4.2953, -11.1914 1.4484 4.1586, -11.1813 1.4558 4.2974, -11.1665 1.451 4.1605, -11.1564 1.4533 4.2994, -11.1417 1.4488 4.1628, -11.1104 1.4342 4.303, -11.0957 1.43 4.1681, -11.1177 1.4416 4.1653, -11.1252 1.4255 4.4379, -11.1059 1.4096 4.4377, -11.09 1.3901 4.4368, -11.0605 1.395 4.1737, -11.0764 1.4143 4.1709, -11.0782 1.368 4.4354, -11.0487 1.373 4.1764, -11.1104 1.2214 4.2992, -11.0957 1.2178 4.1843, -11.0764 1.2338 4.1847, -11.081 1.2036 4.071, -11.0663 1.1788 3.9598, -11.047 1.1946 3.9572, -11.0516 1.343 3.7766, -11.0368 1.2901 3.6536, -11.0589 1.2999 3.6468, -11.0516 1.1438 3.8512, -11.0368 1.0987 3.7466, -11.0175 1.1137 3.7411, -11.0076 0.9815 3.5544, -10.9823 0.8536 3.4089, -10.963 0.8659 3.3986, -10.9677 0.7696 3.335, -10.953 0.6792 3.2693, -10.9337 0.6893 3.2569, -10.9384 0.6831 3.0246, -10.953 0.7964 3.0918, -10.9337 0.789 3.1059, -10.9384 0.583 3.2123, -10.9237 0.4822 3.1647, -10.9044 0.4898 3.1506, -10.909 0.4407 2.9236, -10.9237 0.5643 2.9684, -10.9044 0.5597 2.9837, -11.0139 0.3063 2.8771, -10.997 0.1559 2.855, -11.019 0.1528 2.8666, -10.9651 0.3123 2.8684, -10.9482 0.1609 2.8457, -10.9731 0.1586 2.848, -10.8943 0.2696 3.0989, -10.8773 0.1433 3.0795, -10.858 0.1465 3.0638, -10.8626 0.0327 3.0738, -10.8479 -0.0777 3.0785, -10.8286 -0.0775 3.0625, -10.8333 -0.2245 2.8841, -10.8187 -0.3503 2.9135, -10.8407 -0.3553 2.9026, -10.8333 -0.1863 3.0934, -10.8187 -0.2928 3.1183, -10.7994 -0.2955 3.1025, -10.8041 -0.3962 3.1528, -10.7895 -0.4956 3.1968, -10.7702 -0.5013 3.1818, -10.7749 -0.5905 3.2499, -10.7602 -0.6798 3.3114, -10.7409 -0.6881 3.2977, -10.7308 -0.84 3.4586, -10.7055 -0.9528 3.6063, -10.6862 -0.9652 3.5963, -10.6908 -1.0068 3.6996, -10.6761 -1.0518 3.7974, -10.6568 -1.0659 3.7899, -10.6614 -1.2909 3.8373, -10.6761 -1.2488 3.7171, -10.6568 -1.2335 3.7216, -10.6614 -1.0872 3.8987, -10.6467 -1.113 4.0026, -10.6274 -1.1282 3.9979, -10.632 -1.3404 4.0858, -10.6467 -1.3215 3.9606, -10.6274 -1.3056 3.9621, -10.6174 -1.1348 4.2144, -10.6008 -1.1295 4.3343, -10.5815 -1.1455 4.3342, -10.5862 -1.1144 4.4381, -10.5717 -1.09 4.5399, -10.5524 -1.1057 4.5427, -10.557 -1.2537 4.718, -10.5422 -1.202 4.8327, -10.5642 -1.2117 4.8396, -10.557 -1.0556 4.6402, -10.5422 -1.0121 4.7367, -10.5229 -1.027 4.7424, -10.5275 -0.96 4.828, -10.5128 -0.8997 4.9139, -10.4935 -0.9133 4.9223, -10.4981 -0.8316 4.9938, -10.4833 -0.7564 5.0668, -10.464 -0.7682 5.0776, -10.454 -0.5891 5.1887, -10.4287 -0.4287 5.2673, -10.4093 -0.4361 5.2815, -10.414 -0.3312 5.3004, -10.3994 -0.2313 5.3242, -10.38 -0.2359 5.3395, -10.3847 -0.1296 5.3386, -10.37 -0.0273 5.3434, -10.3507 -0.0289 5.3593, -10.4969 0.0869 5.3375, -10.5117 -0.0154 5.3435, -10.531 -0.0138 5.3594, -10.3553 0.0943 5.5505, -10.37 -0.028 5.5562, -10.3507 -0.0295 5.5403, -10.4049 0.3841 5.2419, -10.3902 0.4742 5.1991, -10.3653 0.4712 5.1979, -10.4288 0.3887 5.2479, -10.4141 0.4793 5.2047, -10.4509 0.3949 5.2581, -10.4362 0.4864 5.2143, -10.5008 0.3124 5.3262, -10.4713 0.5053 5.2443, -10.4555 0.4951 5.2277, -10.3046 0.2911 5.3123, -10.2752 0.4817 5.2346, -10.2593 0.4895 5.2525, -10.3312 0.3812 5.2509, -10.3165 0.472 5.2084, -10.2945 0.4758 5.2198, -10.38 0.3813 5.2404, -10.3404 0.4705 5.201, -10.4713 0.5707 5.3705, -10.4421 0.7654 5.2409, -10.4539 0.7525 5.2229, -10.2798 0.6778 5.3479, -10.2945 0.5739 5.4086, -10.2752 0.5651 5.3953, -10.4069 0.6535 5.1031, -10.3787 0.7557 5.0024, -10.3633 0.7502 4.9989, -10.4254 0.8838 5.1214, -10.4318 0.8731 5.1102, -10.4069 0.7848 5.2705, -10.3853 0.9114 5.1529, -10.4051 0.9016 5.1411, -10.3112 0.7903 5.2905, -10.2902 0.9195 5.1718, -10.315 0.9233 5.1726, -10.23 0.7514 5.2519, -10.2096 0.8759 5.1389, -10.2248 0.8911 5.1519, -10.211 0.6908 5.1773, -10.1907 0.8064 5.0736, -10.1875 0.824 5.0911, -10.1918 0.8005 5.0678, -13.2433 1.7133 4.8095, -13.2579 1.656 4.9684, -13.234 1.662 4.973, -12.8026 -1.3801 3.2188, -12.8172 -1.2799 3.093, -12.7932 -1.284 3.0867, -12.5994 -1.4746 4.0777, -12.614 -1.4544 3.9402, -12.6361 -1.4431 3.9443, -10.8651 -0.9225 3.2224, -10.8799 -0.8232 3.1382, -10.8559 -0.826 3.1312, -10.7865 -0.9936 3.7156, -10.8012 -0.9411 3.6234, -10.8251 -0.9483 3.6212, -10.7074 -1.07 3.9079, -10.7221 -1.0355 3.8081, -10.7469 -1.034 3.811, -10.632 -1.1289 4.1081, -10.6688 -1.1017 4.0068, -10.5883 -0.8003 5.3187, -10.6029 -0.8981 5.2413, -10.579 -0.9045 5.2454, -10.5097 -0.3182 5.2843, -10.5244 -0.4142 5.2525, -10.5483 -0.415 5.26, -10.4067 -0.1496 5.5623, -10.4214 -0.2721 5.5451, -10.3994 -0.2717 5.5331, -10.4306 -0.1239 5.32, -10.4453 -0.2239 5.3062, -10.4702 -0.2214 5.3042, -10.4261 0.1022 5.5714, -10.4408 -0.0221 5.5778, -10.4159 -0.0242 5.5753, -10.3553 0.075 5.3386, -10.392 -0.0254 5.3316, -13.8664 0.0939 2.5736, -13.8664 0.0939 2.5736, -13.8667 0.0971 2.5737, -13.8435 0.1107 2.3302, -13.8468 0.1087 2.3289, -13.8667 0.1073 2.3229, -14.252 1.3381 5.3648, -14.252 1.3389 5.3636, -14.2374 1.3375 5.3641, -14.252 1.5999 4.9492, -14.2424 1.5961 4.9485, -14.252 1.5494 5.0422, -14.252 1.7984 4.3137, -14.252 1.7986 4.3129, -14.2411 1.7772 4.3135, -14.252 1.579 5.4677, -14.252 1.5342 5.5208, -14.2374 1.5369 5.5246, -14.252 1.6136 5.413, -14.2229 1.6461 5.3751, -14.252 1.6413 5.3691, -14.2462 1.6421 5.3702, -14.252 1.7066 5.2658, -14.2331 1.7403 5.2124, -14.252 1.7335 5.2072, -14.252 1.761 5.1475, -14.2424 1.8141 5.0402, -14.252 1.8054 5.0508, -14.252 1.8102 5.0377, -14.2277 1.8773 4.8663, -14.252 1.8549 4.8867, -14.252 1.8198 5.0115, -14.2498 1.8666 4.861, -14.2351 1.9128 4.6833, -14.252 1.8785 4.803, -14.252 1.9085 4.5958, -14.252 1.9007 4.6497, -14.2252 1.9387 4.3188, -14.252 1.8968 4.3068, -14.252 1.8979 4.3157, -14.2411 1.9193 4.317, -14.252 1.9106 4.4184, -14.252 1.9102 4.4531, -14.2356 1.8558 4.0227, -14.252 1.8725 4.2188, -14.2284 1.8797 4.0202, -14.252 1.8786 4.232, -14.252 1.8951 4.293, -14.252 1.8513 4.1894, -14.252 1.8547 4.1913, -14.252 1.8505 4.1891, -14.252 1.8594 4.1955, -14.252 1.8652 4.2033, -14.2356 1.8063 4.0293, -14.252 1.8226 4.219, -14.252 1.8326 4.1984, -14.252 1.8336 4.1971, -14.252 1.8386 4.1917, -14.252 1.8396 4.191, -14.252 1.8429 4.1892, -14.252 1.844 4.1889, -14.2381 1.831 4.0258, -14.252 1.8467 4.1885, -14.252 1.8478 4.1886, -14.252 1.8214 4.2215, -14.2284 1.7826 4.0331, -14.252 1.8176 4.2326, -14.252 1.7837 4.376, -14.252 1.7668 4.4443, -14.2252 1.7578 4.3144, -14.252 1.7243 4.6158, -14.2059 1.7418 4.3156, -14.2205 1.7308 4.4779, -14.2351 1.7047 4.6387, -14.252 1.7182 4.6402, -14.252 1.7182 4.6402, -14.2498 1.6636 4.7972, -14.252 1.6529 4.8207, -14.252 1.6057 4.9385, -14.252 1.6291 4.8864, -14.2277 1.6518 4.7955, -14.2472 1.4335 5.2318, -14.252 1.434 5.2316, -14.252 1.4848 5.161, -14.252 1.4084 5.2671, -14.2229 1.4327 5.2338, -13.907 -0.0084 2.5727, -13.9067 -0.0 2.5727, -13.9164 0.0929 2.5736, -13.906 0.0193 2.5729, -13.9035 0.0317 2.5735, -13.903 0.033 2.5736, -13.8927 0.0597 2.575, -13.8903 0.0639 2.5751, -13.9018 -0.0635 2.5747, -13.8907 -0.0625 2.5763, -13.8932 -0.0588 2.576, -13.8965 -0.0519 2.5753, -13.9024 -0.0329 2.5738, -13.9053 -0.0235 2.5731, -13.8747 -0.0855 2.5785, -13.8764 -0.0836 2.5784, -13.8873 -0.2189 2.5905, -13.8899 -0.0637 2.5764, -13.8475 -0.1084 2.5778, -13.8527 -0.105 2.5784, -13.8624 -0.2165 2.5927, -13.8698 -0.0902 2.5787, -13.8727 -0.0877 2.5787, -13.8224 -0.1204 2.5714, -13.8258 -0.1193 2.5728, -13.8375 -0.2147 2.5899, -13.8434 -0.1107 2.577, -13.8456 -0.1096 2.5775, -13.8126 -0.1235 2.5673, -13.8137 -0.1233 2.5679, -13.8136 -0.2138 2.5824, -13.7999 -0.1261 2.5599, -13.7576 -0.3709 2.5843, -13.7806 -0.1277 2.5439, -13.7872 -0.1277 2.5509, -13.795 -0.127 2.557, -13.7915 -0.2137 2.5705, -13.7795 -0.1277 2.5427, -13.7418 -0.3741 2.5652, -13.7698 -0.1276 2.5324, -13.73 -0.3784 2.5435, -13.7624 -0.1268 2.5215, -13.7646 -0.127 2.5247, -13.7464 -0.1236 2.4783, -13.7468 -0.1237 2.4823, -13.7227 -0.3835 2.52, -13.75 -0.1245 2.4943, -13.7536 -0.1252 2.5021, -13.7464 -0.1236 2.4781, -13.7203 -0.3892 2.4957, -13.7438 -0.1229 2.4521, -13.7446 -0.1231 2.4394, -13.7227 -0.3953 2.4715, -13.7464 -0.1236 2.4314, -13.7418 -0.4078 2.427, -13.7546 -0.1255 2.402, -13.73 -0.4016 2.4483, -13.7513 -0.1248 2.4102, -13.7472 -0.1238 2.4283, -13.7795 -0.1277 2.3656, -13.7746 -0.1279 2.3703, -13.7576 -0.4136 2.4085, -13.7698 -0.1276 2.3762, -13.7661 -0.1271 2.3824, -13.7821 -0.1276 2.3632, -13.7915 -0.2446 2.36, -13.7944 -0.1271 2.3515, -13.8245 -0.1198 2.3341, -13.8125 -0.1232 2.3404, -13.8136 -0.2481 2.3485, -13.8033 -0.1257 2.3453, -13.8014 -0.126 2.3467, -13.8379 -0.1139 2.3291, -13.8375 -0.2512 2.3416, -13.8433 -0.1104 2.3278, -13.87 -0.0905 2.3226, -13.8696 -0.0909 2.3226, -13.8624 -0.2536 2.3395, -13.8586 -0.1006 2.3241, -13.8493 -0.1066 2.3264, -13.9018 -0.0766 2.3241, -13.8823 -0.0751 2.3219, -13.8764 -0.0825 2.3222, -13.8934 0.0583 2.3192, -13.8965 0.0518 2.3193, -13.9164 0.1031 2.3228, -13.9024 0.0329 2.3201, -13.9054 0.0231 2.3205, -13.9068 0.0133 2.3209, -13.9066 -0.0 2.3212, -13.9064 -0.0167 2.3217, -13.904 -0.0295 2.3218, -13.9028 -0.033 2.3218, -13.8937 -0.0579 2.3216, -13.8902 -0.0639 2.3216, -13.8874 -0.0688 2.3216, -13.8721 0.0883 2.3211, -13.8779 0.0817 2.3201, -13.8916 0.1053 2.3204, -13.8883 0.066 2.3195, -13.8899 0.0637 2.3194, -13.8537 0.1042 2.326, -13.8656 0.094 2.3228, -13.8698 0.0903 2.3217, -13.8813 0.2865 2.3388, -13.8429 0.1111 2.3304, -13.8574 0.2876 2.3463, -13.8426 0.1113 2.3306, -13.803 0.1254 2.3593, -13.8108 0.124 2.3511, -13.8353 0.2878 2.3583, -13.8126 0.1235 2.3497, -13.8216 0.1207 2.3428, -13.8233 0.1202 2.3415, -13.7927 0.1273 2.3702, -13.816 0.2873 2.3742, -13.7854 0.1278 2.3806, -13.8001 0.286 2.3936, -13.7795 0.1278 2.3928, -13.7883 0.284 2.4157, -13.7757 0.1278 2.4008, -13.7786 0.2783 2.4643, -13.7683 0.1274 2.4246, -13.7811 0.2814 2.4396, -13.7688 0.1275 2.4201, -13.7724 0.1277 2.4075, -13.7811 0.2748 2.489, -13.7662 0.1272 2.4622, -13.7655 0.1272 2.4498, -13.7883 0.271 2.5127, -13.7728 0.1278 2.4916, -13.7689 0.1275 2.4744, -13.7902 0.1275 2.5246, -13.7879 0.1275 2.5205, -13.8001 0.2671 2.5345, -13.7795 0.1278 2.5057, -13.7755 0.1279 2.4986, -13.8353 0.2594 2.5691, -13.8226 0.1203 2.5555, -13.8196 0.1215 2.5538, -13.8126 0.1236 2.5484, -13.8121 0.1237 2.548, -13.816 0.2632 2.5536, -13.8038 0.1253 2.5396, -13.7939 0.1271 2.5295, -13.8381 0.1137 2.5646, -13.8574 0.256 2.5806, -13.8434 0.1107 2.5667, -13.8438 0.1104 2.5669, -13.8619 0.0974 2.5724, -13.8487 0.1076 2.5689, -13.8813 0.2531 2.5875, -13.8889 0.0664 2.5752, -13.8728 0.0876 2.5745, -13.8916 0.0949 2.5761, -13.8699 0.0904 2.5741, -10.5717 -1.2945 4.5986, -10.579 -1.2641 4.724, -10.5938 -1.3053 4.6037, -10.6029 -1.2701 4.7285, -10.6177 -1.3118 4.6076, -10.6278 -1.2716 4.7314, -10.6426 -1.3135 4.6103, -10.6527 -1.2686 4.7324, -10.6674 -1.3106 4.6116, -10.6766 -1.2611 4.7316, -10.6914 -1.3031 4.6115, -10.6986 -1.2494 4.729, -10.7134 -1.2912 4.61, -10.8479 -0.0963 2.8665, -10.8553 -0.2284 2.8728, -10.87 -0.0992 2.8549, -10.8793 -0.2317 2.866, -10.8939 -0.1018 2.8478, -10.9041 -0.2342 2.864, -10.9188 -0.1041 2.8456, -10.929 -0.2358 2.8668, -10.9436 -0.1059 2.8482, -10.9529 -0.2365 2.8743, -10.9676 -0.1073 2.8556, -10.975 -0.2362 2.8862, -10.9896 -0.1081 2.8676, -11.0663 1.3842 3.9043, -11.0736 1.3535 3.7707, -11.0884 1.3952 3.8994, -11.0975 1.3596 3.7663, -11.1123 1.4017 3.8956, -11.1224 1.3612 3.7635, -11.1372 1.4035 3.8929, -11.1473 1.3581 3.7624, -11.162 1.4006 3.8915, -11.1712 1.3506 3.7631, -11.1859 1.393 3.8915, -11.1933 1.3389 3.7655, -11.208 1.3811 3.8928, -11.261 1.1256 5.2014, -11.2859 1.1288 5.2013, -11.3051 0.8222 5.4829, -11.3153 0.9354 5.3991, -11.33 0.8253 5.4837, -11.3402 0.9354 5.3959, -11.3548 0.8256 5.4805, -11.3641 0.9322 5.389, -11.3788 0.8231 5.4734, -11.3861 0.9261 5.3788, -11.4008 0.8179 5.4626, -11.6198 -1.5087 4.0306, -11.6272 -1.5322 4.1748, -11.6419 -1.5207 4.0309, -11.6511 -1.5395 4.1766, -11.6658 -1.5282 4.032, -11.676 -1.5421 4.1786, -11.6907 -1.5309 4.0337, -11.7008 -1.5397 4.1807, -11.7156 -1.5287 4.0361, -11.7247 -1.5325 4.183, -11.7395 -1.5217 4.039, -11.7468 -1.5207 4.1852, -11.7615 -1.5102 4.0424, -11.8147 -0.7213 2.8572, -11.8396 -0.7243 2.8561, -11.8587 -0.3076 2.7044, -11.8689 -0.453 2.7406, -11.8836 -0.3102 2.7024, -11.8938 -0.4543 2.7436, -11.9085 -0.3117 2.7052, -11.9177 -0.454 2.7512, -11.9324 -0.3121 2.7128, -11.9398 -0.4522 2.763, -11.9545 -0.3115 2.7247, -12.0453 0.6762 3.0788, -12.0674 0.6804 3.0676, -12.0308 0.5632 3.0234, -12.0528 0.5663 3.0118, -12.0111 0.9269 2.9444, -12.0009 1.0462 3.0375, -11.9863 0.9272 2.9476, -11.9769 1.0431 3.0444, -11.9624 0.9247 2.9547, -11.9549 1.0369 3.0546, -11.9403 0.9195 2.9655, -12.0917 1.5559 3.8044, -12.1165 1.5576 3.8017, -12.1356 1.6268 4.2522, -12.1458 1.6193 4.0985, -12.1604 1.6292 4.2501, -12.1707 1.6166 4.0967, -12.1853 1.6267 4.248, -12.1946 1.6092 4.0955, -12.2092 1.6194 4.2461, -12.2167 1.5972 4.0949, -12.2313 1.6076 4.2445, -12.2883 1.1327 5.4541, -12.2782 1.0133 5.5566, -12.2634 1.1295 5.4538, -12.2542 1.0071 5.5521, -12.2395 1.123 5.45, -12.2322 0.9983 5.544, -12.2175 1.1135 5.4428, -12.5847 -1.6947 4.2153, -12.5921 -1.6997 4.3767, -12.6067 -1.7065 4.2171, -12.616 -1.7067 4.3794, -12.6307 -1.7138 4.2191, -12.6409 -1.709 4.3817, -12.6555 -1.7163 4.2211, -12.6657 -1.7064 4.3835, -12.6804 -1.7138 4.2232, -12.6897 -1.6989 4.3849, -12.7043 -1.7065 4.2253, -12.7117 -1.687 4.3856, -12.7264 -1.6947 4.2272, -12.7857 -0.4548 2.5824, -12.793 -0.6147 2.6245, -12.8078 -0.4599 2.5716, -12.817 -0.6192 2.6185, -12.8317 -0.4639 2.5651, -12.8418 -0.6221 2.6169, -12.8566 -0.4666 2.5633, -12.8667 -0.6231 2.62, -12.8814 -0.4679 2.5663, -12.8906 -0.6223 2.6275, -12.9054 -0.4678 2.5738, -12.9127 -0.6196 2.6392, -12.9274 -0.4662 2.5857, -13.033 1.7151 3.7988, -13.0405 1.6737 3.6364, -13.055 1.726 3.7938, -13.0644 1.6797 3.6319, -13.079 1.7325 3.7899, -13.0893 1.6813 3.6291, -13.1038 1.7343 3.7873, -13.1141 1.6782 3.628, -13.1287 1.7313 3.7859, -13.1381 1.6707 3.6288, -13.1526 1.7238 3.786, -13.1601 1.659 3.6313, -13.1747 1.7119 3.7874, -13.2252 1.0236 5.7421, -13.2331 1.1617 5.6494, -13.2473 1.032 5.7507, -13.257 1.168 5.6536, -13.2712 1.0379 5.7555, -13.2819 1.1712 5.6541, -13.2961 1.041 5.7563, -13.3068 1.1711 5.6509, -13.321 1.0412 5.753, -13.3307 1.1679 5.644, -13.3449 1.0387 5.746, -13.3527 1.1616 5.6339, -13.3669 1.0333 5.7353, -13.6432 -1.6334 4.1831, -13.6304 -1.6313 4.317, -13.6055 -1.6338 4.315, -13.6016 -1.825 3.8249, -13.609 -1.8662 3.9975, -13.6237 -1.8369 3.8242, -13.633 -1.8737 3.9986, -13.6476 -1.8445 3.8246, -13.6578 -1.8764 4.0004, -13.6725 -1.8473 3.8261, -13.6827 -1.8742 4.0028, -13.6973 -1.8453 3.8287, -13.7066 -1.8672 4.0056, -13.7213 -1.8386 3.8322, -13.7287 -1.8557 4.0089, -13.7433 -1.8275 3.8365, -13.7769 -0.419 2.3934, -13.7843 -0.5959 2.4326, -13.799 -0.4236 2.3824, -13.8082 -0.6002 2.4264, -13.8229 -0.4272 2.3758, -13.8331 -0.603 2.4248, -13.8478 -0.4298 2.3739, -13.858 -0.6042 2.4278, -13.8727 -0.4313 2.3768, -13.8819 -0.6037 2.4353, -13.8966 -0.4315 2.3843, -13.9039 -0.6016 2.4471, -13.9186 -0.4305 2.3963, -13.9061 0.2848 2.3361, -13.931 0.2824 2.3383, -13.9404 0.1008 2.33, -13.9549 0.2795 2.3452, -13.9624 0.0985 2.3417, -13.977 0.276 2.3567, -13.9062 -0.0167 2.5729, -13.9071 -0.0104 2.5726, -13.9258 -0.0658 2.5676, -13.9404 0.0912 2.5662, -13.9549 0.2479 2.5795, -13.9695 0.4029 2.6073, -13.931 0.2489 2.587, -14.0062 0.5569 2.6376, -13.9916 0.4038 2.5954, -14.2125 1.3381 5.3673, -14.252 1.2784 5.434, -14.1886 1.3426 5.3734, -14.1666 1.3506 5.3823, -14.2125 1.5337 5.5247, -14.1886 1.5267 5.5217, -14.1666 1.5164 5.5157, -10.2666 0.7445 5.0047, -10.2512 0.7482 5.0101, -10.2652 0.6441 5.1105, -10.2446 0.7515 5.014, -10.2248 0.7613 5.0258, -10.2459 0.6527 5.124, -10.2045 0.7791 5.0455, -10.23 0.6636 5.14, -10.1982 0.7898 5.0566, -10.2183 0.6765 5.1581, -10.2666 0.9127 5.168, -10.2652 0.7755 5.2778, -10.2512 0.9072 5.1645, -10.2459 0.7644 5.2663, -10.3849 0.7907 5.2809, -10.3633 0.9184 5.1622, -10.3787 0.9147 5.1568, -10.4381 0.8624 5.0991, -10.4611 0.7381 5.2036, -10.4318 0.8034 5.0426, -10.4611 0.7073 5.1644, -10.4381 0.8149 5.053, -10.4636 0.7229 5.1839, -10.4425 0.8389 5.0758, -10.4392 0.8565 5.0933, -10.4254 0.792 5.0322, -10.4421 0.6776 5.1291, -10.4539 0.692 5.1459, -10.4203 0.787 5.0279, -10.4051 0.7718 5.015, -10.4262 0.6646 5.1146, -10.348 0.7447 4.9954, -10.3609 0.6386 5.0905, -10.3849 0.6447 5.095, -10.2873 0.6383 5.1, -10.3112 0.6354 5.0931, -10.282 0.7409 4.9993, -10.3361 0.6355 5.0898, -10.315 0.7396 4.9943, -10.3397 0.7434 4.9951, -10.3019 0.6858 5.3568, -10.2873 0.7843 5.286, -10.282 0.9182 5.1715, -10.2798 0.5626 5.169, -10.3019 0.5578 5.158, -10.3258 0.5555 5.1508, -10.3507 0.5559 5.1476, -10.3756 0.559 5.1486, -10.3995 0.5647 5.1536, -10.4215 0.5726 5.1625, -10.4362 0.5844 5.4032, -10.4509 0.4747 5.4554, -10.4288 0.4775 5.467, -10.4555 0.5785 5.3883, -10.4849 0.3574 5.4813, -10.4656 0.3604 5.4971, -10.4831 0.5163 5.2635, -10.5126 0.3197 5.3471, -10.5292 0.2023 5.3777, -10.3609 0.7936 5.2879, -10.3756 0.6949 5.3596, -10.3507 0.6945 5.3628, -10.3653 0.5891 5.425, -10.3404 0.5861 5.4238, -10.3552 0.4745 5.4761, -10.3312 0.4699 5.4701, -10.346 0.3542 5.5113, -10.3239 0.3491 5.5005, -10.3406 0.2152 5.5333, -10.3212 0.2107 5.518, -10.4436 0.362 5.5089, -10.4602 0.2272 5.5431, -10.4363 0.2266 5.5506, -10.4904 0.5279 5.2845, -10.5198 0.3271 5.3699, -10.5365 0.2073 5.4012, -10.5659 -0.0111 5.4249, -10.4436 0.2943 5.2824, -10.4656 0.2994 5.2932, -10.4822 0.1878 5.322, -10.5016 0.1924 5.3373, -10.3212 0.1775 5.3401, -10.3054 0.1798 5.3594, -10.2887 0.2954 5.3313, -10.277 0.3007 5.3528, -10.2475 0.4988 5.2726, -10.2403 0.5093 5.2941, -10.2086 0.7061 5.1971, -10.1918 0.848 5.1139, -10.3773 0.0972 5.5621, -10.3626 0.2192 5.5446, -10.3865 0.2225 5.5514, -10.3699 0.3582 5.5177, -10.3948 0.3609 5.5194, -10.38 0.4773 5.4776, -10.4049 0.4783 5.4745, -10.3902 0.5898 5.4219, -10.4141 0.5882 5.4145, -10.3995 0.6926 5.3524, -10.4215 0.6878 5.3414, -10.4262 0.7763 5.257, -10.451 0.104 5.5688, -10.4822 0.2269 5.5311, -10.5016 0.2256 5.5152, -10.4969 0.1061 5.5494, -10.531 -0.0144 5.5403, -10.5117 -0.0161 5.5563, -10.4928 0.5396 5.3066, -10.5223 0.3345 5.3938, -10.5389 0.212 5.4257, -10.5683 -0.011 5.4499, -10.5977 -0.2352 5.4318, -10.4749 0.0839 5.3259, -10.4602 0.1839 5.3107, -10.4363 0.1806 5.3039, -10.4196 0.2903 5.276, -10.3948 0.2876 5.2743, -10.3552 0.3803 5.2434, -10.4067 -0.1266 5.327, -10.3348 -0.0303 5.3787, -10.2936 0.1829 5.3813, -10.2697 0.307 5.3759, -10.2378 0.5206 5.3164, -10.211 0.7217 5.2166, -10.1982 0.8595 5.1243, -10.4306 -0.1483 5.5698, -10.4749 0.1053 5.5613, -10.4657 -0.02 5.5753, -10.4896 -0.018 5.5681, -10.4804 -0.1441 5.5702, -10.5043 -0.1414 5.5631, -10.4951 -0.2674 5.5534, -10.519 -0.2641 5.5466, -10.5097 -0.3886 5.5252, -10.5264 -0.1384 5.5515, -10.5604 -0.2554 5.5201, -10.541 -0.26 5.5354, -10.4904 0.5509 5.3288, -10.5198 0.3414 5.4177, -10.5365 0.2164 5.4502, -10.5659 -0.0113 5.4748, -10.5953 -0.2401 5.4563, -10.6246 -0.4619 5.3955, -10.3092 0.3839 5.2626, -10.346 0.2864 5.2848, -10.3699 0.2863 5.2772, -10.3865 0.1765 5.3047, -10.4114 0.1781 5.3019, -10.4261 0.079 5.3166, -10.451 0.0813 5.3188, -10.4657 -0.0192 5.3244, -10.4896 -0.0172 5.3316, -10.5043 -0.1185 5.3278, -10.5264 -0.1178 5.3398, -10.541 -0.2197 5.3265, -10.5604 -0.2211 5.3424, -10.3642 -0.2409 5.3583, -10.323 -0.0314 5.4008, -10.2863 0.1867 5.405, -10.2673 0.314 5.3999, -10.2403 0.5323 5.3385, -10.2183 0.737 5.2351, -10.2045 0.8709 5.1346, -10.4555 -0.1464 5.5724, -10.4453 -0.2715 5.5526, -10.4702 -0.27 5.5554, -10.46 -0.3926 5.5241, -10.4849 -0.3913 5.527, -10.4746 -0.5107 5.4843, -10.4995 -0.5097 5.4873, -10.4873 -0.6097 5.4409, -10.5557 -0.3796 5.508, -10.5897 -0.4888 5.4553, -10.5703 -0.4962 5.4695, -10.4831 0.5614 5.3504, -10.5126 0.3477 5.4409, -10.5292 0.2202 5.474, -10.5586 -0.012 5.4988, -10.588 -0.2453 5.4797, -10.6173 -0.4714 5.4176, -10.6427 -0.6554 5.3301, -10.4849 -0.3195 5.2814, -10.4214 -0.2273 5.313, -10.4361 -0.3262 5.2896, -10.4507 -0.4226 5.257, -10.4634 -0.5035 5.2215, -10.4761 -0.5814 5.1795, -10.4687 -0.6755 5.1317, -10.4347 -0.5986 5.2015, -10.3935 -0.4445 5.2991, -10.3524 -0.2461 5.3799, -10.3158 -0.0321 5.4248, -10.2839 0.191 5.4296, -10.2697 0.3214 5.4238, -10.2475 0.5439 5.3595, -10.4761 -0.7029 5.3823, -10.454 -0.6984 5.3712, -10.4634 -0.6082 5.4335, -10.4287 -0.5072 5.4651, -10.414 -0.3909 5.5047, -10.4361 -0.3925 5.5165, -10.4507 -0.5099 5.4768, -10.5008 0.3531 5.4624, -10.5174 0.2233 5.4959, -10.5468 -0.013 5.521, -10.5762 -0.2505 5.5013, -10.6055 -0.4804 5.4378, -10.6309 -0.6676 5.3486, -10.4849 0.3055 5.308, -10.5174 0.1972 5.3561, -10.5586 -0.0116 5.4009, -10.5953 -0.2307 5.4073, -10.627 -0.4525 5.3723, -10.6499 -0.6425 5.3098, -10.5468 -0.0126 5.3788, -10.588 -0.2267 5.3836, -10.6246 -0.4435 5.3491, -10.6524 -0.6295 5.2885, -10.5762 -0.2235 5.3617, -10.6173 -0.4352 5.3265, -10.6499 -0.6168 5.267, -10.6055 -0.428 5.3056, -10.6427 -0.605 5.2461, -10.3239 0.2881 5.2966, -10.3626 0.1758 5.3122, -10.4012 0.0771 5.3192, -10.4408 -0.0213 5.3219, -10.4804 -0.1198 5.3204, -10.519 -0.2193 5.3145, -10.5557 -0.3199 5.3038, -10.5897 -0.4221 5.2871, -10.6309 -0.5945 5.2266, -10.3406 0.1762 5.3241, -10.3773 0.0758 5.3266, -10.4159 -0.0233 5.3243, -10.4555 -0.1216 5.3177, -10.4951 -0.2198 5.307, -10.5336 -0.3183 5.2919, -10.5703 -0.4177 5.2717, -10.615 -0.5857 5.2093, -10.4188 -0.6097 5.2175, -10.3817 -0.4536 5.3193, -10.3451 -0.2512 5.4033, -10.3133 -0.0324 5.4498, -10.2863 0.1958 5.4541, -10.277 0.3288 5.4466, -10.2593 0.555 5.3787, -10.4687 -0.8014 5.3032, -10.464 -0.8884 5.2128, -10.4347 -0.6916 5.3568, -10.4093 -0.5029 5.4497, -10.38 -0.2703 5.5172, -10.3847 -0.1502 5.5504, -10.392 -0.0262 5.568, -10.4012 0.0999 5.5691, -10.4114 0.225 5.5534, -10.4196 0.3622 5.5165, -10.4981 -0.9873 5.1388, -10.4833 -0.8978 5.2258, -10.5053 -0.9043 5.2359, -10.4907 -0.8069 5.3139, -10.5146 -0.8096 5.3209, -10.5 -0.7049 5.3896, -10.5249 -0.7044 5.3928, -10.5122 -0.6089 5.444, -10.5371 -0.6059 5.4428, -10.5244 -0.5068 5.4858, -10.5483 -0.5023 5.4798, -10.5336 -0.3846 5.5188, -10.625 -0.8889 5.2337, -10.6103 -0.7918 5.3103, -10.5957 -0.6882 5.3773, -10.615 -0.6787 5.3645, -10.6443 -0.8771 5.2229, -10.5957 -0.5789 5.1948, -10.6103 -0.6659 5.1387, -10.6443 -0.7569 5.0876, -10.4481 -0.7821 5.0912, -10.4071 -0.622 5.236, -10.3745 -0.463 5.3413, -10.3427 -0.2562 5.4278, -10.3158 -0.0322 5.4748, -10.2936 0.2008 5.4776, -10.2887 0.3361 5.4675, -10.5128 -1.0683 5.0436, -10.5201 -0.9947 5.1482, -10.5293 -0.9076 5.2426, -10.5395 -0.8094 5.3241, -10.5497 -0.7014 5.3917, -10.561 -0.6009 5.4371, -10.5737 -0.6959 5.3865, -10.5644 -0.8062 5.3234, -10.5541 -0.9077 5.2459, -10.544 -0.9986 5.1547, -10.5348 -1.0766 5.0523, -10.5689 -0.999 5.1579, -10.5938 -0.9958 5.1577, -10.6177 -0.9891 5.1542, -10.6397 -0.9792 5.1475, -10.6738 -1.0475 5.0446, -10.5588 -1.0811 5.0583, -10.5836 -1.0818 5.0614, -10.6085 -1.0786 5.0616, -10.6324 -1.0716 5.0587, -10.6545 -1.0611 5.053, -10.625 -0.7475 5.0747, -10.6397 -0.8235 5.0025, -10.6738 -0.9041 4.9342, -10.4776 -0.9295 4.933, -10.4363 -0.7975 5.1071, -10.3998 -0.6348 5.2562, -10.372 -0.4724 5.3645, -10.3451 -0.2607 5.4523, -10.323 -0.0317 5.4988, -10.3054 0.2059 5.4991, -10.3046 0.3429 5.4857, -10.3092 0.4637 5.4598, -10.3165 0.5809 5.4183, -10.3258 0.6914 5.3618, -10.3361 0.7935 5.2911, -10.348 0.9221 5.1676, -10.5275 -1.14 4.9414, -10.5229 -1.1885 4.824, -10.4935 -1.0567 5.0326, -10.5495 -1.1491 4.9492, -10.5735 -1.1541 4.9548, -10.5983 -1.1551 4.9579, -10.6232 -1.1519 4.9583, -10.6471 -1.1447 4.9561, -10.6692 -1.1337 4.9514, -10.7032 -1.1817 4.8375, -10.7191 -1.1638 4.83, -10.6897 -1.0313 5.0338, -10.6602 -0.8633 5.2093, -10.6545 -0.8925 4.9233, -10.6692 -0.9537 4.838, -10.7032 -1.0202 4.7559, -10.507 -1.0449 4.75, -10.4658 -0.9476 4.9458, -10.4291 -0.8139 5.1246, -10.3974 -0.6478 5.2775, -10.3745 -0.4814 5.3877, -10.3524 -0.2647 5.476, -10.3348 -0.0308 5.5209, -10.488 -1.0868 4.7694, -10.5175 -1.1695 4.558, -10.5248 -1.1462 4.552, -10.5151 -1.1935 4.5647, -10.4855 -1.1092 4.7804, -10.4561 -0.9869 4.975, -10.5175 -1.2175 4.5718, -10.488 -1.1314 4.7919, -10.4586 -1.0066 4.9903, -10.4291 -0.8471 5.1619, -10.5248 -1.2404 4.579, -10.4952 -1.1525 4.8032, -10.4658 -1.0252 5.0055, -10.4363 -0.8626 5.1803, -10.4071 -0.6723 5.32, -10.5365 -1.2613 4.586, -10.507 -1.1718 4.8141, -10.4776 -1.0422 5.0197, -10.4481 -0.8765 5.1975, -10.4188 -0.6828 5.3394, -10.3935 -0.4969 5.4312, -10.5524 -1.2796 4.5927, -10.5882 -1.2173 4.8447, -10.613 -1.2186 4.8477, -10.6379 -1.2154 4.8484, -10.6618 -1.208 4.8469, -10.6839 -1.1966 4.8433, -10.7327 -1.2754 4.6072, -10.6839 -1.0067 4.7473, -10.6986 -1.0513 4.6513, -10.7327 -1.1015 4.5572, -10.5365 -1.1247 4.5468, -10.4952 -1.0651 4.7591, -10.4586 -0.967 4.9599, -10.4266 -0.8306 5.1431, -10.3998 -0.6605 5.2991, -10.3817 -0.4897 5.4103, -10.3642 -0.2679 5.4979, -10.5862 -1.3235 4.4777, -10.6083 -1.3348 4.4817, -10.6322 -1.3416 4.485, -10.6571 -1.3436 4.4875, -10.682 -1.3408 4.4891, -10.7059 -1.3333 4.4897, -10.7279 -1.3213 4.4893, -10.7618 -1.3242 4.3663, -10.7134 -1.0867 4.5513, -10.7279 -1.1122 4.4498, -10.7618 -1.1441 4.3493, -10.7425 -1.1284 4.3461, -10.7784 -1.1509 4.2277, -10.4907 -0.667 5.1233, -10.5053 -0.7472 5.0592, -10.5201 -0.8217 4.9871, -10.5348 -0.8892 4.9081, -10.5495 -0.949 4.8232, -10.5642 -1.0007 4.733, -10.579 -1.044 4.6376, -10.5938 -1.0781 4.5384, -10.6083 -1.1025 4.4378, -10.6228 -1.1175 4.3351, -10.6394 -1.123 4.2164, -10.6541 -1.1173 4.1112, -10.6228 -1.3529 4.3573, -10.6174 -1.3476 4.2119, -10.6008 -1.3413 4.3543, -10.598 -1.3317 4.2105, -10.46 -0.3222 5.2832, -10.4995 -0.4152 5.2495, -10.4746 -0.4181 5.251, -10.5122 -0.4955 5.2146, -10.4873 -0.4985 5.2159, -10.5249 -0.5729 5.1733, -10.5 -0.5759 5.1743, -10.5395 -0.6579 5.1179, -10.5146 -0.6611 5.1186, -10.5541 -0.7376 5.0546, -10.5293 -0.7408 5.0551, -10.5689 -0.8118 4.9834, -10.544 -0.815 4.9836, -10.5836 -0.879 4.9054, -10.5588 -0.8822 4.9053, -10.5983 -0.9386 4.8215, -10.5735 -0.9418 4.8211, -10.613 -0.9902 4.7322, -10.5882 -0.9933 4.7315, -10.6278 -1.0334 4.6379, -10.6029 -1.0365 4.6368, -10.6426 -1.0676 4.5396, -10.6177 -1.0705 4.5383, -10.6571 -1.0922 4.44, -10.6322 -1.095 4.4384, -10.6716 -1.1075 4.3382, -10.6467 -1.1101 4.3364, -10.6882 -1.1133 4.2206, -10.6633 -1.1158 4.2185, -10.7029 -1.108 4.1163, -10.678 -1.1103 4.114, -10.7175 -1.093 4.0127, -10.6927 -1.095 4.0102, -10.7322 -1.0683 3.9106, -10.598 -1.1507 4.2126, -10.5822 -1.1701 4.2111, -10.5656 -1.1649 4.3347, -10.5538 -1.187 4.3358, -10.6541 -1.3524 4.0864, -10.6394 -1.3594 4.2136, -10.6633 -1.3667 4.2156, -10.6467 -1.36 4.36, -10.6716 -1.3622 4.3623, -10.759 -1.135 4.2263, -10.7737 -1.1301 4.1199, -10.8077 -1.1312 4.0127, -10.6834 -1.0764 3.9039, -10.6115 -1.147 3.9928, -10.5704 -1.1922 4.2098, -10.5466 -1.211 4.3375, -10.6834 -1.3028 3.8356, -10.6688 -1.3335 3.9601, -10.6927 -1.341 3.9606, -10.678 -1.3598 4.0876, -10.7029 -1.3625 4.0894, -10.6882 -1.3692 4.2176, -10.7131 -1.3668 4.2197, -10.6965 -1.3596 4.3641, -10.7204 -1.3522 4.3654, -10.8031 -1.2944 3.8486, -10.8077 -1.3086 3.9769, -10.8371 -1.2392 3.7356, -10.7884 -1.1153 4.0143, -10.8031 -1.0906 3.9101, -10.8371 -1.0716 3.8039, -10.561 -0.4962 5.2252, -10.5371 -0.4948 5.2177, -10.5737 -0.5744 5.1837, -10.5497 -0.5724 5.1765, -10.5883 -0.6604 5.1281, -10.5644 -0.6577 5.1211, -10.6029 -0.7411 5.0646, -10.579 -0.7377 5.0578, -10.6177 -0.8161 4.9931, -10.5938 -0.8121 4.9867, -10.6324 -0.8842 4.9146, -10.6085 -0.8797 4.9086, -10.6471 -0.9446 4.8302, -10.6232 -0.9395 4.8246, -10.6618 -0.997 4.7403, -10.6379 -0.9914 4.7352, -10.6766 -1.041 4.6452, -10.6527 -1.0349 4.6407, -10.6914 -1.0758 4.5463, -10.6674 -1.0694 4.5423, -10.7059 -1.101 4.4458, -10.682 -1.0942 4.4425, -10.7204 -1.1168 4.3432, -10.6965 -1.1097 4.3405, -10.737 -1.1231 4.2246, -10.7131 -1.1158 4.2227, -10.7517 -1.1182 4.1194, -10.7277 -1.1107 4.1181, -10.7663 -1.1034 4.0148, -10.7424 -1.0958 4.0143, -10.781 -1.0788 3.9117, -10.7571 -1.0712 3.9119, -10.7957 -1.0446 3.8111, -10.7718 -1.0371 3.812, -10.8104 -1.0009 3.714, -10.6409 -1.0833 3.7813, -10.5997 -1.1685 3.9874, -10.5631 -1.2162 4.2089, -10.5441 -1.2359 4.3396, -10.7737 -1.3417 4.0976, -10.7884 -1.3239 3.9722, -10.7663 -1.3351 3.9681, -10.781 -1.3051 3.8434, -10.7571 -1.3115 3.8394, -10.7718 -1.2695 3.7174, -10.7469 -1.271 3.7145, -10.7616 -1.2173 3.5966, -10.7368 -1.2142 3.5959, -10.7515 -1.1495 3.4836, -10.7275 -1.1423 3.4859, -10.7957 -1.2636 3.722, -10.8178 -1.2533 3.7281, -10.8104 -1.2106 3.6047, -10.8325 -1.201 3.6118, -10.8251 -1.1468 3.4927, -10.8472 -1.1378 3.5007, -10.8504 -1.0133 3.3154, -10.8178 -1.0562 3.8084, -10.8325 -1.0123 3.7102, -10.8665 -0.9734 3.609, -10.8472 -0.9592 3.6163, -10.8918 -0.8609 3.458, -10.7616 -0.9904 3.7149, -10.6981 -1.0415 3.8035, -10.7128 -0.9972 3.7067, -10.7275 -0.9438 3.6143, -10.7402 -0.8912 3.539, -10.7528 -0.8325 3.4679, -10.7455 -0.7635 3.3813, -10.7114 -0.8507 3.4468, -10.6703 -0.9808 3.5847, -10.6291 -1.1035 3.7721, -10.5925 -1.1919 3.9821, -10.5607 -1.2411 4.2084, -10.5466 -1.2607 4.3422, -10.759 -1.3477 4.2238, -10.7517 -1.3533 4.0945, -10.7424 -1.3418 3.9647, -10.7322 -1.3133 3.8367, -10.7221 -1.268 3.7135, -10.7128 -1.2068 3.5975, -10.7055 -1.1314 3.4908, -10.7308 -0.9978 3.3159, -10.7114 -0.9849 3.3253, -10.8665 -1.1254 3.5107, -10.8918 -0.995 3.3365, -10.8724 -1.0057 3.3247, -10.6956 -0.8642 3.4328, -10.6585 -0.9988 3.5718, -10.6219 -1.1255 3.7625, -10.59 -1.2163 3.977, -10.5631 -1.2661 4.2083, -10.5538 -1.2845 4.345, -10.7749 -0.7024 3.0689, -10.7602 -0.8081 3.1416, -10.7823 -0.8167 3.1333, -10.7675 -0.9165 3.2169, -10.7915 -0.9229 3.2128, -10.7767 -1.0145 3.3059, -10.8016 -1.0178 3.3058, -10.789 -1.0889 3.3923, -10.8138 -1.0882 3.3954, -10.8012 -1.1518 3.4871, -10.9019 -0.8175 3.1488, -10.8872 -0.9159 3.2323, -10.9212 -0.8092 3.1624, -10.8724 -0.848 3.4674, -10.8872 -0.7722 3.3893, -10.9212 -0.7002 3.3068, -10.7251 -0.6987 3.2814, -10.6838 -0.88 3.4172, -10.6513 -1.0187 3.5583, -10.6194 -1.1485 3.7529, -10.5925 -1.2408 3.9722, -10.5704 -1.2901 4.2087, -10.5656 -1.3065 4.3481, -10.7865 -1.2161 3.5996, -10.7763 -1.1527 3.484, -10.7641 -1.0857 3.3921, -10.7528 -1.0078 3.3093, -10.7455 -0.9071 3.2243, -10.7409 -0.7972 3.1533, -10.7702 -0.5817 3.0197, -10.8265 -1.0173 3.309, -10.8163 -0.9261 3.2124, -10.8062 -0.8227 3.1287, -10.7969 -0.7102 3.0598, -10.7895 -0.5902 3.0062, -10.8457 -0.7188 3.0537, -10.8706 -0.7192 3.0569, -10.8945 -0.7171 3.0641, -10.9165 -0.7125 3.0751, -10.9505 -0.5952 3.0264, -10.8354 -0.6021 2.9908, -10.8603 -0.6051 2.9895, -10.8852 -0.6058 2.9926, -10.9091 -0.6044 3.0001, -10.9312 -0.6008 3.0115, -10.9019 -0.6893 3.3185, -10.9165 -0.6006 3.2561, -10.9505 -0.5148 3.1886, -10.7543 -0.5087 3.1639, -10.7133 -0.7113 3.2632, -10.6765 -0.8973 3.4006, -10.6488 -1.0395 3.5446, -10.6219 -1.1717 3.7436, -10.5997 -1.2645 3.9681, -10.5822 -1.3122 4.2094, -10.5815 -1.3256 4.3512, -10.7994 -0.3445 2.9283, -10.8041 -0.4725 2.9542, -10.8115 -0.5971 2.9964, -10.8208 -0.7157 3.0547, -10.8311 -0.8258 3.128, -10.8412 -0.926 3.2157, -10.8261 -0.4785 2.9439, -10.85 -0.483 2.9378, -10.8749 -0.4858 2.9362, -10.8998 -0.4869 2.9393, -10.9237 -0.4861 2.9468, -10.9458 -0.4836 2.9585, -10.9797 -0.359 2.9324, -10.9312 -0.5063 3.2021, -10.9458 -0.4072 3.1571, -10.9797 -0.3101 3.1066, -10.7835 -0.2995 3.0835, -10.7425 -0.5176 3.1436, -10.706 -0.7253 3.2437, -10.6741 -0.9157 3.3837, -10.6513 -1.0606 3.5312, -10.6291 -1.1942 3.7352, -10.6115 -1.2863 3.9647, -10.7717 -0.331 2.9677, -10.801 -0.0874 2.9234, -10.7937 -0.0847 2.9472, -10.8127 -0.0903 2.9014, -10.7835 -0.3379 2.9466, -10.7543 -0.5719 3.0365, -10.8286 -0.0933 2.8822, -10.8647 -0.3592 2.8961, -10.8895 -0.3619 2.8943, -10.9144 -0.3632 2.8972, -10.9383 -0.3632 2.9048, -10.9604 -0.3617 2.9167, -11.0089 -0.1083 2.8836, -10.9604 -0.3042 3.1215, -10.975 -0.198 3.0956, -11.0089 -0.0926 3.0638, -10.8127 -0.0779 3.0431, -10.7717 -0.3045 3.062, -10.7353 -0.5278 3.1219, -10.7036 -0.7402 3.2236, -10.6765 -0.9344 3.3671, -10.6585 -1.081 3.5186, -10.6409 -1.215 3.7277, -10.8626 0.0341 2.861, -10.8847 0.0323 2.8491, -10.9086 0.0304 2.8419, -10.9335 0.0283 2.8394, -10.9583 0.0262 2.8418, -10.9823 0.0241 2.8491, -11.0043 0.0222 2.8609, -11.0383 0.1496 2.8823, -10.9896 -0.0896 3.0795, -11.0043 0.0208 3.0737, -11.0383 0.1315 3.0623, -11.019 0.1315 3.0783, -11.0553 0.2597 3.0805, -10.909 0.3773 3.1267, -10.8749 0.2745 3.0837, -10.8422 0.1498 3.0447, -10.801 -0.0788 3.0209, -10.7645 -0.3104 3.0387, -10.7328 -0.5387 3.0994, -10.706 -0.7554 3.2038, -10.6838 -0.9526 3.3515, -10.6703 -1.1002 3.5075, -10.8994 0.164 2.8558, -10.8943 0.3137 2.8907, -10.8773 0.1646 2.8678, -10.8749 0.312 2.9066, -10.8591 0.2798 3.065, -10.8304 0.153 3.0227, -10.7937 -0.0803 2.997, -10.762 -0.317 3.0146, -10.7353 -0.5499 3.0771, -10.7133 -0.7703 3.185, -10.6956 -0.9696 3.3374, -10.6862 -1.1172 3.498, -10.6908 -1.1955 3.6013, -10.6981 -1.2605 3.7144, -10.7074 -1.3103 3.8354, -10.7175 -1.3438 3.9621, -10.7277 -1.3603 4.0917, -10.737 -1.3595 4.2218, -10.7425 -1.3402 4.3662, -10.931 0.4425 2.9118, -10.9163 0.3143 2.8788, -10.9402 0.3139 2.8713, -10.9233 0.1627 2.8484, -11.0359 0.258 3.0964, -11.0507 0.366 3.1232, -11.0847 0.4759 3.1448, -10.8885 0.4985 3.1332, -10.8473 0.2854 3.0435, -10.8231 0.156 2.9989, -10.7913 -0.0823 2.9721, -10.7645 -0.3239 2.9906, -10.7425 -0.5611 3.0559, -10.7251 -0.7845 3.168, -10.9604 0.6871 3.0133, -10.9457 0.5672 2.9568, -10.9696 0.5681 2.9493, -10.9549 0.4427 2.9042, -10.9798 0.4415 2.9013, -10.99 0.3098 2.8704, -11.0654 0.4712 3.1601, -11.08 0.5725 3.2067, -11.114 0.6767 3.2486, -10.9179 0.7011 3.2415, -10.8767 0.508 3.1132, -10.8401 0.2909 3.0202, -10.8207 0.1587 2.9741, -10.7784 -1.3318 4.2256, -11.0507 0.4294 2.9201, -11.0654 0.5534 2.9638, -11.0433 0.5596 2.9536, -11.058 0.6799 3.0094, -11.0341 0.6851 3.004, -11.0487 0.8003 3.0714, -11.0239 0.8034 3.0705, -11.0385 0.9118 3.1486, -11.0136 0.9119 3.1518, -11.0283 1.0124 3.2399, -11.0044 1.0088 3.2465, -11.0873 0.9025 3.1536, -11.0947 0.7865 3.0852, -11.1093 0.8936 3.1617, -11.114 0.7764 3.0976, -11.1433 0.9811 3.2583, -11.078 1.0094 3.237, -11.1019 1.0029 3.2408, -11.124 0.9933 3.248, -11.0947 0.6693 3.2628, -11.1093 0.7603 3.3275, -11.1433 0.855 3.3881, -11.124 0.8451 3.4007, -11.1686 0.9862 3.5341, -10.8378 -0.8961 3.5454, -10.8138 -0.8891 3.5483, -10.8504 -0.838 3.474, -10.8265 -0.8312 3.4774, -10.8651 -0.7629 3.3968, -10.8412 -0.7565 3.4008, -10.8799 -0.6807 3.3268, -10.8559 -0.6747 3.3314, -10.8945 -0.5928 3.2652, -10.8706 -0.5873 3.2703, -10.9091 -0.4994 3.2119, -10.8852 -0.4943 3.2175, -10.9237 -0.4013 3.1675, -10.8998 -0.3968 3.1736, -10.9383 -0.2992 3.1324, -10.9144 -0.2953 3.1389, -10.9529 -0.194 3.1069, -10.929 -0.1907 3.1137, -10.9676 -0.0867 3.0911, -10.9436 -0.0841 3.0982, -10.9823 0.0226 3.0855, -10.9583 0.0245 3.0928, -10.997 0.1321 3.0902, -10.9731 0.1334 3.0977, -11.0139 0.2574 3.1084, -10.99 0.2578 3.1159, -11.0286 0.3642 3.135, -11.0047 0.364 3.1426, -11.0433 0.4684 3.1717, -11.0194 0.4674 3.1792, -11.058 0.5686 3.218, -11.0341 0.5669 3.2254, -11.0727 0.6643 3.2737, -11.0487 0.6619 3.2808, -11.0873 0.7544 3.3379, -11.0634 0.7514 3.3448, -11.1019 0.8382 3.4104, -10.7675 -0.7569 3.3913, -10.7823 -0.6742 3.3219, -10.7969 -0.5859 3.2609, -10.8115 -0.492 3.2082, -10.8261 -0.3936 3.1645, -10.8407 -0.2913 3.1302, -10.8553 -0.186 3.1054, -10.87 -0.0786 3.0904, -10.8847 0.0307 3.0856, -10.8994 0.1403 3.0911, -10.9163 0.2654 3.1101, -10.931 0.372 3.1375, -10.9457 0.4759 3.1749, -10.9604 0.5758 3.2219, -10.9751 0.6711 3.2782, -10.9897 0.7607 3.343, -11.0044 0.8441 3.4161, -11.017 0.9103 3.4854, -11.0296 0.9709 3.56, -11.0222 1.0445 3.6477, -10.9883 0.9952 3.5462, -10.9471 0.8803 3.3857, -10.9061 0.7141 3.2236, -10.8695 0.5178 3.0913, -10.8376 0.2963 2.9958, -10.8231 0.161 2.9493, -11.0359 0.3021 2.8883, -11.0286 0.4347 2.9094, -11.0194 0.5643 2.9477, -11.0092 0.6881 3.0028, -10.999 0.8037 3.0737, -10.9897 0.9089 3.1588, -10.9823 1.0019 3.2563, -11.0076 1.1523 3.4275, -10.9883 1.1405 3.4383, -11.0535 1.1654 3.4131, -11.0658 1.0928 3.3201, -11.0784 1.1661 3.4099, -11.0907 1.0896 3.3202, -11.1033 1.1629 3.4097, -11.1272 1.1558 3.4124, -11.1493 1.1452 3.418, -11.1686 1.1315 3.4262, -10.9724 1.0116 3.5357, -10.9353 0.8965 3.3705, -10.8988 0.7278 3.2039, -10.867 0.5276 3.0683, -10.8401 0.3013 2.9713, -10.8304 0.1628 2.9253, -11.0442 1.2355 3.5296, -11.0682 1.2407 3.5241, -11.093 1.2418 3.521, -11.1179 1.2386 3.5205, -11.1418 1.2313 3.5226, -11.1639 1.2202 3.5271, -11.1978 1.2699 3.6484, -11.1493 0.9744 3.5449, -11.1639 1.0384 3.6375, -11.1978 1.1071 3.7275, -11.0017 1.1317 3.7338, -10.9606 1.03 3.5233, -10.9281 0.9136 3.3537, -10.8964 0.7418 3.1832, -10.8695 0.5371 3.0452, -10.8473 0.3056 2.9477, -10.8422 0.164 2.9032, -11.0175 1.2765 3.662, -11.047 1.3693 3.91, -11.0311 1.3509 3.9163, -11.0828 1.3056 3.6418, -11.1077 1.3069 3.6389, -11.1325 1.3038 3.6381, -11.1565 1.2963 3.6394, -11.1785 1.2849 3.6429, -11.2273 1.3653 3.8954, -11.1785 1.0935 3.7359, -11.1933 1.1396 3.84, -11.2273 1.1907 3.9426, -11.0311 1.2137 3.9534, -10.9899 1.1521 3.725, -10.9534 1.0496 3.5095, -10.9256 0.9312 3.3359, -10.8988 0.7553 3.1622, -10.8767 0.5458 3.0229, -10.8591 0.3093 2.9259, -10.858 0.1646 2.8838, -11.0847 0.5457 2.9778, -11.08 0.6727 3.019, -11.0727 0.7946 3.0764, -11.0634 0.9086 3.1492, -11.0532 1.0126 3.2367, -11.0409 1.0923 3.3233, -11.0296 1.1607 3.419, -11.0222 1.2264 3.5373, -11.081 1.4133 4.035, -11.103 1.4246 4.0312, -11.127 1.4314 4.028, -11.1518 1.4335 4.0255, -11.1767 1.4307 4.0239, -11.2006 1.4232 4.0231, -11.2227 1.4112 4.0233, -11.2567 1.4131 4.1559, -11.208 1.1757 3.9483, -11.2227 1.2016 4.0593, -11.2567 1.2327 4.1697, -11.0605 1.2533 4.1846, -11.0194 1.2353 3.9486, -10.9826 1.1739 3.7151, -10.9509 1.0697 3.4948, -10.9281 0.9484 3.3178, -10.9061 0.7681 3.1419, -10.8885 0.5534 3.0021, -11.1325 1.446 4.3013, -11.2374 1.2169 4.1725, -11.2521 1.2216 4.2873, -11.2862 1.2314 4.4025, -11.09 1.2489 4.421, -11.0487 1.2754 4.1839, -11.0121 1.2586 3.9429, -10.9802 1.1965 3.7044, -10.9534 1.0897 3.4797, -10.9353 0.9647 3.3002, -10.9179 0.7794 3.1229, -11.2862 1.4112 4.4227, -11.3152 1.3605 4.6815, -11.2814 1.4071 4.5579, -11.2959 1.3752 4.6877, -11.2739 1.386 4.6929, -11.2669 1.2154 4.4023, -11.2814 1.1988 4.5147, -11.3152 1.1875 4.6285, -11.2959 1.1718 4.6254, -11.3321 1.1429 4.755, -11.0442 1.0334 3.6522, -11.0589 1.0872 3.7501, -11.0736 1.132 3.8536, -11.0884 1.1669 3.9611, -11.103 1.1916 4.0712, -11.1177 1.2059 4.1834, -11.1325 1.2096 4.2971, -11.1472 1.2026 4.4109, -11.1617 1.1852 4.5221, -11.1763 1.1576 4.6315, -11.1931 1.1129 4.7548, -11.2078 1.0632 4.8578, -11.196 1.4476 4.4344, -11.1711 1.445 4.4362, -11.1857 1.4242 4.5697, -11.1617 1.4167 4.5702, -11.1763 1.3836 4.7007, -11.1542 1.3718 4.699, -11.1711 1.3186 4.845, -11.1517 1.3033 4.8402, -11.2668 1.3393 4.8451, -11.2907 1.3334 4.8404, -11.3127 1.3232 4.8341, -11.3321 1.3093 4.8263, -10.7368 -0.9916 3.7119, -10.7763 -0.9379 3.623, -10.7515 -0.9388 3.6199, -10.789 -0.8859 3.5481, -10.7641 -0.8866 3.545, -10.8016 -0.828 3.4775, -10.7767 -0.8284 3.4743, -10.8163 -0.7533 3.4012, -10.7915 -0.7534 3.398, -10.8311 -0.6716 3.3321, -10.8062 -0.6714 3.3289, -10.8457 -0.5842 3.2713, -10.8208 -0.5837 3.2681, -10.8603 -0.4914 3.2188, -10.8354 -0.4906 3.2156, -10.8749 -0.394 3.1751, -10.85 -0.3929 3.1721, -10.8895 -0.2926 3.1407, -10.8647 -0.2913 3.1377, -10.9041 -0.1883 3.1157, -10.8793 -0.1866 3.1129, -10.9188 -0.0818 3.1005, -10.8939 -0.0799 3.0979, -10.9335 0.0266 3.0953, -10.9086 0.0287 3.0928, -10.9482 0.1352 3.1003, -10.9233 0.1375 3.0981, -10.9651 0.2594 3.1188, -10.9402 0.2619 3.1168, -10.9798 0.3652 3.1456, -10.9549 0.368 3.1438, -10.9945 0.4684 3.1823, -10.9696 0.4712 3.1808, -11.0092 0.5676 3.2285, -10.9843 0.5706 3.2274, -11.0239 0.6623 3.284, -10.999 0.6654 3.2831, -11.0385 0.7514 3.3481, -11.0136 0.7546 3.3474, -11.0532 0.8344 3.4203, -11.0283 0.8376 3.42, -11.0658 0.9003 3.4888, -11.0409 0.9035 3.4887, -11.0784 0.9607 3.5625, -11.0535 0.9639 3.5627, -11.093 1.023 3.6538, -11.0682 1.0262 3.6543, -11.1077 1.0767 3.7507, -11.0828 1.0798 3.7515, -11.1224 1.1215 3.8532, -11.0975 1.1245 3.8542, -11.1372 1.1565 3.9597, -11.1123 1.1594 3.961, -11.1518 1.1813 4.0688, -11.127 1.1841 4.0705, -11.1665 1.1959 4.1801, -11.1417 1.1985 4.182, -11.1813 1.2 4.2929, -11.1564 1.2024 4.295, -11.196 1.1933 4.4058, -11.1711 1.1956 4.4081, -11.2105 1.1765 4.5162, -11.1857 1.1785 4.5187, -11.2251 1.1494 4.6247, -11.2002 1.1512 4.6274, -11.2419 1.1055 4.7472, -11.217 1.1069 4.7501, -11.2566 1.0566 4.8496, -11.2317 1.0578 4.8526, -11.2712 0.9982 4.9472, -11.2464 0.9991 4.9503, -11.2859 0.9308 5.0393, -11.2521 1.4344 4.2911, -11.2448 1.4384 4.4292, -11.2209 1.4454 4.432, -11.2354 1.425 4.5656, -11.2105 1.427 4.5681, -11.2251 1.3941 4.6997, -11.2002 1.3912 4.7009, -11.217 1.3376 4.8489, -11.1931 1.3302 4.8479, -11.2078 1.2709 4.9709, -11.1857 1.2596 4.9668, -11.2004 1.1894 5.0829, -11.1811 1.1753 5.0753, -11.2566 1.2814 4.9719, -11.2814 1.2802 4.9689, -11.3054 1.2748 4.9637, -11.3274 1.2653 4.9564, -11.3614 1.1837 5.0628, -11.2464 1.2074 5.0903, -11.2712 1.2106 5.09, -11.2961 1.2097 5.0869, -11.32 1.2048 5.0812, -11.3421 1.196 5.073, -11.3127 1.1277 4.7502, -11.3274 1.0784 4.8547, -11.3614 1.0335 4.9618, -11.071 1.3441 4.4333, -11.1 1.2926 4.6795, -11.0976 1.2687 4.6724, -11.1144 1.2189 4.8074, -11.1169 1.196 4.7974, -11.1462 1.0778 5.0134, -11.1534 1.0583 4.9995, -11.1828 0.9041 5.1874, -11.1946 0.889 5.1711, -11.1073 1.3157 4.686, -11.1169 1.2419 4.8171, -11.1437 1.0984 5.0275, -11.1755 0.9207 5.2047, -11.119 1.3371 4.6915, -11.1241 1.2642 4.826, -11.1462 1.1193 5.0412, -11.1731 0.9383 5.2224, -11.1472 1.4375 4.4373, -11.1397 1.4047 4.5696, -11.1349 1.3561 4.6959, -11.1359 1.285 4.8338, -11.1534 1.1395 5.0541, -11.1755 0.9562 5.2398, -11.1652 1.1584 5.0656, -11.1828 0.9737 5.2562, -11.1946 0.9902 5.271, -11.2669 1.4269 4.4261, -11.2593 1.4183 4.5622, -11.2499 1.3924 4.6969, -11.2419 1.3407 4.848, -11.2317 1.2782 4.9726, -11.2224 1.2002 5.0879, -11.2151 1.1084 5.1923, -11.2104 1.0049 5.2837, -11.2371 1.1187 5.1983, -11.3108 1.1282 5.1982, -11.3347 1.1239 5.192, -11.3568 1.1159 5.1831, -11.3908 1.0155 5.273, -11.3421 1.0194 4.9543, -11.3568 0.9512 5.0483, -11.3908 0.8868 5.1458, -11.078 0.8346 3.417, -11.0907 0.9008 3.4856, -11.1272 0.966 3.5534, -11.1033 0.9614 3.5594, -11.1418 1.0292 3.6452, -11.1179 1.024 3.6507, -11.1565 1.0837 3.7427, -11.1325 1.078 3.7477, -11.1712 1.1292 3.8459, -11.1473 1.1231 3.8503, -11.1859 1.1648 3.9532, -11.162 1.1583 3.957, -11.2006 1.1902 4.0631, -11.1767 1.1834 4.0664, -11.2153 1.2053 4.1752, -11.1914 1.1982 4.1778, -11.2301 1.2098 4.289, -11.2061 1.2025 4.2908, -11.2448 1.2035 4.4028, -11.2209 1.196 4.404, -11.2593 1.1868 4.5141, -11.2354 1.1793 4.5146, -11.2739 1.16 4.6237, -11.2499 1.1524 4.6234, -11.2907 1.1161 4.7473, -11.2668 1.1086 4.7463, -11.3054 1.0671 4.8507, -11.2814 1.0598 4.8489, -11.32 1.0086 4.9492, -11.2961 1.0014 4.9468, -11.3347 0.9409 5.0423, -11.3108 0.934 5.0392, -11.3494 0.8646 5.1288, -11.3255 0.858 5.1251, -11.3641 0.7804 5.2078, -11.3674 0.5999 5.3275, -11.3548 0.6831 5.2739, -11.33 0.68 5.2731, -11.3153 0.771 5.203, -11.2904 0.771 5.2062, -11.2757 0.8551 5.128, -11.2518 0.8589 5.1346, -11.2371 0.9357 5.0486, -11.2151 0.9437 5.0575, -11.2004 1.0128 4.9642, -11.1811 1.0251 4.9744, -11.2398 0.6951 5.3082, -11.224 0.705 5.325, -11.2122 0.7167 5.3437, -11.2049 0.7298 5.3638, -11.2025 0.7439 5.3845, -11.2049 0.7582 5.4049, -11.2122 0.7723 5.4243, -11.224 0.7857 5.442, -11.2398 0.7978 5.4572, -11.2812 0.8164 5.478, -11.2591 0.8082 5.4694, -11.2665 0.926 5.3943, -11.2444 0.917 5.3864, -11.2518 1.027 5.3008, -11.2298 1.0173 5.2938, -11.3255 1.0366 5.3015, -11.3494 1.0328 5.295, -11.3714 1.0257 5.2853, -11.4201 0.8102 5.4486, -11.3714 0.8743 5.1358, -11.3861 0.7894 5.2157, -11.4201 0.7075 5.2997, -11.4008 0.6971 5.2875, -11.4453 0.5325 5.4035, -11.3064 0.5101 5.3835, -11.2591 0.6874 5.2942, -11.2843 0.5135 5.3949, -11.265 0.5188 5.41, -11.2491 0.526 5.4281, -11.2374 0.5345 5.4485, -11.2301 0.5443 5.4704, -11.2277 0.5548 5.4931, -11.2301 0.5657 5.5156, -11.2374 0.5765 5.537, -11.2491 0.5869 5.5565, -11.265 0.5964 5.5735, -11.404 0.6188 5.5936, -11.38 0.6201 5.601, -11.3674 0.7254 5.5448, -11.3552 0.6193 5.6041, -11.3426 0.7248 5.548, -11.3303 0.6164 5.6028, -11.3177 0.7218 5.5469, -11.3064 0.6114 5.5971, -11.2843 0.6047 5.5872, -11.426 0.6154 5.5821, -11.4453 0.6101 5.567, -11.3788 0.6889 5.2788, -11.0047 0.4387 2.903, -10.9945 0.5672 2.9462, -10.9843 0.6887 3.0059, -10.9751 0.8014 3.0809, -10.9677 0.9029 3.1691, -10.963 0.9919 3.2688, -10.9471 0.9794 3.2836, -10.9724 1.1257 3.451, -10.9606 1.1086 3.4649, -10.9899 1.2401 3.6822, -10.9826 1.2188 3.6933, -11.0121 1.3068 3.9299, -11.0096 1.2828 3.9366, -11.039 1.3243 4.1809, -11.0415 1.2994 4.1826, -11.071 1.2945 4.4277, -11.0782 1.2707 4.4244, -11.1073 1.2221 4.6573, -11.119 1.2012 4.6499, -11.1359 1.1543 4.7778, -11.1517 1.137 4.7689, -11.1857 1.0727 4.8651, -11.2224 1.004 4.956, -11.261 0.9314 5.0425, -11.3006 0.8548 5.1248, -11.3402 0.7742 5.2035, -11.4095 0.2949 5.4553, -11.3699 0.403 5.4182, -11.3846 0.2923 5.4534, -11.345 0.4018 5.4213, -11.3597 0.2909 5.4563, -11.3211 0.4025 5.4288, -11.3358 0.2908 5.4639, -11.2991 0.4048 5.4405, -11.3138 0.292 5.4758, -11.2945 0.2944 5.4916, -11.2991 0.4775 5.6405, -11.3211 0.4833 5.651, -11.345 0.4877 5.6571, -11.3699 0.4905 5.6587, -11.3948 0.4916 5.6557, -11.4187 0.491 5.6482, -11.4407 0.4887 5.6364, -11.4748 0.3547 5.6629, -11.4748 0.309 5.4878, -11.4701 0.1888 5.4983, -11.4555 0.3035 5.4728, -11.4334 0.2987 5.4618, -11.4187 0.4101 5.426, -11.3948 0.4058 5.4198, -11.38 0.5125 5.3742, -11.3552 0.5096 5.3729, -11.3426 0.5969 5.3264, -11.3177 0.5963 5.3296, -11.3051 0.6797 5.2763, -11.2812 0.6822 5.2834, -11.2665 0.7741 5.2131, -11.2444 0.7803 5.2233, -11.2298 0.866 5.1442, -11.2104 0.8762 5.1565, -11.4847 0.072 5.5131, -11.448 0.1851 5.4869, -11.4626 0.0694 5.5014, -11.4241 0.1819 5.4801, -11.4387 0.0669 5.4943, -11.3992 0.1795 5.478, -11.4138 0.0646 5.492, -11.3744 0.1778 5.4807, -11.389 0.0627 5.4946, -11.3504 0.177 5.4882, -11.365 0.0612 5.502, -11.3284 0.1771 5.5002, -11.343 0.0602 5.5139, -11.3237 0.0597 5.5299, -11.2945 0.3401 5.6667, -11.3138 0.3456 5.6817, -11.3284 0.2113 5.7102, -11.3358 0.3504 5.6926, -11.3504 0.2151 5.7216, -11.3597 0.3542 5.6992, -11.3744 0.2182 5.7284, -11.3846 0.3568 5.701, -11.3992 0.2207 5.7305, -11.4095 0.3582 5.6981, -11.4241 0.2223 5.7278, -11.4334 0.3583 5.6906, -11.448 0.2231 5.7202, -11.4555 0.3571 5.6787, -11.4701 0.2231 5.7083, -11.3303 0.5088 5.376, -11.2786 0.298 5.5107, -11.2668 0.3027 5.5323, -11.2596 0.3081 5.5557, -11.2571 0.3142 5.5799, -11.2596 0.3207 5.604, -11.2668 0.3274 5.6271, -11.2786 0.3339 5.6482, -11.504 0.0871 5.7094, -11.0017 1.2596 3.6717, -11.0194 1.3298 3.923, -11.0415 1.3492 4.1788, -11.0685 1.3193 4.4307, -11.1 1.2448 4.6649, -11.1241 1.1742 4.7874, -11.1652 1.0405 4.9863, -11.504 0.0747 5.5288, -11.3529 -0.1787 5.5239, -11.3722 -0.1753 5.5083, -11.3576 -0.0575 5.5166, -11.3942 -0.172 5.4967, -11.3796 -0.0554 5.5048, -11.4182 -0.1692 5.4897, -11.4036 -0.0532 5.4976, -11.443 -0.1668 5.4876, -11.4284 -0.0511 5.4952, -11.4679 -0.1651 5.4902, -11.4533 -0.0491 5.4977, -11.4918 -0.1639 5.4977, -11.4772 -0.0472 5.505, -11.5139 -0.1635 5.5097, -11.4993 -0.0457 5.5169, -11.3237 0.072 5.7104, -11.343 0.0747 5.7262, -11.3576 -0.0628 5.7293, -11.365 0.0774 5.7378, -11.3796 -0.0613 5.7412, -11.389 0.0799 5.745, -11.4036 -0.0594 5.7485, -11.4138 0.0821 5.7473, -11.4284 -0.0574 5.751, -11.4387 0.084 5.7447, -11.4533 -0.0553 5.7486, -11.4626 0.0855 5.7373, -11.4772 -0.0531 5.7414, -11.4847 0.0866 5.7254, -11.4993 -0.0509 5.7296, -11.3078 0.0597 5.5493, -11.296 0.0602 5.5714, -11.2888 0.0612 5.5954, -11.2863 0.0627 5.6204, -11.2888 0.0646 5.6452, -11.296 0.0669 5.6692, -11.3078 0.0694 5.6912, -11.5332 -0.185 5.7053, -11.3529 -0.2 5.7036, -11.3722 -0.2003 5.7196, -11.3868 -0.3366 5.697, -11.3942 -0.1998 5.7315, -11.4088 -0.3373 5.709, -11.4182 -0.1987 5.739, -11.4328 -0.3369 5.7165, -11.443 -0.1969 5.7417, -11.4576 -0.3353 5.7194, -11.4679 -0.1946 5.7395, -11.4825 -0.3328 5.7174, -11.4918 -0.1917 5.7325, -11.5064 -0.3293 5.7107, -11.5139 -0.1885 5.721, -11.5285 -0.325 5.6995, -11.5624 -0.4529 5.6508, -11.337 -0.1991 5.6842, -11.3252 -0.1974 5.6621, -11.318 -0.1952 5.6382, -11.3155 -0.1925 5.6134, -11.318 -0.1893 5.5886, -11.3252 -0.1859 5.5648, -11.337 -0.1823 5.543, -11.5624 -0.3986 5.4781, -11.5332 -0.1637 5.5257, -11.5285 -0.2804 5.4915, -11.4115 -0.6362 5.3796, -11.4161 -0.5191 5.4179, -11.3821 -0.4131 5.4736, -11.4014 -0.4067 5.4589, -11.3868 -0.292 5.489, -11.3662 -0.4201 5.4917, -11.3956 -0.6466 5.3961, -11.4128 -0.7696 5.3209, -11.5431 -0.3954 5.4625, -11.5578 -0.5081 5.4225, -11.5918 -0.6229 5.3868, -11.5725 -0.6168 5.372, -11.609 -0.7451 5.3142, -11.4287 -0.7576 5.3057, -11.458 -0.9446 5.1496, -11.4381 -0.6045 5.6257, -11.4528 -0.7318 5.5652, -11.4308 -0.7278 5.5539, -11.448 -0.8677 5.4689, -11.4287 -0.86 5.4548, -11.492 -1.013 5.05, -11.4774 -0.9321 5.1395, -11.4627 -0.8432 5.2209, -11.448 -0.7472 5.2935, -11.4308 -0.6273 5.3664, -11.4847 -0.9857 5.3945, -11.47 -0.8728 5.4797, -11.4939 -0.8753 5.4868, -11.4768 -0.7334 5.5726, -11.5016 -0.7327 5.5757, -11.4869 -0.6045 5.6362, -11.5118 -0.6016 5.6348, -11.4971 -0.4686 5.6825, -11.5897 -0.7374 5.3002, -11.6043 -0.8341 5.2285, -11.6384 -0.9339 5.1603, -11.4422 -0.9593 5.1623, -11.401 -0.783 5.3386, -11.3766 -0.6697 5.436, -11.3447 -0.4432 5.559, -11.5578 -0.5907 5.6186, -11.5504 -0.7245 5.5691, -11.5265 -0.7298 5.5745, -11.5437 -0.8719 5.4892, -11.5188 -0.875 5.49, -11.5335 -0.9888 5.4046, -11.5086 -0.9888 5.4014, -11.5233 -1.094 5.3056, -11.4994 -1.0903 5.299, -11.5141 -1.1853 5.1941, -11.492 -1.1774 5.1851, -11.5067 -1.2616 5.0724, -11.4874 -1.2493 5.0621, -11.619 -0.9238 5.1479, -11.6337 -1.0055 5.0592, -11.6677 -1.091 4.9733, -11.4715 -1.1162 4.9706, -11.4304 -0.9757 5.1772, -11.3938 -0.797 5.358, -11.3741 -0.6817 5.4579, -11.3472 -0.4504 5.5829, -11.6043 -0.9704 5.3919, -11.619 -1.0748 5.2978, -11.597 -1.0845 5.3048, -11.6117 -1.1802 5.2004, -11.5877 -1.1871 5.2035, -11.6024 -1.273 5.0897, -11.5775 -1.2762 5.0894, -11.5922 -1.351 4.9679, -11.5673 -1.3499 4.9649, -11.5819 -1.4129 4.8369, -11.558 -1.407 4.8322, -11.641 -1.3405 4.9668, -11.6484 -1.255 5.0822, -11.663 -1.3292 4.9628, -11.6677 -1.2409 5.0746, -11.697 -1.3769 4.8319, -11.6317 -1.4112 4.8408, -11.6556 -1.4038 4.8397, -11.6776 -1.3922 4.8367, -11.6484 -1.0787 4.9631, -11.663 -1.1426 4.8606, -11.697 -1.2108 4.7602, -11.6776 -1.1968 4.7524, -11.7221 -1.2808 4.5608, -11.5064 -0.2798 5.4795, -11.4825 -0.2802 5.472, -11.521 -0.3936 5.4506, -11.4971 -0.3934 5.4431, -11.5357 -0.5053 5.4109, -11.5118 -0.5043 5.4034, -11.5504 -0.6129 5.3607, -11.5265 -0.6112 5.3533, -11.5676 -0.7323 5.2894, -11.5437 -0.7298 5.2823, -11.5823 -0.8279 5.2183, -11.5584 -0.8248 5.2114, -11.597 -0.9167 5.1383, -11.5731 -0.9129 5.1317, -11.6117 -0.9975 5.0503, -11.5877 -0.9932 5.0441, -11.6263 -1.0699 4.9549, -11.6024 -1.065 4.9492, -11.641 -1.1331 4.8533, -11.617 -1.1277 4.8481, -11.6556 -1.1867 4.746, -11.4576 -0.2817 5.4692, -11.4328 -0.2843 5.4711, -11.4722 -0.3946 5.4401, -11.4474 -0.3973 5.4419, -11.4869 -0.5053 5.4003, -11.4621 -0.5081 5.4018, -11.5016 -0.6119 5.3502, -11.4768 -0.6149 5.3513, -11.5188 -0.7301 5.2791, -11.4939 -0.7332 5.2799, -11.5335 -0.8248 5.2082, -11.5086 -0.828 5.2087, -11.5482 -0.9126 5.1285, -11.5233 -0.9158 5.1288, -11.5629 -0.9926 5.0409, -11.538 -0.9958 5.0409, -11.5775 -1.0641 4.9461, -11.5527 -1.0673 4.9457, -11.5922 -1.1265 4.8451, -11.5673 -1.1297 4.8444, -11.6068 -1.1794 4.7384, -11.5819 -1.1824 4.7375, -11.6194 -1.2167 4.6428, -11.5945 -1.2197 4.6416, -11.632 -1.2463 4.5443, -11.4088 -0.2877 5.4778, -11.4234 -0.4014 5.4482, -11.4381 -0.5128 5.4077, -11.4528 -0.6201 5.3568, -11.47 -0.739 5.2848, -11.4847 -0.8342 5.213, -11.4994 -0.9224 5.1325, -11.5141 -1.0027 5.044, -11.5287 -1.0745 4.9482, -11.5434 -1.137 4.8461, -11.558 -1.1899 4.7385, -11.5832 -1.2567 4.5427, -11.5758 -1.2929 4.4247, -11.5418 -1.2845 4.5461, -11.5008 -1.2351 4.7528, -11.4597 -1.1351 4.9821, -11.4231 -0.9931 5.1936, -11.3913 -0.8113 5.3785, -11.3766 -0.6933 5.48, -11.3544 -0.4571 5.606, -11.5897 -0.8579 5.4756, -11.5823 -0.9794 5.3998, -11.5731 -1.0911 5.3085, -11.5629 -1.1903 5.2034, -11.5527 -1.2753 5.0863, -11.5434 -1.3444 4.9597, -11.536 -1.3969 4.8258, -11.5611 -1.475 4.5957, -11.5418 -1.4599 4.5903, -11.6071 -1.4926 4.6041, -11.6194 -1.459 4.725, -11.632 -1.4944 4.6068, -11.6443 -1.456 4.7262, -11.6569 -1.4915 4.6082, -11.6808 -1.484 4.6083, -11.7028 -1.4721 4.6072, -11.7221 -1.4563 4.6049, -11.526 -1.3036 4.5496, -11.489 -1.2558 4.7607, -11.4525 -1.1553 4.9951, -11.4207 -1.011 5.2111, -11.3938 -0.8253 5.3992, -11.3838 -0.7041 5.5014, -11.3662 -0.4627 5.6274, -11.5711 -1.5026 4.3138, -11.5758 -1.5032 4.4572, -11.5832 -1.486 4.6004, -11.5945 -1.4574 4.7222, -11.6068 -1.4143 4.8398, -11.617 -1.3479 4.9686, -11.6263 -1.2658 5.0873, -11.6337 -1.1699 5.1943, -11.6384 -1.0624 5.2877, -11.609 -0.8475 5.4634, -11.5918 -0.7084 5.5462, -11.5978 -1.5146 4.4608, -11.6217 -1.5214 4.4639, -11.6466 -1.5236 4.4663, -11.6715 -1.5208 4.468, -11.6954 -1.5133 4.4689, -11.7174 -1.5013 4.4689, -11.7514 -1.5017 4.3289, -11.7028 -1.2658 4.5553, -11.7174 -1.2911 4.4364, -11.7514 -1.3211 4.318, -11.5552 -1.3414 4.3028, -11.5142 -1.3253 4.554, -11.4817 -1.2781 4.7696, -11.45 -1.1761 5.0089, -11.4231 -1.0286 5.2288, -11.401 -0.8384 5.4193, -11.3956 -0.7137 5.5214, -11.3821 -0.4673 5.6463, -11.5552 -1.4833 4.3113, -11.5847 -1.4733 4.0322, -11.5729 -1.4513 4.034, -11.6005 -1.4927 4.031, -11.6363 -1.5372 4.3213, -11.6612 -1.5395 4.3236, -11.6861 -1.537 4.3255, -11.71 -1.5296 4.3271, -11.7321 -1.5177 4.3282, -11.7808 -1.4947 4.046, -11.7321 -1.3053 4.3154, -11.7468 -1.3081 4.1925, -11.7808 -1.3152 4.0691, -11.5847 -1.3323 4.0503, -11.5434 -1.3635 4.3031, -11.5069 -1.3487 4.5593, -11.4793 -1.3011 4.7793, -11.4525 -1.1967 5.023, -11.4304 -1.0452 5.2461, -11.4128 -0.8501 5.4381, -11.4115 -0.7217 5.5391, -11.4161 -0.6016 5.614, -11.4014 -0.4705 5.6619, -11.4234 -0.4723 5.6738, -11.6345 -1.4839 3.8898, -11.6566 -1.4958 3.889, -11.6805 -1.5034 3.8894, -11.7054 -1.5062 3.8909, -11.7302 -1.5043 3.8934, -11.7542 -1.4976 3.897, -11.7762 -1.4865 3.9014, -11.8102 -1.4351 3.7695, -11.7615 -1.2992 4.0695, -11.7762 -1.2789 3.9482, -11.8102 -1.263 3.8256, -11.614 -1.2764 3.804, -11.5729 -1.3541 4.0465, -11.5362 -1.3875 4.3039, -11.5045 -1.373 4.5652, -11.4817 -1.3239 4.7894, -11.4597 -1.2162 5.037, -11.4422 -1.0602 5.2624, -11.686 -1.4066 3.614, -11.7909 -1.2474 3.829, -11.8056 -1.2045 3.7126, -11.8397 -1.1655 3.5943, -11.6435 -1.1745 3.5706, -11.6022 -1.2971 3.7962, -11.5656 -1.3779 4.0429, -11.5337 -1.4125 4.3052, -11.5069 -1.3971 4.5715, -11.489 -1.3457 4.7995, -11.4715 -1.234 5.0502, -11.8397 -1.324 3.507, -11.8687 -1.168 3.2725, -11.8349 -1.2637 3.376, -11.8494 -1.1792 3.2612, -11.8273 -1.1872 3.2522, -11.8203 -1.1508 3.6006, -11.8349 -1.0877 3.4955, -11.8687 -1.0283 3.3876, -11.8494 -1.015 3.3964, -11.8858 -0.9303 3.2786, -11.5978 -1.2809 4.4247, -11.6124 -1.2941 4.3047, -11.6272 -1.2959 4.1829, -11.6419 -1.2862 4.0611, -11.6566 -1.2652 3.941, -11.6712 -1.2331 3.8231, -11.686 -1.1897 3.7081, -11.7007 -1.1356 3.5975, -11.7152 -1.0722 3.4938, -11.7297 -0.9995 3.3962, -11.7468 -0.9026 3.2904, -11.7615 -0.8104 3.2083, -11.7495 -1.3531 3.4823, -11.7246 -1.35 3.4817, -11.7391 -1.275 3.3586, -11.7152 -1.2679 3.3611, -11.7297 -1.182 3.2459, -11.7077 -1.1717 3.252, -11.7248 -1.0581 3.1283, -11.7054 -1.0458 3.1385, -11.8205 -1.0772 3.1202, -11.8444 -1.0735 3.1268, -11.8664 -1.0666 3.1366, -11.8858 -1.0566 3.1491, -11.6071 -1.2492 4.5429, -11.6466 -1.2707 4.4272, -11.6217 -1.2734 4.4256, -11.6612 -1.2841 4.3082, -11.6363 -1.2867 4.3063, -11.676 -1.2863 4.1873, -11.6511 -1.2887 4.1851, -11.6907 -1.2771 4.0664, -11.6658 -1.2792 4.064, -11.7054 -1.2566 3.9471, -11.6805 -1.2585 3.9446, -11.72 -1.2251 3.83, -11.6952 -1.2268 3.8273, -11.7348 -1.1824 3.7158, -11.7099 -1.1838 3.7129, -11.7495 -1.129 3.6058, -11.7246 -1.1302 3.6028, -11.764 -1.0665 3.5027, -11.7391 -1.0673 3.4996, -11.7785 -0.9946 3.4056, -11.7537 -0.9951 3.4024, -11.7956 -0.8987 3.3002, -11.7707 -0.8989 3.297, -11.8103 -0.8074 3.2184, -11.7854 -0.8074 3.2152, -11.8249 -0.7088 3.1454, -11.8 -0.7084 3.1422, -11.8396 -0.6033 3.0816, -11.8056 -1.3997 3.6279, -11.7983 -1.3466 3.4906, -11.7744 -1.352 3.4853, -11.7889 -1.2773 3.3621, -11.764 -1.2782 3.359, -11.7785 -1.1921 3.2429, -11.7537 -1.1889 3.2428, -11.7707 -1.0742 3.1173, -11.7468 -1.0677 3.1211, -11.7615 -0.9589 3.0244, -11.7394 -0.9501 3.0324, -11.7541 -0.8334 2.9468, -11.7347 -0.8232 2.9592, -11.8103 -0.9682 3.0194, -11.8351 -0.9683 3.0226, -11.8591 -0.9653 3.0295, -11.8811 -0.9593 3.0399, -11.9151 -0.8358 2.9676, -11.8 -0.8472 2.9331, -11.8249 -0.8502 2.9322, -11.8498 -0.8506 2.9354, -11.8737 -0.8483 2.9425, -11.8957 -0.8433 2.9534, -11.8664 -0.918 3.2889, -11.8811 -0.8256 3.2054, -11.9151 -0.7358 3.1183, -11.622 -1.2359 3.5347, -11.651 -1.0866 3.316, -11.6535 -1.0674 3.332, -11.6706 -0.9631 3.2191, -11.6778 -0.9468 3.2368, -11.7071 -0.7442 3.0741, -11.7189 -0.7328 3.0931, -11.7482 -0.5061 2.972, -11.7641 -0.4998 2.9904, -11.6535 -1.106 3.3003, -11.6681 -0.9804 3.2011, -11.6999 -0.757 3.0538, -11.7365 -0.5137 2.9512, -11.6607 -1.1249 3.2855, -11.6706 -0.998 3.1834, -11.6974 -0.7706 3.0329, -11.7292 -0.5225 2.9289, -11.6725 -1.1426 3.2722, -11.6778 -1.0152 3.1666, -11.6999 -0.7846 3.0122, -11.7268 -0.532 2.9058, -11.7007 -1.3426 3.4834, -11.6932 -1.257 3.3662, -11.6884 -1.1584 3.2609, -11.6896 -1.0313 3.1515, -11.7071 -0.7984 2.9925, -11.7292 -0.5419 2.8829, -11.7189 -0.8114 2.9746, -11.7365 -0.5517 2.861, -11.7482 -0.5612 2.841, -11.8203 -1.3371 3.4979, -11.8128 -1.2724 3.3678, -11.8034 -1.1915 3.2461, -11.7956 -1.0774 3.117, -11.7854 -0.9651 3.02, -11.7761 -0.8415 2.938, -11.7687 -0.7088 2.8723, -11.7641 -0.57 2.8236, -11.7908 -0.7161 2.8627, -11.8645 -0.7249 2.8592, -11.8884 -0.7233 2.8666, -11.9104 -0.7193 2.8779, -11.9444 -0.5839 2.8295, -11.8957 -0.7256 3.1307, -11.9104 -0.6188 3.0654, -11.9444 -0.5137 2.9962, -11.6317 -1.1808 4.7413, -11.6443 -1.2184 4.6456, -11.6808 -1.2547 4.5506, -11.6569 -1.2482 4.5469, -11.6954 -1.2797 4.4328, -11.6715 -1.2728 4.4297, -11.71 -1.2936 4.3129, -11.6861 -1.2864 4.3104, -11.7247 -1.2962 4.191, -11.7008 -1.2888 4.1893, -11.7395 -1.2872 4.0692, -11.7156 -1.2798 4.0682, -11.7542 -1.267 3.949, -11.7302 -1.2595 3.9486, -11.7688 -1.2356 3.8309, -11.7449 -1.2281 3.8313, -11.7836 -1.193 3.7156, -11.7596 -1.1855 3.7167, -11.7983 -1.1395 3.6047, -11.7744 -1.1322 3.6065, -11.8128 -1.0768 3.5006, -11.7889 -1.0697 3.503, -11.8273 -1.0047 3.4025, -11.8034 -0.9978 3.4056, -11.8444 -0.9084 3.2961, -11.8205 -0.9019 3.2999, -11.8591 -0.8167 3.2134, -11.8351 -0.8106 3.2178, -11.8737 -0.7176 3.1395, -11.8498 -0.7119 3.1445, -11.8884 -0.6115 3.0749, -11.8645 -0.6063 3.0804, -11.9031 -0.4997 3.0205, -11.8791 -0.4951 3.0264, -11.9177 -0.3831 2.9767, -11.9211 -0.1543 2.9318, -11.9085 -0.2591 2.9506, -11.8836 -0.2565 2.9526, -11.8689 -0.3762 2.9847, -11.8441 -0.375 2.9818, -11.8294 -0.4912 3.0248, -11.8055 -0.4922 3.0173, -11.7908 -0.6043 3.0711, -11.7687 -0.6083 3.0598, -11.7541 -0.7157 3.1241, -11.7347 -0.7232 3.11, -11.8587 -0.255 2.9498, -11.8201 -0.3753 2.9742, -11.8348 -0.2546 2.9422, -11.7981 -0.3771 2.9624, -11.8128 -0.2553 2.9303, -11.7935 -0.257 2.9144, -11.7834 -0.4951 3.0057, -11.7776 -0.2598 2.8951, -11.7658 -0.2635 2.8733, -11.7586 -0.2679 2.8497, -11.7561 -0.2729 2.8253, -11.7586 -0.2783 2.8009, -11.7658 -0.284 2.7776, -11.7776 -0.2896 2.7561, -11.7935 -0.2949 2.7375, -11.8348 -0.3041 2.7111, -11.8128 -0.2999 2.7222, -11.8201 -0.4462 2.7487, -11.7981 -0.4409 2.7594, -11.8055 -0.5839 2.7994, -11.7834 -0.5777 2.8096, -11.8791 -0.5925 2.7951, -11.9031 -0.5915 2.8026, -11.9251 -0.5886 2.8142, -11.9738 -0.3097 2.7406, -11.9251 -0.506 3.0103, -11.9398 -0.3884 2.966, -11.9738 -0.2718 2.9175, -11.9545 -0.2669 2.9328, -11.9989 -0.0553 2.8868, -11.9336 -0.0481 2.9215, -11.8962 -0.1519 2.934, -11.9087 -0.0459 2.9238, -11.8713 -0.1501 2.9313, -11.8839 -0.0439 2.9212, -11.8599 -0.0423 2.9139, -11.8379 -0.041 2.902, -11.8186 -0.0402 2.886, -11.8027 -0.0399 2.8666, -11.7909 -0.04 2.8444, -11.7837 -0.0406 2.8204, -11.7812 -0.0417 2.7955, -11.7837 -0.0432 2.7706, -11.7909 -0.045 2.7466, -11.8027 -0.0471 2.7246, -11.8186 -0.0494 2.7053, -11.9575 -0.0624 2.6782, -11.9336 -0.0608 2.6708, -11.9211 -0.187 2.683, -11.9087 -0.0589 2.6682, -11.8962 -0.1853 2.6803, -11.8839 -0.0566 2.6706, -11.8713 -0.1829 2.6825, -11.8599 -0.0543 2.6778, -11.8379 -0.0518 2.6895, -11.9796 -0.0637 2.6901, -11.9989 -0.0645 2.706, -11.9324 -0.2626 2.9439, -11.5725 -0.7173 5.5595, -11.5676 -0.8661 5.4843, -11.5584 -0.9856 5.4041, -11.5482 -1.0943 5.3088, -11.538 -1.1897 5.2002, -11.5287 -1.2704 5.0805, -11.5213 -1.3349 4.9524, -11.5166 -1.3829 4.8181, -11.5008 -1.3656 4.8091, -11.526 -1.4415 4.5843, -11.5142 -1.4203 4.5779, -11.5434 -1.4613 4.309, -11.5362 -1.4374 4.3069, -11.5656 -1.4274 4.0365, -11.5632 -1.4026 4.0395, -11.5925 -1.3434 3.7802, -11.595 -1.3197 3.7881, -11.6245 -1.2142 3.5469, -11.6317 -1.1934 3.5591, -11.6607 -1.0493 3.3477, -11.6725 -1.0328 3.3625, -11.6896 -0.932 3.2533, -11.7054 -0.9195 3.2681, -11.7394 -0.8164 3.1979, -11.7761 -0.7107 3.135, -11.8147 -0.6027 3.0784, -11.8543 -0.4922 3.0278, -11.8938 -0.379 2.983, -12.009 0.2009 2.9114, -11.9723 0.0754 2.9129, -11.987 0.2011 2.9234, -11.9483 0.0771 2.9202, -11.9631 0.2021 2.9308, -11.9235 0.0791 2.9228, -11.9382 0.2039 2.9336, -11.8986 0.0813 2.9204, -11.9133 0.2063 2.9314, -11.8747 0.0836 2.9132, -11.8894 0.2092 2.9245, -11.8526 0.086 2.9015, -11.8673 0.2127 2.913, -11.848 0.2165 2.8975, -11.8526 0.0952 2.6889, -11.8747 0.0938 2.677, -11.8986 0.0921 2.6697, -11.9235 0.0902 2.6671, -11.9483 0.088 2.6695, -11.9723 0.0857 2.6767, -11.9943 0.0833 2.6884, -12.0283 0.2263 2.7162, -12.0283 0.2015 2.8954, -11.8772 0.4655 2.9562, -11.8965 0.4589 2.9707, -11.8819 0.337 2.9361, -11.9186 0.4534 2.9814, -11.904 0.3325 2.9472, -11.9425 0.4492 2.9876, -11.9279 0.3289 2.9538, -11.9674 0.4464 2.9893, -11.9528 0.3263 2.9558, -11.9923 0.4452 2.9863, -11.9777 0.3249 2.9529, -12.0162 0.4457 2.9788, -12.0016 0.3246 2.9453, -12.0382 0.4477 2.967, -12.0236 0.3255 2.9334, -11.848 0.2412 2.7182, -11.8673 0.2418 2.7022, -11.8819 0.3856 2.729, -11.8894 0.2416 2.6903, -11.904 0.3865 2.7171, -11.9133 0.2406 2.6828, -11.9279 0.3862 2.7095, -11.9382 0.2389 2.6801, -11.9528 0.3848 2.7066, -11.9631 0.2365 2.6822, -11.9777 0.3822 2.7086, -11.987 0.2335 2.6892, -12.0016 0.3786 2.7152, -12.009 0.23 2.7006, -12.0236 0.3741 2.7263, -11.8322 0.2204 2.8784, -11.8204 0.2244 2.8567, -11.8131 0.2283 2.833, -11.8107 0.2319 2.8083, -11.8131 0.2351 2.7835, -11.8204 0.2378 2.7597, -11.8322 0.2399 2.7376, -12.0575 0.5088 2.7798, -11.9064 0.6999 3.0603, -11.9257 0.6907 3.0734, -11.9111 0.5771 3.0166, -11.9478 0.6833 3.0828, -11.9332 0.5706 3.0267, -11.9717 0.678 3.0882, -11.9571 0.5659 3.0325, -11.9966 0.675 3.0893, -11.982 0.563 3.0339, -12.0214 0.6744 3.0862, -12.0068 0.562 3.0308, -11.8772 0.5231 2.7846, -11.8965 0.5266 2.769, -11.9111 0.6632 2.822, -11.9186 0.5286 2.7572, -11.9332 0.6663 2.8105, -11.9425 0.529 2.7497, -11.9571 0.6675 2.803, -11.9674 0.5278 2.7467, -11.982 0.6666 2.7999, -11.9923 0.5251 2.7483, -12.0068 0.6637 2.8013, -12.0162 0.5209 2.7546, -12.0308 0.6589 2.8072, -12.0382 0.5154 2.7652, -12.0528 0.6524 2.8172, -12.0867 0.775 2.895, -11.8614 0.5182 2.8034, -11.8496 0.5121 2.8247, -11.8423 0.505 2.8476, -11.8399 0.4973 2.8714, -11.8423 0.4891 2.895, -11.8496 0.4809 2.9175, -11.8614 0.4729 2.9382, -12.0867 0.6867 3.053, -12.0575 0.4512 2.9514, -11.9356 0.9119 3.2067, -11.9549 0.9005 3.2179, -11.9403 0.7989 3.1407, -11.9769 0.8915 3.2258, -11.9624 0.7906 3.1494, -12.0009 0.8853 3.2301, -11.9863 0.7848 3.1543, -12.0257 0.8821 3.2306, -12.0111 0.7817 3.1551, -12.0506 0.8821 3.2274, -12.036 0.7814 3.1519, -11.9064 0.7882 2.9024, -11.9356 1.028 3.0679, -11.9197 1.0166 3.0836, -12.0214 0.7969 2.8671, -11.9966 0.7999 2.866, -11.9717 0.8005 2.8692, -11.9478 0.7987 2.8765, -11.9257 0.7946 2.8877, -12.082 0.7891 3.134, -12.1159 0.9003 3.197, -11.8905 0.7799 2.92, -11.9079 1.0031 3.1012, -11.8788 0.77 2.9398, -11.9007 0.9882 3.12, -11.8715 0.7588 2.961, -11.8982 0.9724 3.1393, -11.869 0.7468 2.9829, -11.9007 0.9562 3.1583, -11.8715 0.7344 3.0046, -11.9079 0.9403 3.1763, -11.8788 0.7222 3.0252, -11.9197 0.9254 3.1927, -11.8905 0.7105 3.044, -11.965 1.0949 3.3919, -11.9843 1.0815 3.4007, -11.9696 0.9953 3.3049, -12.0063 1.0712 3.4068, -11.9916 0.9856 3.3119, -12.0302 1.0643 3.4098, -12.0156 0.979 3.3156, -12.0551 1.0611 3.4098, -12.0404 0.9758 3.3159, -12.08 1.0617 3.4066, -12.0653 0.976 3.3127, -11.9916 1.1535 3.1455, -11.9696 1.1464 3.1552, -12.1159 1.0164 3.0582, -12.1453 1.2252 3.2654, -12.1113 1.138 3.1467, -12.126 1.2385 3.2566, -12.1039 1.2488 3.2505, -12.0966 0.8914 3.2103, -12.1113 0.9869 3.2965, -12.1453 1.0853 3.3802, -12.126 1.074 3.3915, -12.1627 1.1777 3.5041, -11.9843 1.246 3.2658, -11.965 1.2348 3.2771, -11.9491 1.2206 3.2904, -11.9373 1.2041 3.3052, -11.9301 1.186 3.3209, -11.9276 1.1668 3.3369, -11.9301 1.1474 3.3526, -11.9373 1.1284 3.3673, -11.9491 1.1107 3.3806, -12.0164 1.4256 3.5371, -12.0017 1.3502 3.4082, -12.0237 1.3591 3.4002, -12.0063 1.254 3.2568, -12.0302 1.2584 3.2507, -12.0156 1.1573 3.139, -12.0404 1.1575 3.1358, -12.0257 1.0462 3.0343, -12.0506 1.043 3.0348, -12.036 0.9238 2.9452, -12.0599 0.918 2.9501, -12.0453 0.7916 2.8725, -12.0674 0.7842 2.8819, -12.0974 1.3618 3.391, -12.1213 1.3546 3.3933, -12.1433 1.3437 3.3982, -12.1627 1.3295 3.4055, -11.9823 1.3377 3.4182, -11.9665 1.3222 3.4299, -11.9547 1.3041 3.4428, -11.9474 1.2843 3.4563, -11.945 1.2635 3.4701, -11.9474 1.2425 3.4835, -11.9547 1.222 3.4961, -11.9665 1.2029 3.5073, -11.9823 1.186 3.5168, -12.0017 1.1717 3.5241, -12.0237 1.1608 3.529, -12.0476 1.1536 3.5313, -12.0725 1.1504 3.5308, -12.0974 1.1513 3.5278, -12.0117 1.3071 3.7488, -12.031 1.2918 3.7533, -12.0164 1.2371 3.6358, -12.0531 1.2801 3.7561, -12.0384 1.2257 3.6396, -12.077 1.2726 3.757, -12.0623 1.2184 3.6412, -12.1019 1.2696 3.756, -12.0872 1.2152 3.6405, -12.1267 1.271 3.7531, -12.1121 1.2164 3.6375, -12.0117 1.4746 3.6802, -11.9959 1.4571 3.6888, -12.031 1.4887 3.6727, -12.0384 1.4352 3.53, -12.0476 1.3641 3.3945, -12.0551 1.259 3.2475, -12.0653 1.1543 3.136, -12.0745 1.0368 3.0391, -12.082 0.9098 2.9587, -12.0966 1.0278 3.047, -12.0892 1.1477 3.1397, -12.08 1.2557 3.2474, -12.0725 1.365 3.3915, -12.0623 1.4407 3.5248, -12.0531 1.4989 3.6665, -12.0872 1.4419 3.5218, -12.1121 1.4388 3.5211, -12.136 1.4314 3.5227, -12.158 1.4201 3.5266, -12.192 1.4688 3.6662, -12.077 1.5049 3.6619, -12.1019 1.5064 3.659, -12.1267 1.5033 3.658, -12.1507 1.4958 3.6589, -12.1727 1.4842 3.6617, -12.1433 1.1653 3.5141, -12.158 1.2316 3.6253, -12.192 1.3014 3.7348, -11.9841 1.437 3.6981, -11.9768 1.415 3.7077, -11.9744 1.392 3.7174, -11.9768 1.3688 3.7267, -11.9841 1.3464 3.7352, -11.9959 1.3255 3.7427, -12.041 1.3829 3.9998, -12.0604 1.367 4.0014, -12.0457 1.3351 3.8755, -12.0824 1.355 4.002, -12.0677 1.3233 3.8772, -12.1063 1.3475 4.0015, -12.0917 1.3157 3.8774, -12.1312 1.3447 3.9999, -12.1165 1.3128 3.8761, -12.1561 1.3467 3.9974, -12.1414 1.3145 3.8734, -12.0457 1.5387 3.8136, -12.0677 1.5495 3.8084, -12.1414 1.5547 3.8004, -12.1653 1.5471 3.8006, -12.1874 1.5353 3.8023, -12.2214 1.5572 3.9488, -12.1727 1.2873 3.7423, -12.1874 1.3317 3.8641, -12.2214 1.3799 3.985, -12.041 1.5602 3.9636, -12.0252 1.5415 3.9688, -12.0134 1.52 3.9742, -12.0061 1.4966 3.9796, -12.0037 1.4722 3.9848, -12.0061 1.4477 3.9896, -12.0134 1.424 3.9938, -12.0252 1.4022 3.9973, -12.0703 1.4109 4.2609, -12.0896 1.395 4.2595, -12.075 1.387 4.1297, -12.1116 1.3831 4.2578, -12.097 1.375 4.1291, -12.1356 1.3758 4.2559, -12.1209 1.3676 4.1279, -12.1604 1.3733 4.2539, -12.1458 1.3649 4.1261, -12.1853 1.3758 4.2517, -12.1707 1.3671 4.1238, -12.0703 1.5918 4.2582, -12.0544 1.5725 4.2598, -12.1116 1.6195 4.2543, -12.0896 1.6077 4.2563, -12.097 1.6101 4.1036, -12.075 1.5985 4.1067, -12.0824 1.5867 3.9547, -12.0604 1.5754 3.9589, -12.1561 1.5926 3.9472, -12.18 1.585 3.9467, -12.202 1.5731 3.9472, -12.2506 1.5916 4.2431, -12.202 1.3646 3.9898, -12.2167 1.3857 4.1179, -12.2506 1.4107 4.2458, -12.2313 1.3948 4.2476, -12.2757 1.3979 4.4719, -12.0426 1.5504 4.2611, -12.0354 1.5264 4.2621, -12.0329 1.5014 4.2627, -12.0354 1.4765 4.2628, -12.0426 1.4525 4.2626, -12.0544 1.4303 4.2619, -12.2344 1.6038 4.5056, -12.2104 1.6107 4.5087, -12.1979 1.624 4.3786, -12.1856 1.6129 4.5111, -12.173 1.6263 4.3808, -12.1607 1.6101 4.5128, -12.1481 1.6237 4.3827, -12.1368 1.6026 4.5137, -12.1147 1.5907 4.5138, -12.2564 1.5924 4.5021, -12.2757 1.5769 4.4982, -12.1368 1.3687 4.4794, -12.1607 1.3618 4.4764, -12.1481 1.3732 4.3663, -12.1856 1.3597 4.4739, -12.173 1.3709 4.3641, -12.2104 1.3624 4.4722, -12.1979 1.3735 4.3622, -12.2344 1.3699 4.4713, -12.2092 1.383 4.2496, -12.0599 0.7839 3.1448, -12.0745 0.8852 3.2205, -12.0892 0.9798 3.3061, -12.1039 1.0661 3.4005, -12.1213 1.1564 3.5221, -12.136 1.222 3.6324, -12.1507 1.277 3.7485, -12.1653 1.3209 3.8693, -12.18 1.3534 3.994, -12.1946 1.3742 4.121, -12.1147 1.3802 4.4829, -12.0954 1.3957 4.4869, -12.0795 1.4147 4.491, -12.0678 1.4364 4.4952, -12.0605 1.4601 4.4993, -12.0581 1.4847 4.5031, -12.0605 1.5094 4.5065, -12.0678 1.5333 4.5094, -12.0795 1.5553 4.5116, -12.0954 1.5747 4.5131, -12.1246 1.3328 4.7434, -12.1439 1.3183 4.7366, -12.1293 1.3551 4.6111, -12.166 1.3077 4.731, -12.1514 1.3441 4.6065, -12.1899 1.3015 4.7268, -12.1753 1.3375 4.6029, -12.2148 1.2998 4.724, -12.2002 1.3356 4.6002, -12.2397 1.3028 4.7228, -12.2251 1.3385 4.5988, -12.2636 1.3104 4.7233, -12.249 1.346 4.5986, -12.271 1.5647 4.6499, -12.3049 1.5088 4.7881, -11.0553 0.2972 2.9035, -12.1293 1.5619 4.6615, -12.1514 1.5738 4.6625, -12.1753 1.5813 4.6623, -12.2002 1.5842 4.6608, -12.2251 1.5823 4.6582, -12.249 1.5757 4.6545, -12.2564 1.3819 4.4712, -12.271 1.358 4.5996, -12.3049 1.3377 4.7291, -12.1541 1.2219 4.9864, -12.1734 1.2089 4.9771, -12.1587 1.2693 4.8593, -12.1954 1.1996 4.9696, -12.1807 1.2593 4.8528, -12.2194 1.1943 4.9642, -12.2046 1.2535 4.8479, -12.2442 1.1932 4.9612, -12.2295 1.2522 4.845, -12.2544 1.2553 4.8441, -12.2783 1.2627 4.8453, -12.1246 1.5039 4.8024, -12.1439 1.5194 4.806, -12.1587 1.4631 4.9473, -12.166 1.5312 4.8081, -12.1807 1.4746 4.9505, -12.1899 1.5388 4.8086, -12.2046 1.4821 4.9517, -12.2148 1.5418 4.8075, -12.2295 1.4852 4.9508, -12.2397 1.5401 4.8047, -12.2544 1.4838 4.9479, -12.2636 1.5339 4.8004, -12.2783 1.478 4.9431, -12.2856 1.5233 4.7948, -12.3003 1.468 4.9365, -12.3344 1.3864 5.0632, -12.1088 1.4851 4.7973, -12.097 1.4639 4.791, -12.0897 1.441 4.7838, -12.0873 1.4173 4.7758, -12.0897 1.3938 4.7675, -12.097 1.3713 4.7591, -12.1088 1.3507 4.7509, -12.2856 1.3222 4.7254, -12.3003 1.2742 4.8485, -12.3344 1.2294 4.9733, -12.1834 1.0677 5.2045, -12.2027 1.0567 5.193, -12.1881 1.1379 5.0885, -12.2248 1.0489 5.1839, -12.2101 1.1293 5.0801, -12.2487 1.0447 5.1776, -12.234 1.1245 5.0743, -12.2736 1.0441 5.1744, -12.2589 1.1237 5.0712, -12.2984 1.0474 5.1744, -12.2838 1.1269 5.0709, -12.1541 1.3789 5.0763, -12.1734 1.3935 5.0828, -12.1881 1.3118 5.211, -12.1954 1.4047 5.0871, -12.2101 1.3226 5.2163, -12.2194 1.412 5.089, -12.234 1.3297 5.2189, -12.2442 1.4152 5.0884, -12.2589 1.3329 5.2186, -12.2691 1.4141 5.0854, -12.2838 1.3321 5.2155, -12.293 1.4088 5.08, -12.3077 1.3273 5.2096, -12.3151 1.3994 5.0725, -12.3297 1.3187 5.2013, -12.3637 1.2151 5.3106, -12.1382 1.3614 5.0678, -12.1264 1.3418 5.0577, -12.1192 1.3206 5.0463, -12.1167 1.2989 5.0341, -12.1192 1.2773 5.0215, -12.1264 1.2568 5.009, -12.1382 1.2381 4.9972, -12.3151 1.2148 4.9668, -12.3297 1.1447 5.0788, -12.3637 1.0775 5.193, -12.2129 0.874 5.3914, -12.2322 0.8653 5.378, -12.2175 0.9655 5.2899, -12.2542 0.8594 5.3676, -12.2395 0.9586 5.2801, -12.2782 0.8564 5.3607, -12.2634 0.9549 5.2735, -12.303 0.8565 5.3574, -12.2883 0.9547 5.2703, -12.3279 0.8596 5.3581, -12.3132 0.9579 5.2706, -12.1834 1.2052 5.3221, -12.2129 0.9871 5.5326, -12.197 0.9739 5.5183, -12.2984 1.2381 5.3376, -12.2736 1.2386 5.3407, -12.2487 1.2354 5.3407, -12.2248 1.2286 5.3375, -12.2027 1.2184 5.3312, -12.3444 1.0644 5.1839, -12.3591 0.974 5.2817, -12.3932 0.8858 5.382, -12.1676 1.1896 5.3105, -12.1852 0.9593 5.5017, -12.1558 1.1722 5.2969, -12.178 0.9439 5.4833, -12.1485 1.1536 5.2818, -12.1755 0.9281 5.464, -12.1461 1.1344 5.2657, -12.178 0.9127 5.4444, -12.1485 1.1156 5.2493, -12.1852 0.8981 5.4253, -12.1558 1.0978 5.2333, -12.197 0.8851 5.4074, -12.1676 1.0816 5.2181, -12.2419 0.6516 5.5374, -12.2612 0.6455 5.5226, -12.2467 0.7588 5.4553, -12.2832 0.6416 5.5113, -12.2687 0.7539 5.4444, -12.3072 0.6399 5.504, -12.2927 0.7515 5.4372, -12.332 0.6406 5.5008, -12.3175 0.7519 5.434, -12.3569 0.6436 5.502, -12.3424 0.755 5.4349, -12.2687 0.884 5.6418, -12.2467 0.8759 5.633, -12.3932 0.9989 5.5232, -12.4222 0.7501 5.69, -12.3884 0.8858 5.6264, -12.4029 0.7561 5.7048, -12.3808 0.7601 5.7161, -12.3739 0.8746 5.3706, -12.3884 0.7687 5.4488, -12.4222 0.6649 5.5303, -12.4029 0.656 5.5171, -12.4395 0.5214 5.5985, -12.2612 0.7457 5.7104, -12.2419 0.7367 5.6971, -12.226 0.7264 5.6806, -12.2142 0.7152 5.6616, -12.207 0.7033 5.6407, -12.2045 0.6914 5.6187, -12.207 0.6798 5.5966, -12.2142 0.6691 5.5752, -12.226 0.6595 5.5552, -12.2931 0.4368 5.8364, -12.2785 0.5819 5.7864, -12.3005 0.588 5.7967, -12.2832 0.7528 5.7199, -12.3072 0.758 5.7254, -12.2927 0.8896 5.6468, -12.3175 0.8927 5.6477, -12.303 1.0164 5.5572, -12.3279 1.0165 5.5539, -12.3132 1.1325 5.4509, -12.3371 1.1289 5.4443, -12.3224 1.2339 5.3313, -12.3444 1.2261 5.3222, -12.3742 0.5965 5.8011, -12.3981 0.5956 5.7936, -12.4201 0.5929 5.782, -12.4395 0.5885 5.7666, -12.2591 0.5745 5.7722, -12.2433 0.5661 5.7547, -12.2315 0.557 5.7345, -12.2242 0.5475 5.7124, -12.2218 0.5381 5.6893, -12.2242 0.529 5.6661, -12.2315 0.5207 5.6436, -12.2433 0.5134 5.6226, -12.2591 0.5074 5.6041, -12.2785 0.503 5.5888, -12.3005 0.5003 5.5771, -12.3244 0.4995 5.5696, -12.3493 0.5005 5.5665, -12.3742 0.5034 5.5681, -12.2884 0.2481 5.6799, -12.3077 0.2467 5.664, -12.2931 0.3767 5.6323, -12.3298 0.2462 5.652, -12.3151 0.3751 5.6205, -12.3537 0.2468 5.6445, -12.3391 0.375 5.6129, -12.3786 0.2484 5.6417, -12.3639 0.3763 5.61, -12.4035 0.2509 5.6437, -12.3888 0.379 5.6117, -12.2884 0.2828 5.8575, -12.2726 0.2778 5.8387, -12.3077 0.2875 5.8728, -12.3151 0.4419 5.8472, -12.3244 0.5926 5.8027, -12.332 0.761 5.7266, -12.3424 0.8931 5.6445, -12.3518 1.0135 5.547, -12.3591 1.122 5.4345, -12.3739 1.0076 5.5366, -12.3663 0.8908 5.6373, -12.3569 0.7617 5.7235, -12.3493 0.5954 5.8042, -12.3391 0.4459 5.8537, -12.3298 0.2916 5.884, -12.3639 0.4486 5.8554, -12.3888 0.4499 5.8525, -12.4127 0.4498 5.8449, -12.4348 0.4482 5.8331, -12.4687 0.2977 5.8546, -12.3537 0.2949 5.8908, -12.3786 0.2974 5.8928, -12.4035 0.299 5.89, -12.4274 0.2996 5.8825, -12.4494 0.2991 5.8705, -12.4201 0.514 5.5844, -12.4348 0.3881 5.629, -12.4687 0.263 5.677, -12.2608 0.2726 5.8172, -12.2535 0.2674 5.7938, -12.2511 0.2624 5.7693, -12.2535 0.2578 5.7448, -12.2608 0.2538 5.7211, -12.2726 0.2505 5.6992, -12.3178 -0.0221 5.7064, -12.3371 -0.0206 5.6905, -12.3224 0.1138 5.6835, -12.3591 -0.0188 5.6786, -12.3445 0.1144 5.6715, -12.383 -0.0168 5.6714, -12.3684 0.1157 5.6641, -12.4079 -0.0148 5.6689, -12.3933 0.1175 5.6614, -12.4328 -0.0127 5.6713, -12.4181 0.1199 5.6637, -12.3224 0.1349 5.8952, -12.3445 0.1379 5.9068, -12.3684 0.1406 5.9138, -12.3933 0.1429 5.9161, -12.4181 0.1448 5.9134, -12.442 0.146 5.906, -12.4641 0.1467 5.894, -12.4981 -0.006 5.8873, -12.4494 0.2583 5.6617, -12.4641 0.1256 5.6823, -12.4981 -0.007 5.7063, -12.3178 -0.0211 5.8873, -12.3019 -0.0225 5.868, -12.2901 -0.0236 5.8459, -12.2829 -0.0244 5.8219, -12.2804 -0.0247 5.7969, -12.2829 -0.0247 5.7719, -12.2901 -0.0242 5.7479, -12.3019 -0.0233 5.7258, -12.3471 -0.2935 5.6818, -12.3664 -0.289 5.6665, -12.3517 -0.1553 5.6848, -12.3885 -0.2851 5.6552, -12.3738 -0.1524 5.6732, -12.4124 -0.2818 5.6484, -12.3977 -0.1497 5.6661, -12.4373 -0.2793 5.6463, -12.4226 -0.1474 5.6638, -12.4621 -0.2777 5.6491, -12.4475 -0.1456 5.6664, -12.3471 -0.3262 5.8598, -12.3312 -0.324 5.8405, -12.3738 -0.1731 5.9087, -12.383 -0.0154 5.9223, -12.3977 -0.1718 5.9161, -12.4079 -0.0133 5.9248, -12.4226 -0.1699 5.9187, -12.4328 -0.0112 5.9223, -12.4475 -0.1676 5.9165, -12.4567 -0.0093 5.915, -12.4714 -0.165 5.9094, -12.4788 -0.0075 5.9032, -12.4934 -0.1621 5.8978, -12.5274 -0.3113 5.8625, -12.4788 -0.0087 5.6904, -12.4934 -0.1434 5.6858, -12.5274 -0.2787 5.6846, -12.5081 -0.2774 5.6686, -12.5525 -0.505 5.6261, -12.3195 -0.321 5.8186, -12.3122 -0.3172 5.7948, -12.3097 -0.3129 5.7703, -12.3122 -0.3082 5.7457, -12.3195 -0.3033 5.7222, -12.3312 -0.2983 5.7007, -12.4135 -0.5859 5.8188, -12.4124 -0.3271 5.8952, -12.4375 -0.5864 5.8263, -12.4373 -0.3255 5.898, -12.4623 -0.5853 5.8293, -12.4621 -0.323 5.896, -12.4872 -0.5825 5.8277, -12.486 -0.3197 5.8892, -12.5111 -0.5782 5.8215, -12.5081 -0.3158 5.8779, -12.5332 -0.5725 5.811, -12.5525 -0.5656 5.7966, -12.4135 -0.5067 5.596, -12.4375 -0.5023 5.5898, -12.4249 -0.3932 5.6235, -12.4623 -0.4996 5.5882, -12.4498 -0.3905 5.6217, -12.4747 -0.3891 5.6246, -12.486 -0.2771 5.6567, -12.3224 1.0542 5.1777, -12.3371 0.9644 5.2744, -12.3518 0.8657 5.3625, -12.3663 0.7607 5.4399, -12.3808 0.6488 5.5075, -12.3981 0.5079 5.5741, -12.4127 0.383 5.6181, -12.4274 0.2542 5.6505, -12.442 0.1226 5.6707, -12.4567 -0.0106 5.6786, -12.4714 -0.1442 5.6739, -12.3915 -0.5124 5.6066, -12.3722 -0.5192 5.621, -12.3563 -0.527 5.6388, -12.3445 -0.5353 5.6593, -12.3373 -0.5439 5.6817, -12.3348 -0.5525 5.7052, -12.3373 -0.5607 5.7288, -12.3445 -0.5681 5.7516, -12.3563 -0.5746 5.7728, -12.3722 -0.5799 5.7915, -12.4016 -0.7684 5.5043, -12.4209 -0.759 5.4914, -12.4062 -0.6383 5.5549, -12.443 -0.7514 5.4821, -12.4282 -0.6316 5.5449, -12.4669 -0.746 5.4769, -12.4522 -0.6267 5.5392, -12.4918 -0.743 5.4758, -12.477 -0.6238 5.5378, -12.5166 -0.7424 5.479, -12.5019 -0.623 5.5409, -12.5406 -0.7444 5.4863, -12.4062 -0.7281 5.7478, -12.4282 -0.7314 5.7593, -12.4522 -0.7326 5.7667, -12.477 -0.7318 5.7698, -12.5019 -0.7289 5.7685, -12.5258 -0.724 5.7627, -12.5479 -0.7173 5.7528, -12.5819 -0.8468 5.6681, -12.5332 -0.5012 5.6105, -12.5479 -0.6275 5.5599, -12.5819 -0.7554 5.512, -12.4308 -0.9906 5.3442, -12.4501 -0.9789 5.3332, -12.4355 -0.8725 5.4175, -12.4722 -0.9698 5.3255, -12.4576 -0.8641 5.409, -12.4961 -0.9635 5.3213, -12.4815 -0.8583 5.4042, -12.5209 -0.9603 5.3208, -12.5064 -0.8551 5.4034, -12.5458 -0.9604 5.3241, -12.5312 -0.8549 5.4067, -12.5697 -0.9636 5.3309, -12.5551 -0.8575 5.4137, -12.4576 -1.002 5.601, -12.443 -0.8708 5.6862, -12.4355 -0.9966 5.5903, -12.4209 -0.8664 5.675, -12.4016 -0.8598 5.6605, -12.5626 -0.7487 5.4974, -12.5772 -0.8629 5.4244, -12.6111 -0.9792 5.3541, -12.4501 -1.1186 5.4938, -12.4308 -1.1094 5.4807, -12.4149 -1.0976 5.4652, -12.3857 -0.8512 5.6431, -12.4031 -1.0839 5.4479, -12.374 -0.8408 5.6235, -12.3959 -1.0686 5.4293, -12.3667 -0.8292 5.6025, -12.3934 -1.0523 5.4104, -12.3643 -0.8168 5.5808, -12.3959 -1.0358 5.3917, -12.3667 -0.804 5.5594, -12.4031 -1.0196 5.374, -12.374 -0.7914 5.539, -12.4149 -1.0043 5.3579, -12.3857 -0.7793 5.5204, -12.4599 -1.1796 5.1451, -12.4793 -1.1661 5.1365, -12.4647 -1.0771 5.2394, -12.5013 -1.1557 5.1307, -12.4867 -1.0672 5.2325, -12.5252 -1.1488 5.1277, -12.5106 -1.0606 5.229, -12.5501 -1.1455 5.1278, -12.5355 -1.0574 5.2288, -12.575 -1.1462 5.131, -12.5604 -1.0577 5.232, -12.5989 -1.1506 5.1371, -12.5843 -1.0616 5.2384, -12.4722 -1.125 5.5039, -12.4647 -1.231 5.3862, -12.4938 -1.424 5.1415, -12.4793 -1.333 5.2685, -12.5013 -1.3412 5.2773, -12.4867 -1.2383 5.3957, -12.5106 -1.2422 5.4022, -12.4961 -1.1282 5.5107, -12.5209 -1.1283 5.5139, -12.5064 -1.0044 5.6113, -12.5312 -1.0013 5.6105, -12.5166 -0.8692 5.6956, -12.5406 -0.8638 5.6903, -12.6111 -1.098 5.4906, -12.6403 -1.3122 5.2692, -12.6064 -1.2228 5.3948, -12.6209 -1.3257 5.2778, -12.5989 -1.3361 5.2837, -12.5918 -0.97 5.341, -12.6064 -1.0689 5.2479, -12.6403 -1.1702 5.157, -12.4599 -1.3216 5.2573, -12.4441 -1.3072 5.2443, -12.4323 -1.2904 5.2298, -12.425 -1.272 5.2144, -12.4226 -1.2525 5.1988, -12.425 -1.2328 5.1835, -12.4323 -1.2136 5.1691, -12.4441 -1.1956 5.1561, -12.4891 -1.3292 4.9136, -12.5084 -1.3144 4.9076, -12.4938 -1.2455 5.0256, -12.5305 -1.3031 4.9038, -12.5159 -1.2346 5.0207, -12.5544 -1.2957 4.9022, -12.5398 -1.2274 5.0185, -12.5793 -1.2925 4.9029, -12.5647 -1.2242 5.0189, -12.6041 -1.2937 4.9059, -12.5896 -1.2251 5.022, -12.6281 -1.2993 4.911, -12.6135 -1.2301 5.0276, -12.4891 -1.4895 4.9976, -12.4733 -1.473 4.9874, -12.5084 -1.5029 5.0064, -12.5159 -1.4329 5.1495, -12.5252 -1.3456 5.2833, -12.5355 -1.2425 5.4054, -12.5458 -1.1251 5.5134, -12.5551 -0.9954 5.6058, -12.5626 -0.8562 5.681, -12.5772 -0.987 5.5972, -12.5697 -1.1188 5.5093, -12.5604 -1.2393 5.4052, -12.5501 -1.3463 5.2865, -12.5398 -1.4379 5.1551, -12.5305 -1.5125 5.0135, -12.5918 -1.1096 5.5016, -12.5843 -1.2326 5.4016, -12.575 -1.3431 5.2866, -12.5647 -1.4388 5.1582, -12.5544 -1.518 5.0187, -12.5896 -1.4356 5.1586, -12.6135 -1.4284 5.1563, -12.6355 -1.4175 5.1514, -12.6694 -1.4825 5.011, -12.5793 -1.5192 5.0217, -12.6041 -1.5161 5.0224, -12.6281 -1.5087 5.0208, -12.6501 -1.4974 5.0169, -12.6209 -1.1588 5.1459, -12.6355 -1.239 5.0356, -12.6694 -1.3222 4.927, -12.4615 -1.4538 4.9763, -12.4542 -1.4328 4.9646, -12.4518 -1.4108 4.9528, -12.4542 -1.3886 4.9414, -12.4615 -1.3671 4.9308, -12.4733 -1.347 4.9214, -12.5452 -1.5796 4.8696, -12.5231 -1.5693 4.8634, -12.5691 -1.5855 4.8742, -12.594 -1.587 4.877, -12.6188 -1.584 4.878, -12.6428 -1.5765 4.8771, -12.6648 -1.5648 4.8744, -12.6988 -1.6029 4.7228, -12.6501 -1.3089 4.9182, -12.6648 -1.3679 4.7937, -12.6988 -1.4298 4.6701, -12.6795 -1.4151 4.664, -12.7163 -1.4706 4.5082, -12.5378 -1.6221 4.7145, -12.5185 -1.6073 4.7083, -12.5026 -1.5892 4.7014, -12.4908 -1.5683 4.694, -12.4836 -1.5455 4.6865, -12.4811 -1.5217 4.679, -12.4836 -1.4977 4.672, -12.4908 -1.4746 4.6656, -12.5026 -1.4531 4.6601, -12.5185 -1.4342 4.6557, -12.5231 -1.3724 4.7827, -12.5452 -1.3608 4.7799, -12.5691 -1.3533 4.779, -12.594 -1.3502 4.78, -12.6188 -1.3517 4.7829, -12.6428 -1.3577 4.7875, -12.536 -1.6513 4.5263, -12.5202 -1.6325 4.5215, -12.5084 -1.6109 4.5165, -12.5011 -1.5874 4.5115, -12.4987 -1.5629 4.5067, -12.5011 -1.5383 4.5024, -12.5084 -1.5146 4.4986, -12.5598 -1.6329 4.7197, -12.5838 -1.6392 4.7237, -12.6013 -1.6847 4.538, -12.6086 -1.641 4.7265, -12.6262 -1.6868 4.5405, -12.6335 -1.638 4.7277, -12.6511 -1.684 4.5421, -12.6574 -1.6305 4.7275, -12.675 -1.6764 4.5428, -12.6795 -1.6186 4.7259, -12.697 -1.6645 4.5425, -12.5598 -1.4067 4.6509, -12.5378 -1.4185 4.6526, -12.5774 -1.4455 4.4917, -12.5553 -1.4574 4.492, -12.5921 -1.4642 4.3556, -12.57 -1.4761 4.3548, -12.6067 -1.4701 4.2181, -12.5847 -1.4819 4.2162, -12.6214 -1.463 4.0807, -12.5495 -1.5172 4.2131, -12.5377 -1.5393 4.212, -12.5305 -1.5633 4.2113, -12.528 -1.5883 4.211, -12.5305 -1.6132 4.2111, -12.5377 -1.6372 4.2116, -12.5495 -1.6594 4.2125, -12.5654 -1.6788 4.2138, -12.7163 -1.6485 4.5411, -12.7457 -1.6788 4.2289, -12.697 -1.4553 4.5037, -12.7117 -1.4751 4.3666, -12.7457 -1.4979 4.2296, -12.6086 -1.3962 4.652, -12.5838 -1.3991 4.6507, -12.6262 -1.4351 4.494, -12.6013 -1.4379 4.4923, -12.6409 -1.4541 4.3588, -12.616 -1.4568 4.357, -12.6555 -1.4604 4.2222, -12.6307 -1.4628 4.2202, -12.6702 -1.4537 4.0857, -12.6453 -1.456 4.0834, -12.6848 -1.4343 3.9501, -12.66 -1.4363 3.9476, -12.6995 -1.4025 3.8171, -12.5947 -1.4697 3.9356, -12.5994 -1.6863 4.0569, -12.6214 -1.6983 4.0576, -12.6453 -1.7057 4.0589, -12.6702 -1.7084 4.0607, -12.6951 -1.7061 4.063, -12.719 -1.6991 4.0657, -12.741 -1.6875 4.0687, -12.775 -1.6502 3.916, -12.7264 -1.482 4.2281, -12.741 -1.4758 4.0895, -12.775 -1.4726 3.9504, -12.7141 -1.3583 3.6873, -12.6746 -1.4043 3.8144, -12.6892 -1.3598 3.6845, -12.6507 -1.4107 3.8104, -12.6653 -1.3658 3.6799, -12.6286 -1.4215 3.8053, -12.6432 -1.3761 3.6738, -12.6239 -1.3903 3.6665, -12.5788 -1.4885 3.9306, -12.6081 -1.4079 3.6581, -12.567 -1.51 3.9254, -12.5963 -1.4281 3.649, -12.5598 -1.5334 3.9203, -12.589 -1.4502 3.6396, -12.5573 -1.5579 3.9153, -12.5866 -1.4733 3.6302, -12.5598 -1.5825 3.9108, -12.589 -1.4966 3.6212, -12.567 -1.6061 3.9068, -12.5963 -1.5191 3.6129, -12.5788 -1.628 3.9036, -12.6081 -1.54 3.6056, -12.5947 -1.6473 3.9012, -12.6239 -1.5585 3.5997, -12.6286 -1.6257 3.7456, -12.6432 -1.5739 3.5953, -12.6507 -1.6376 3.744, -12.6653 -1.5856 3.5927, -12.6746 -1.6451 3.7439, -12.66 -1.6827 3.8999, -12.6361 -1.6752 3.8993, -12.614 -1.6633 3.8997, -12.7557 -1.4566 3.9519, -12.7703 -1.4248 3.8167, -12.8042 -1.3959 3.6805, -12.7849 -1.3805 3.6849, -12.8293 -1.2906 3.463, -12.6335 -1.3979 4.6547, -12.6511 -1.4372 4.4964, -12.6657 -1.4564 4.3611, -12.6804 -1.4628 4.2243, -12.6951 -1.4564 4.0875, -12.7097 -1.4371 3.9517, -12.7243 -1.4054 3.8184, -12.739 -1.3613 3.6883, -12.6904 -1.2608 3.4672, -12.7143 -1.2556 3.4726, -12.7017 -1.312 3.5765, -12.7392 -1.2546 3.4757, -12.7266 -1.3107 3.5795, -12.6683 -1.4528 3.3505, -12.649 -1.4383 3.3573, -12.6331 -1.4209 3.3661, -12.6214 -1.4014 3.3766, -12.6141 -1.3805 3.3883, -12.6117 -1.359 3.401, -12.6141 -1.3376 3.4139, -12.6214 -1.3173 3.4267, -12.6331 -1.2989 3.4389, -12.649 -1.2829 3.45, -12.6683 -1.2701 3.4596, -12.8042 -1.5641 3.6137, -12.8293 -1.446 3.3702, -12.81 -1.4588 3.3607, -12.6782 -1.1159 3.2226, -12.6975 -1.105 3.2344, -12.6829 -1.1928 3.3432, -12.7196 -1.0974 3.2436, -12.705 -1.1844 3.3517, -12.7289 -1.1797 3.3576, -12.7538 -1.1789 3.3607, -12.6892 -1.5931 3.5919, -12.6904 -1.4639 3.346, -12.6829 -1.3646 3.2177, -12.6782 -1.2514 3.1027, -12.6623 -1.236 3.1145, -12.6506 -1.2188 3.1285, -12.6433 -1.2004 3.1439, -12.6409 -1.1816 3.1603, -12.6433 -1.163 3.177, -12.6506 -1.1454 3.1934, -12.6623 -1.1295 3.2088, -12.7122 -1.1519 2.9779, -12.6975 -1.2644 3.0934, -12.7196 -1.2744 3.0869, -12.705 -1.3752 3.2122, -12.7289 -1.3823 3.2095, -12.7143 -1.4711 3.344, -12.7392 -1.4743 3.3446, -12.7141 -1.5961 3.5929, -12.739 -1.5946 3.5957, -12.7243 -1.6463 3.7479, -12.7483 -1.6399 3.7519, -12.7336 -1.6768 3.9073, -12.7557 -1.6655 3.9114, -12.8392 -1.2722 3.1022, -12.8246 -1.3716 3.2272, -12.8585 -1.2614 3.114, -12.81 -1.2761 3.4697, -12.8246 -1.1998 3.3528, -12.8585 -1.1259 3.2339, -12.7076 -0.907 3.0282, -12.727 -0.8986 3.0418, -12.7122 -1.0065 3.1333, -12.749 -0.8928 3.0523, -12.7343 -0.9997 3.1432, -12.7729 -0.8899 3.0592, -12.7582 -0.9962 3.1499, -12.7978 -0.8901 3.0625, -12.6918 -0.9179 3.0121, -12.68 -0.9306 2.994, -12.6727 -0.9448 2.9746, -12.6703 -0.9599 2.9547, -12.6727 -0.9754 2.9351, -12.68 -0.9905 2.9165, -12.6918 -1.0048 2.8996, -12.7076 -1.0178 2.8851, -12.727 -1.0288 2.8735, -12.7343 -1.1613 2.9706, -12.7435 -1.2812 3.0836, -12.7538 -1.3855 3.2097, -12.764 -1.4733 3.3476, -12.7629 -1.5886 3.6003, -12.7703 -1.629 3.757, -12.7849 -1.5783 3.6064, -12.788 -1.468 3.3531, -12.7786 -1.3848 3.2128, -12.7684 -1.2845 3.0835, -12.7582 -1.1677 2.9666, -12.749 -1.0375 2.8653, -12.7831 -1.1709 2.9663, -12.808 -1.1708 2.9695, -12.8319 -1.1673 2.9762, -12.8539 -1.1605 2.986, -12.888 -1.0297 2.8943, -12.7729 -1.0435 2.8607, -12.7978 -1.0467 2.8601, -12.8227 -1.0468 2.8633, -12.8466 -1.0439 2.8703, -12.8686 -1.0382 2.8807, -12.8392 -1.1129 3.2433, -12.8539 -1.0151 3.1414, -12.888 -0.919 3.0374, -12.737 -0.6657 2.8761, -12.7563 -0.6599 2.891, -12.7416 -0.7829 2.9609, -12.7783 -0.6562 2.9024, -12.7637 -0.7781 2.9719, -12.7876 -0.7759 2.9791, -12.8125 -0.7763 2.9823, -12.7416 -0.8968 2.7812, -12.737 -0.7479 2.7148, -12.7211 -0.7379 2.7315, -12.7093 -0.727 2.7508, -12.7021 -0.7155 2.7719, -12.6996 -0.704 2.794, -12.7021 -0.6929 2.8164, -12.7093 -0.6825 2.838, -12.7211 -0.6733 2.8582, -12.7637 -0.9047 2.7722, -12.7876 -0.9102 2.7671, -12.8125 -0.9133 2.7661, -12.8373 -0.9138 2.7693, -12.8613 -0.9116 2.7765, -12.8833 -0.9068 2.7875, -12.9173 -0.7613 2.7217, -12.8686 -0.908 3.049, -12.8833 -0.7929 2.9672, -12.9173 -0.6792 2.8829, -12.7664 -0.3983 2.771, -12.7857 -0.3954 2.7867, -12.771 -0.5302 2.8326, -12.8078 -0.3938 2.7985, -12.793 -0.5276 2.8443, -12.8317 -0.3937 2.8061, -12.817 -0.5268 2.8518, -12.8566 -0.395 2.809, -12.7505 -0.4024 2.752, -12.7388 -0.4076 2.7304, -12.7315 -0.4138 2.7072, -12.7291 -0.4205 2.6832, -12.7315 -0.4277 2.6593, -12.7388 -0.435 2.6364, -12.7505 -0.4421 2.6155, -12.7664 -0.4488 2.5972, -12.8022 -0.7686 2.6861, -12.8271 -0.7716 2.6849, -12.852 -0.7723 2.688, -12.8759 -0.7708 2.6954, -12.898 -0.7671 2.7068, -12.9467 -0.4633 2.6014, -12.898 -0.6705 2.8964, -12.9127 -0.5413 2.837, -12.9467 -0.4128 2.7752, -12.7954 -0.1193 2.7178, -12.8147 -0.1193 2.7338, -12.8002 -0.2587 2.7539, -12.8368 -0.12 2.7458, -12.8223 -0.2582 2.7659, -12.8462 -0.2588 2.7734, -12.8711 -0.2604 2.7762, -12.8002 -0.299 2.545, -12.8223 -0.303 2.5337, -12.8462 -0.3064 2.527, -12.8711 -0.3089 2.525, -12.8959 -0.3105 2.5278, -12.9199 -0.3111 2.5353, -12.9419 -0.3106 2.5473, -12.9757 -0.152 2.5392, -12.9274 -0.4068 2.79, -12.9419 -0.2703 2.7562, -12.9757 -0.1343 2.7193, -12.9564 -0.1311 2.735, -12.9931 0.0366 2.7108, -12.8542 0.0479 2.7387, -12.8321 0.0499 2.7269, -12.8128 0.0517 2.711, -12.7795 -0.1198 2.6984, -12.797 0.0533 2.6916, -12.7678 -0.121 2.6763, -12.7852 0.0545 2.6695, -12.7605 -0.1228 2.6523, -12.7779 0.0555 2.6455, -12.7581 -0.125 2.6275, -12.7755 0.056 2.6205, -12.7605 -0.1277 2.6027, -12.7779 0.0561 2.5956, -12.7678 -0.1306 2.5788, -12.7852 0.0558 2.5716, -12.7795 -0.1338 2.5569, -12.797 0.0551 2.5494, -12.7954 -0.137 2.5377, -12.8128 0.054 2.53, -12.8542 0.0509 2.5022, -12.8607 -0.1458 2.5034, -12.8781 0.049 2.4949, -12.8856 -0.1482 2.5012, -12.903 0.047 2.4925, -12.9104 -0.15 2.5038, -12.9278 0.0449 2.4949, -12.9344 -0.1513 2.5113, -12.9518 0.0428 2.5021, -12.9564 -0.152 2.5232, -12.9738 0.0408 2.5139, -12.8421 0.3382 2.7424, -12.8614 0.3334 2.7577, -12.8468 0.1923 2.7357, -12.8835 0.3293 2.7689, -12.8688 0.1892 2.7472, -12.9074 0.3259 2.7757, -12.8927 0.1864 2.7542, -12.9322 0.3233 2.7777, -12.8468 0.2149 2.5241, -12.8688 0.2143 2.5121, -12.8927 0.2131 2.5047, -12.9176 0.2112 2.502, -12.9425 0.2089 2.5042, -12.9664 0.2062 2.5113, -12.9884 0.2031 2.5228, -13.0224 0.3593 2.5621, -12.9931 0.0389 2.5298, -12.9738 0.038 2.7267, -12.9884 0.1805 2.7344, -13.0224 0.3234 2.7394, -12.8714 0.6153 2.8269, -12.8907 0.6078 2.841, -12.8761 0.4724 2.7929, -12.9128 0.6016 2.8513, -12.8981 0.4673 2.8037, -12.922 0.4632 2.8101, -12.9469 0.4605 2.8118, -12.8981 0.5356 2.5774, -12.8907 0.6881 2.644, -12.8761 0.534 2.5892, -12.8714 0.6836 2.6593, -12.8421 0.3741 2.5651, -12.8556 0.6775 2.6778, -12.8262 0.3716 2.5844, -12.8438 0.67 2.6987, -12.8144 0.3681 2.6062, -12.8365 0.6615 2.7211, -12.8072 0.364 2.6299, -12.8341 0.6523 2.7443, -12.8047 0.3592 2.6544, -12.8365 0.6427 2.7673, -12.8072 0.3541 2.6788, -12.8438 0.6331 2.7893, -12.8144 0.3487 2.7022, -12.8556 0.6238 2.8095, -12.8262 0.3433 2.7237, -12.8835 0.3762 2.5372, -12.8614 0.3757 2.5492, -13.0031 0.3218 2.7554, -13.0177 0.4611 2.7895, -13.0517 0.6013 2.8212, -12.9007 0.8725 2.9621, -12.9201 0.8625 2.9746, -12.9054 0.7382 2.9018, -12.9421 0.8546 2.9835, -12.9274 0.7311 2.9114, -12.966 0.8489 2.9885, -12.9514 0.7259 2.9169, -12.9909 0.8458 2.9895, -12.9128 0.6908 2.6324, -12.9054 0.8365 2.7131, -12.8849 0.8842 2.9465, -12.8731 0.897 2.9285, -12.8658 0.9106 2.9087, -12.8634 0.9243 2.8878, -12.8658 0.9377 2.8668, -12.8731 0.9502 2.8463, -12.8849 0.9614 2.8272, -12.9007 0.9708 2.8102, -12.9201 0.9781 2.7959, -12.9274 0.8404 2.7018, -12.9367 0.6917 2.6249, -12.9469 0.5346 2.5669, -12.9571 0.3716 2.5289, -13.0517 0.6696 2.6536, -13.0811 0.9582 2.802, -13.0471 0.826 2.7076, -13.0617 0.9682 2.7895, -13.0397 0.9761 2.7806, -13.0324 0.5968 2.8366, -13.0471 0.7276 2.8963, -13.0811 0.8599 2.9539, -13.0617 0.8526 2.9681, -13.1063 1.0598 3.1051, -12.9259 1.1924 2.9811, -12.9101 1.1804 2.9963, -12.8983 1.1663 3.0134, -12.8911 1.1506 3.0316, -12.8886 1.1341 3.0503, -12.8911 1.1172 3.0686, -12.8983 1.1006 3.086, -12.9101 1.085 3.1018, -12.9259 1.071 3.1153, -12.9453 1.0592 3.126, -12.9673 1.0499 3.1335, -12.96 1.3189 3.0848, -12.9453 1.2019 2.9682, -12.9673 1.2085 2.9582, -12.9421 0.983 2.785, -12.966 0.9853 2.7778, -12.9514 0.842 2.6944, -12.9762 0.8413 2.6913, -12.9616 0.6907 2.6218, -12.9864 0.6879 2.6233, -12.9718 0.5318 2.5686, -12.9957 0.5278 2.575, -12.981 0.3682 2.5356, -13.0031 0.3641 2.5468, -13.041 1.2088 2.9486, -13.0649 1.2024 2.9527, -13.0869 1.1931 2.9602, -13.1063 1.1812 2.9709, -12.9554 1.2685 3.3322, -12.9747 1.2549 3.3405, -12.96 1.162 3.2285, -12.9967 1.2443 3.3461, -12.982 1.152 3.2351, -13.0206 1.2373 3.3489, -13.0059 1.1453 3.2386, -13.0455 1.2341 3.3487, -12.9395 1.2848 3.3215, -12.9277 1.303 3.3089, -12.9205 1.3225 3.295, -12.918 1.3426 3.2801, -12.9205 1.3623 3.2648, -12.9277 1.3811 3.2499, -12.9395 1.3982 3.2357, -12.9554 1.4128 3.223, -12.9747 1.4245 3.2121, -12.982 1.3263 3.0754, -12.9912 1.2119 2.9514, -12.9909 0.9849 2.7746, -13.0011 0.8383 2.6925, -13.0104 0.6833 2.6293, -13.0177 0.5226 2.5858, -13.0324 0.6771 2.6395, -13.025 0.8331 2.698, -13.0158 0.9818 2.7755, -13.0161 1.212 2.9482, -13.0059 1.3304 3.069, -12.9967 1.4328 3.2035, -13.0308 1.3308 3.0658, -13.0557 1.3275 3.066, -13.0796 1.3208 3.0694, -13.1017 1.3109 3.076, -13.1357 1.4037 3.2109, -13.0206 1.4374 3.1975, -13.0455 1.4381 3.1943, -13.0704 1.4349 3.1942, -13.0943 1.4279 3.1969, -13.1164 1.4174 3.2026, -13.0869 1.0504 3.118, -13.1017 1.154 3.2198, -13.1357 1.2594 3.3201, -12.9845 1.4216 3.5808, -13.0039 1.4067 3.5864, -12.9893 1.3364 3.4598, -13.0259 1.3953 3.59, -13.0113 1.3254 3.4645, -13.0352 1.3181 3.4666, -13.0601 1.315 3.4661, -12.9893 1.5173 3.3477, -12.9845 1.5837 3.5002, -12.9687 1.5669 3.51, -12.9569 1.5475 3.5207, -12.9496 1.5263 3.532, -12.9472 1.504 3.5433, -12.9496 1.4816 3.5542, -12.9569 1.4598 3.5643, -12.9687 1.4396 3.5733, -13.0113 1.5264 3.34, -13.0352 1.5315 3.3344, -13.0601 1.5325 3.3313, -13.085 1.5293 3.3309, -13.1089 1.522 3.333, -13.1309 1.511 3.3377, -13.1649 1.5769 3.4866, -13.1164 1.2477 3.331, -13.1309 1.3302 3.4497, -13.1649 1.4149 3.5672, -13.0137 1.5262 3.8539, -13.033 1.5104 3.8567, -13.0184 1.4648 3.719, -13.055 1.4985 3.8582, -13.0405 1.4531 3.7215, -13.0644 1.4456 3.7223, -12.9978 1.5452 3.8499, -12.986 1.5667 3.8449, -12.9788 1.59 3.8389, -12.9763 1.6141 3.8323, -12.9788 1.638 3.8253, -12.986 1.661 3.8182, -12.9978 1.682 3.8113, -13.0137 1.7003 3.8047, -13.0498 1.6126 3.4797, -13.0747 1.6138 3.4767, -13.0996 1.6107 3.4759, -13.1235 1.6033 3.4774, -13.1455 1.5919 3.481, -13.194 1.6962 3.7902, -13.1455 1.4014 3.5758, -13.1601 1.4605 3.7079, -13.194 1.522 3.8394, -13.0428 1.5786 4.1429, -13.0622 1.5626 4.1427, -13.0476 1.5431 3.9984, -13.0842 1.5507 4.142, -13.0696 1.5312 3.9987, -13.1081 1.5433 4.1406, -13.0935 1.5236 3.9981, -13.133 1.5406 4.1388, -13.0476 1.7524 3.9598, -13.0696 1.7637 3.9558, -13.0935 1.7704 3.9526, -13.1184 1.7725 3.9501, -13.1433 1.7697 3.9485, -13.1672 1.7622 3.9478, -13.1893 1.7502 3.9481, -13.2232 1.7575 4.1117, -13.1747 1.5072 3.8453, -13.1893 1.541 3.9867, -13.2232 1.5773 4.1279, -13.0722 1.5764 4.4395, -13.0915 1.5607 4.4364, -13.0768 1.5686 4.2895, -13.1136 1.5492 4.4334, -13.0989 1.5568 4.2876, -13.1375 1.5421 4.4307, -13.1228 1.5495 4.2855, -13.1624 1.5399 4.4283, -13.1477 1.5471 4.2834, -13.1228 1.8005 4.2866, -13.1136 1.7844 4.4565, -13.0989 1.7932 4.2886, -13.0915 1.7725 4.4572, -13.0768 1.7814 4.2904, -13.0722 1.7565 4.4572, -13.0428 1.7589 4.1268, -13.0563 1.7371 4.4567, -13.027 1.7397 4.1298, -13.0446 1.715 4.4555, -13.0152 1.7177 4.1328, -13.0373 1.691 4.4537, -13.0079 1.6939 4.1355, -13.0349 1.6662 4.4515, -13.0055 1.669 4.138, -13.0373 1.6413 4.4488, -13.0079 1.6441 4.14, -13.0446 1.6175 4.4459, -13.0152 1.6202 4.1415, -13.0563 1.5956 4.4427, -13.027 1.5981 4.1425, -13.1081 1.7932 4.1182, -13.0842 1.7862 4.1209, -13.0622 1.7746 4.1238, -13.2038 1.5616 4.1309, -13.2185 1.5687 4.2776, -13.2525 1.5779 4.4245, -13.2332 1.5619 4.4245, -13.27 1.5519 4.5995, -13.109 1.7417 4.6536, -13.0896 1.7258 4.6519, -13.0738 1.7065 4.6491, -13.062 1.6847 4.6455, -13.0547 1.6611 4.6411, -13.0523 1.6366 4.6361, -13.0547 1.6122 4.6307, -13.062 1.5889 4.6252, -13.0738 1.5675 4.6196, -13.0896 1.5488 4.6143, -13.109 1.5335 4.6094, -13.131 1.5224 4.6051, -13.1549 1.5157 4.6016, -13.1798 1.5137 4.5991, -13.2525 1.758 4.4422, -13.27 1.7289 4.6371, -13.2506 1.7441 4.642, -13.119 1.459 4.8985, -13.1383 1.445 4.8908, -13.1236 1.4959 4.7521, -13.1604 1.4348 4.8845, -13.1457 1.4852 4.7468, -13.1696 1.4788 4.7427, -13.1945 1.4771 4.74, -13.1375 1.7919 4.4552, -13.131 1.7536 4.6543, -13.1236 1.699 4.8156, -13.119 1.6259 4.9684, -13.1031 1.6075 4.9621, -13.0913 1.5868 4.9545, -13.0841 1.5644 4.9458, -13.0816 1.5413 4.9363, -13.0841 1.5183 4.9265, -13.0913 1.4964 4.9166, -13.1031 1.4764 4.9072, -13.153 1.5689 5.1243, -13.1383 1.6412 4.973, -13.1604 1.6529 4.9759, -13.1457 1.7108 4.8173, -13.1696 1.7184 4.8176, -13.1549 1.7612 4.6538, -13.1798 1.764 4.6523, -13.1624 1.7945 4.4534, -13.1872 1.7923 4.4511, -13.1726 1.8005 4.2825, -13.1965 1.7933 4.2804, -13.1818 1.7854 4.1127, -13.2038 1.7735 4.1119, -13.28 1.6458 4.9621, -13.2653 1.7025 4.8042, -13.2993 1.6318 4.9545, -13.2506 1.536 4.5978, -13.2653 1.4995 4.7407, -13.2993 1.4649 4.8845, -13.1483 1.3176 5.1613, -13.1676 1.3052 5.1512, -13.153 1.3812 5.0242, -13.1896 1.2964 5.1431, -13.175 1.3717 5.017, -13.2136 1.2914 5.1374, -13.1989 1.3662 5.0118, -13.2384 1.2905 5.1343, -13.1324 1.333 5.1731, -13.1206 1.351 5.1861, -13.1134 1.3707 5.1998, -13.1109 1.3914 5.2138, -13.1134 1.4123 5.2274, -13.1206 1.4327 5.2401, -13.1324 1.4517 5.2514, -13.1483 1.4686 5.261, -13.1676 1.4827 5.2684, -13.175 1.5802 5.1283, -13.1843 1.6603 4.9769, -13.1945 1.7213 4.8163, -13.2047 1.762 4.6497, -13.2112 1.7852 4.4484, -13.2185 1.7814 4.2785, -13.2332 1.7736 4.4454, -13.2286 1.7553 4.6463, -13.2194 1.7196 4.8136, -13.2091 1.6634 4.9759, -13.1989 1.5876 5.1299, -13.1896 1.4936 5.2734, -13.2238 1.5908 5.1293, -13.2487 1.5896 5.1263, -13.2726 1.5841 5.1211, -13.2946 1.5745 5.1139, -13.3286 1.4769 5.2484, -13.2136 1.5008 5.2758, -13.2384 1.504 5.2754, -13.2633 1.5031 5.2723, -13.2872 1.4981 5.2666, -13.3093 1.4893 5.2585, -13.28 1.4496 4.8799, -13.2946 1.3868 5.0137, -13.3286 1.3259 5.1487, -13.1776 1.1294 5.394, -13.1969 1.1191 5.3817, -13.1822 1.2176 5.2707, -13.2189 1.1119 5.3722, -13.2043 1.2096 5.2619, -13.2282 1.2052 5.2557, -13.2531 1.2046 5.2526, -13.1822 1.3835 5.404, -13.1776 1.2593 5.52, -13.1617 1.2444 5.5075, -13.1499 1.2279 5.4928, -13.1427 1.2102 5.4765, -13.1402 1.1922 5.4593, -13.1427 1.1744 5.4417, -13.1499 1.1576 5.4246, -13.1617 1.1424 5.4085, -13.2043 1.3938 5.41, -13.2282 1.4008 5.413, -13.2531 1.404 5.4129, -13.278 1.4034 5.4098, -13.3019 1.399 5.4036, -13.3239 1.3909 5.3948, -13.3579 1.2698 5.5092, -13.3093 1.3118 5.1413, -13.3239 1.2251 5.2615, -13.3579 1.14 5.3832, -13.2059 0.9081 5.5828, -13.2252 0.9002 5.5689, -13.2111 1.014 5.4802, -13.2473 0.8948 5.5582, -13.2331 1.0077 5.47, -13.2712 0.8922 5.5511, -13.257 1.0045 5.4632, -13.2961 0.8925 5.5479, -13.1901 0.9182 5.5993, -13.1783 0.9303 5.6179, -13.171 0.9437 5.6378, -13.1686 0.958 5.6583, -13.171 0.9727 5.6785, -13.1783 0.9871 5.6977, -13.1901 1.0007 5.7151, -13.2059 1.0131 5.7301, -13.2428 1.2882 5.5405, -13.2677 1.2914 5.5407, -13.2926 1.2911 5.5375, -13.3165 1.2873 5.531, -13.3386 1.2801 5.5215, -13.3862 1.0254 5.7214, -13.3386 1.1274 5.3732, -13.3527 1.023 5.4725, -13.3862 0.9204 5.574, -13.2352 0.6476 5.7329, -13.2545 0.6424 5.7178, -13.2399 0.7748 5.6493, -13.2765 0.6391 5.7063, -13.2619 0.7705 5.6381, -13.3004 0.6379 5.6988, -13.2858 0.7686 5.6308, -13.3253 0.6387 5.6957, -13.3107 0.7691 5.6276, -13.2399 0.8816 5.8333, -13.2619 0.8892 5.8426, -13.2858 0.8945 5.8479, -13.3107 0.8976 5.849, -13.3356 0.8981 5.8458, -13.3595 0.8962 5.8385, -13.3815 0.8919 5.8273, -13.4155 0.7371 5.8909, -13.3669 0.9098 5.562, -13.3815 0.7851 5.6433, -13.4155 0.6613 5.7266, -13.2645 0.3611 5.8327, -13.2839 0.3588 5.8169, -13.2692 0.5031 5.774, -13.3059 0.3578 5.8049, -13.2912 0.5009 5.7622, -13.3298 0.3579 5.7974, -13.3151 0.5003 5.7547, -13.3547 0.3594 5.7945, -13.34 0.5015 5.7516, -13.2352 0.7234 5.8972, -13.2545 0.7316 5.911, -13.2692 0.5737 5.9746, -13.2765 0.7382 5.9209, -13.2912 0.5794 5.9852, -13.3004 0.7431 5.9267, -13.3151 0.5837 5.9914, -13.3253 0.746 5.9281, -13.34 0.5865 5.993, -13.3502 0.7468 5.925, -13.3649 0.5877 5.99, -13.3741 0.7456 5.9175, -13.3888 0.5871 5.9825, -13.3962 0.7423 5.906, -13.4108 0.5849 5.9707, -13.4449 0.4197 6.0046, -13.2193 0.7141 5.8802, -13.2075 0.7039 5.8605, -13.2003 0.6933 5.839, -13.1978 0.6827 5.8164, -13.2003 0.6724 5.7936, -13.2075 0.6629 5.7716, -13.2193 0.6545 5.7511, -13.3962 0.6531 5.7128, -13.4108 0.5142 5.77, -13.4449 0.3758 5.829, -13.2937 0.0623 5.8774, -13.3131 0.063 5.8615, -13.2985 0.2121 5.846, -13.3351 0.0641 5.8496, -13.3205 0.2121 5.834, -13.359 0.0657 5.8422, -13.3444 0.213 5.8265, -13.3839 0.0676 5.8396, -13.3693 0.2147 5.8238, -13.2645 0.405 6.0082, -13.2839 0.4104 6.0233, -13.2985 0.2442 6.0563, -13.3059 0.4151 6.0343, -13.3205 0.2478 6.0677, -13.3298 0.4188 6.0409, -13.3444 0.2509 6.0746, -13.3547 0.4214 6.0428, -13.3693 0.2533 6.0768, -13.3796 0.4228 6.0399, -13.3942 0.255 6.074, -13.4035 0.423 6.0323, -13.4181 0.2559 6.0665, -13.4255 0.4219 6.0204, -13.4401 0.2559 6.0545, -13.4741 0.0879 6.0572, -13.2487 0.399 5.9897, -13.2369 0.3927 5.9685, -13.2296 0.3863 5.9454, -13.2272 0.38 5.9212, -13.2296 0.3742 5.8969, -13.2369 0.369 5.8735, -13.2487 0.3645 5.8518, -13.4255 0.3704 5.814, -13.4401 0.2238 5.8442, -13.4741 0.0773 5.8766, -13.3229 -0.2404 5.8659, -13.3422 -0.2368 5.8503, -13.3276 -0.087 5.8629, -13.3643 -0.2334 5.8388, -13.3497 -0.0848 5.8512, -13.3882 -0.2305 5.8319, -13.3736 -0.0825 5.844, -13.4131 -0.2281 5.8297, -13.3985 -0.0804 5.8416, -13.2937 0.0729 6.0581, -13.3131 0.0754 6.0739, -13.3276 -0.0944 6.0756, -13.3351 0.0779 6.0856, -13.3497 -0.093 6.0874, -13.359 0.0804 6.0927, -13.3736 -0.0912 6.0948, -13.3839 0.0826 6.0951, -13.3985 -0.0892 6.0973, -13.4088 0.0845 6.0925, -13.4233 -0.087 6.0949, -13.4327 0.0861 6.0851, -13.4473 -0.0848 6.0877, -13.4547 0.0873 6.0732, -13.4693 -0.0825 6.076, -13.5032 -0.2484 6.0473, -13.2779 0.0704 6.0388, -13.2661 0.0681 6.0168, -13.2588 0.0661 5.9929, -13.2564 0.0644 5.968, -13.2588 0.0632 5.943, -13.2661 0.0624 5.919, -13.2779 0.0621 5.8969, -13.4547 0.0748 5.8608, -13.4693 -0.0752 5.8633, -13.5032 -0.2254 5.8678, -13.3521 -0.5367 5.7984, -13.3714 -0.5302 5.7838, -13.3568 -0.3849 5.8239, -13.3934 -0.5248 5.7731, -13.3788 -0.3805 5.8128, -13.4173 -0.5207 5.7668, -13.4028 -0.377 5.8061, -13.4422 -0.5179 5.7651, -13.4276 -0.3744 5.8042, -13.3229 -0.2634 6.0454, -13.3422 -0.2638 6.0614, -13.3568 -0.4315 6.0315, -13.3643 -0.2635 6.0733, -13.3788 -0.4323 6.0434, -13.3882 -0.2624 6.0808, -13.4028 -0.4319 6.051, -13.4131 -0.2607 6.0835, -13.4276 -0.4304 6.0538, -13.4379 -0.2583 6.0813, -13.4525 -0.4279 6.0519, -13.4618 -0.2554 6.0744, -13.4764 -0.4243 6.0452, -13.4839 -0.2521 6.0629, -13.4985 -0.4199 6.0341, -13.5324 -0.5782 5.9752, -13.307 -0.2623 6.026, -13.2953 -0.2604 6.0039, -13.288 -0.258 5.98, -13.2855 -0.255 5.9552, -13.288 -0.2516 5.9305, -13.2953 -0.248 5.9068, -13.307 -0.2442 5.885, -13.4839 -0.225 5.8518, -13.4985 -0.3734 5.8265, -13.5324 -0.5223 5.8031, -13.3815 -0.8187 5.6754, -13.4008 -0.8096 5.6623, -13.3861 -0.6727 5.7297, -13.4229 -0.8023 5.6528, -13.4081 -0.6663 5.7196, -13.4321 -0.6616 5.7137, -13.4569 -0.6587 5.7122, -13.3521 -0.5926 5.9705, -13.3714 -0.5959 5.9862, -13.3861 -0.7571 5.925, -13.3934 -0.5978 5.998, -13.4081 -0.76 5.9366, -13.4173 -0.5982 6.0055, -13.4321 -0.7611 5.9441, -13.4422 -0.5969 6.0085, -13.4569 -0.7602 5.9472, -13.4671 -0.5942 6.0068, -13.4818 -0.7573 5.9457, -13.491 -0.59 6.0005, -13.5057 -0.7525 5.9399, -13.5131 -0.5846 5.9898, -13.5278 -0.7462 5.9297, -13.5618 -0.8924 5.8414, -13.3362 -0.5878 5.9517, -13.3244 -0.5819 5.9303, -13.3172 -0.5751 5.9073, -13.3147 -0.5676 5.8835, -13.3172 -0.5597 5.8598, -13.3244 -0.5517 5.8372, -13.3362 -0.5439 5.8165, -13.5131 -0.519 5.7875, -13.5278 -0.6618 5.7344, -13.5618 -0.8054 5.6827, -13.4106 -1.0712 5.5034, -13.43 -1.0599 5.4921, -13.4154 -0.9386 5.583, -13.452 -1.0509 5.4841, -13.4374 -0.9304 5.5743, -13.4614 -0.9247 5.5694, -13.3815 -0.9057 5.8341, -13.4008 -0.9119 5.8488, -13.4154 -1.0578 5.7593, -13.4229 -0.916 5.8601, -13.4374 -1.0629 5.7701, -13.4468 -0.9177 5.8674, -13.4614 -1.0653 5.7773, -13.4717 -0.9171 5.8706, -13.4862 -1.0649 5.7805, -13.4965 -0.9141 5.8694, -13.5111 -1.0618 5.7796, -13.5205 -0.9088 5.864, -13.535 -1.0561 5.7747, -13.5425 -0.9015 5.8545, -13.5571 -1.048 5.7659, -13.591 -1.1744 5.6528, -13.3656 -0.8975 5.8164, -13.3539 -0.8877 5.7966, -13.3466 -0.8767 5.7752, -13.3442 -0.8649 5.7533, -13.3466 -0.8527 5.7315, -13.3539 -0.8406 5.7107, -13.3656 -0.8291 5.6918, -13.5425 -0.7992 5.668, -13.5571 -0.9287 5.5897, -13.591 -1.0595 5.513, -13.4397 -1.2875 5.2876, -13.459 -1.2743 5.2787, -13.4445 -1.172 5.3905, -13.4811 -1.264 5.2725, -13.4665 -1.1623 5.3834, -13.505 -1.2572 5.2693, -13.4905 -1.1558 5.3796, -13.5299 -1.2539 5.2694, -13.3948 -1.0845 5.5175, -13.4238 -1.3032 5.2991, -13.383 -1.0994 5.534, -13.4121 -1.3208 5.3125, -13.3757 -1.1151 5.5521, -13.4048 -1.3396 5.3275, -13.3733 -1.1311 5.5713, -13.4023 -1.3589 5.3434, -13.3757 -1.1468 5.5907, -13.4048 -1.3779 5.3596, -13.383 -1.1615 5.6096, -13.4121 -1.3959 5.3754, -13.3948 -1.1748 5.6274, -13.4238 -1.4122 5.3904, -13.4106 -1.1861 5.6432, -13.4397 -1.4262 5.4039, -13.43 -1.1949 5.6565, -13.4445 -1.3217 5.5417, -13.5496 -1.1947 5.672, -13.5716 -1.1858 5.664, -13.5641 -1.3229 5.5571, -13.5862 -1.3133 5.55, -13.5786 -1.44 5.4306, -13.6007 -1.4297 5.4244, -13.5932 -1.5454 5.2931, -13.5716 -1.0507 5.4996, -13.5862 -1.1635 5.3988, -13.62 -1.2778 5.2992, -13.4688 -1.4614 5.034, -13.4882 -1.4468 5.0276, -13.4736 -1.3663 5.1572, -13.5102 -1.4356 5.0234, -13.4956 -1.3555 5.152, -13.5196 -1.3484 5.1495, -13.5444 -1.3452 5.1499, -13.459 -1.4374 5.4153, -13.4736 -1.5413 5.2782, -13.4688 -1.6192 5.1225, -13.453 -1.603 5.1119, -13.4412 -1.5842 5.1002, -13.4339 -1.5635 5.0879, -13.4315 -1.5419 5.0755, -13.4339 -1.52 5.0635, -13.4412 -1.4988 5.0523, -13.453 -1.479 5.0423, -13.5008 -1.204 5.6769, -13.5257 -1.2009 5.6763, -13.5153 -1.3327 5.5612, -13.5402 -1.3294 5.5609, -13.5299 -1.4501 5.4337, -13.5547 -1.4468 5.4338, -13.5444 -1.5557 5.2953, -13.5693 -1.5525 5.2956, -13.559 -1.6482 5.1475, -13.5839 -1.6451 5.1481, -13.5737 -1.7274 4.99, -13.62 -1.4165 5.4155, -13.6492 -1.6118 5.1357, -13.6153 -1.5346 5.2879, -13.6298 -1.6265 5.1421, -13.6078 -1.6377 5.1463, -13.6007 -1.2667 5.2878, -13.6153 -1.3595 5.167, -13.6492 -1.4541 5.0471, -13.4983 -1.5867 4.7488, -13.5176 -1.5711 4.7453, -13.5029 -1.5156 4.8895, -13.5396 -1.5594 4.7433, -13.5249 -1.504 4.8864, -13.5488 -1.4966 4.8853, -13.4824 -1.6056 4.7537, -13.4706 -1.6268 4.7598, -13.4634 -1.6498 4.7669, -13.4609 -1.6735 4.7746, -13.4634 -1.6971 4.7828, -13.4706 -1.7197 4.791, -13.4824 -1.7403 4.7989, -13.4983 -1.7583 4.8064, -13.452 -1.201 5.6668, -13.4759 -1.2041 5.6737, -13.4665 -1.3287 5.5514, -13.4905 -1.3324 5.558, -13.4811 -1.4452 5.4244, -13.505 -1.4495 5.4306, -13.4956 -1.55 5.2864, -13.5196 -1.5549 5.2922, -13.5102 -1.6417 5.1391, -13.5341 -1.6471 5.1444, -13.5249 -1.7202 4.9823, -13.5488 -1.726 4.9871, -13.5396 -1.7835 4.8185, -13.5636 -1.7898 4.8227, -13.5542 -1.8308 4.651, -13.5986 -1.7243 4.9909, -13.6225 -1.7168 4.9897, -13.6446 -1.7053 4.9866, -13.6786 -1.7535 4.8207, -13.5884 -1.7914 4.8254, -13.6133 -1.7884 4.8266, -13.6372 -1.7809 4.8262, -13.6593 -1.7691 4.8242, -13.6298 -1.441 5.0379, -13.6446 -1.5108 4.9004, -13.6786 -1.5819 4.7631, -13.5274 -1.6563 4.4476, -13.5467 -1.6403 4.447, -13.5322 -1.6126 4.5979, -13.5688 -1.6284 4.4473, -13.5542 -1.6007 4.597, -13.5927 -1.6209 4.4482, -13.5781 -1.5931 4.5973, -13.6176 -1.6182 4.45, -13.4882 -1.6323 5.1317, -13.5029 -1.7101 4.9758, -13.5176 -1.7729 4.813, -13.5322 -1.8197 4.6465, -13.5115 -1.6757 4.449, -13.4998 -1.6977 4.451, -13.4925 -1.7216 4.4537, -13.4901 -1.7464 4.4569, -13.4925 -1.7711 4.4606, -13.4998 -1.7947 4.4645, -13.5115 -1.8165 4.4685, -13.5274 -1.8355 4.4725, -13.5467 -1.8511 4.4762, -13.5781 -1.8375 4.6546, -13.603 -1.8394 4.6572, -13.6279 -1.8365 4.6587, -13.6518 -1.829 4.659, -13.6738 -1.817 4.6581, -13.7077 -1.8335 4.4874, -13.6593 -1.5674 4.7566, -13.6738 -1.6099 4.6094, -13.7077 -1.6542 4.4626, -13.6884 -1.6387 4.4588, -13.7334 -1.671 4.1897, -12.6574 -1.4043 4.6588, -12.675 -1.444 4.4997, -12.6897 -1.4635 4.3638, -12.7043 -1.4701 4.2263, -12.719 -1.4638 4.0888, -12.7336 -1.4447 3.9523, -12.7483 -1.413 3.8182, -12.7629 -1.3689 3.6875, -12.788 -1.265 3.4742, -12.764 -1.2578 3.4762, -12.8026 -1.1892 3.3583, -12.7786 -1.1822 3.361, -12.8172 -1.1028 3.2497, -12.7932 -1.096 3.253, -12.8319 -1.0057 3.1488, -12.808 -0.9992 3.1527, -12.8466 -0.8993 3.0573, -12.8227 -0.8932 3.0618, -12.8613 -0.785 2.9762, -12.8373 -0.7794 2.9813, -12.8759 -0.6635 2.9061, -12.852 -0.6584 2.9116, -12.8906 -0.5352 2.8473, -12.8667 -0.5307 2.8533, -12.9054 -0.4017 2.8008, -12.8814 -0.3977 2.8073, -12.9199 -0.2663 2.7674, -12.8959 -0.2629 2.7742, -12.9344 -0.1281 2.7466, -12.9104 -0.1254 2.7536, -12.9518 0.0397 2.7385, -12.9278 0.0416 2.7459, -12.9664 0.181 2.7464, -12.9425 0.1823 2.7538, -12.981 0.3213 2.7673, -12.9571 0.3218 2.7748, -12.9957 0.4594 2.8013, -12.9718 0.4592 2.8089, -13.0104 0.594 2.8482, -12.9864 0.5931 2.8557, -13.025 0.7238 2.9076, -13.0011 0.7222 2.915, -13.0397 0.8477 2.9791, -13.0158 0.8454 2.9863, -13.0649 1.0438 3.128, -13.041 1.0404 3.1348, -13.0796 1.1465 3.2291, -13.0557 1.1425 3.2355, -13.0943 1.2394 3.3396, -13.0704 1.2348 3.3456, -13.1089 1.3211 3.4575, -13.085 1.3159 3.4631, -13.1235 1.3916 3.5827, -13.0996 1.386 3.5877, -13.1381 1.4502 3.7139, -13.1141 1.4441 3.7184, -13.1526 1.4963 3.8503, -13.1287 1.4898 3.8542, -13.1672 1.5297 3.9907, -13.1433 1.5229 3.994, -13.1818 1.55 4.1338, -13.1579 1.5429 4.1365, -13.1965 1.5568 4.2794, -13.1726 1.5495 4.2814, -13.2112 1.55 4.4252, -13.1872 1.5425 4.4265, -13.2286 1.5241 4.5971, -13.2047 1.5165 4.5976, -13.2433 1.4876 4.739, -13.2194 1.4801 4.7387, -13.2579 1.438 4.877, -13.234 1.4305 4.876, -13.2726 1.3755 5.0097, -13.2487 1.3682 5.0081, -13.2872 1.3009 5.1363, -13.2633 1.2937 5.134, -13.3019 1.2147 5.2555, -13.278 1.2078 5.2525, -13.3165 1.1176 5.3663, -13.2926 1.111 5.3627, -13.3307 1.0139 5.4647, -13.3068 1.0076 5.4605, -13.3449 0.9015 5.5534, -13.321 0.8956 5.5487, -13.3595 0.7776 5.634, -13.3356 0.7722 5.6287, -13.3741 0.6465 5.7029, -13.3502 0.6416 5.6971, -13.3888 0.5086 5.7595, -13.3649 0.5043 5.7533, -13.4035 0.3657 5.803, -13.3796 0.362 5.7964, -13.4181 0.2202 5.8328, -13.3942 0.2171 5.8259, -13.4327 0.0723 5.8491, -13.4088 0.0698 5.8419, -13.4473 -0.0766 5.8514, -13.4233 -0.0784 5.8441, -13.4618 -0.2253 5.8399, -13.4379 -0.2264 5.8324, -13.4764 -0.3726 5.8146, -13.4525 -0.3729 5.807, -13.491 -0.5171 5.7756, -13.4671 -0.5167 5.7681, -13.5057 -0.6588 5.7228, -13.4818 -0.6577 5.7153, -13.5205 -0.7951 5.6567, -13.4965 -0.7934 5.6494, -13.535 -0.9236 5.5789, -13.5111 -0.9212 5.5717, -13.5496 -1.0446 5.4893, -13.5257 -1.0415 5.4824, -13.5641 -1.1565 5.3891, -13.5402 -1.1528 5.3825, -13.5786 -1.2588 5.2788, -13.5547 -1.2545 5.2725, -13.5932 -1.3509 5.1587, -13.5693 -1.346 5.153, -13.6078 -1.4316 5.0305, -13.5839 -1.4262 5.0252, -13.6225 -1.5007 4.8939, -13.5986 -1.4949 4.8891, -13.6372 -1.5568 4.751, -13.6133 -1.5505 4.7468, -13.6518 -1.5988 4.6049, -13.6279 -1.5922 4.6013, -13.6664 -1.6272 4.4553, -13.6578 -1.6223 4.0309, -13.6184 -1.6358 4.181, -13.5944 -1.643 4.1788, -13.5531 -1.8515 4.1699, -13.5372 -1.8321 4.169, -13.5254 -1.81 4.1686, -13.5182 -1.7859 4.1686, -13.5157 -1.761 4.1691, -13.5182 -1.736 4.17, -13.5254 -1.7121 4.1712, -13.5372 -1.69 4.1728, -13.5531 -1.6706 4.1746, -13.5724 -1.6548 4.1766, -13.5688 -1.8625 4.4797, -13.6055 -1.8844 4.329, -13.6184 -1.8867 4.1744, -13.6304 -1.8868 4.3312, -13.6432 -1.8892 4.1764, -13.6553 -1.8842 4.3332, -13.6681 -1.8868 4.1786, -13.692 -1.8795 4.1808, -13.5927 -1.8695 4.4827, -13.6176 -1.8716 4.4851, -13.6424 -1.8689 4.4868, -13.6664 -1.8614 4.4878, -13.6884 -1.8495 4.488, -13.7141 -1.8678 4.1829, -13.5823 -1.6322 3.8649, -13.6016 -1.617 3.8698, -13.587 -1.643 4.0225, -13.6237 -1.6058 3.8741, -13.609 -1.6315 4.0257, -13.633 -1.6245 4.0286, -13.5664 -1.6509 3.8595, -13.5547 -1.6723 3.8539, -13.5474 -1.6956 3.8482, -13.545 -1.72 3.8427, -13.5474 -1.7444 3.8376, -13.5547 -1.768 3.8332, -13.5664 -1.7898 3.8295, -13.5823 -1.8091 3.8267, -13.7334 -1.8519 4.1849, -13.7626 -1.8123 3.8414, -13.7141 -1.6551 4.1885, -13.7287 -1.6444 4.0342, -13.7626 -1.6354 3.8796, -13.6116 -1.5364 3.5656, -13.631 -1.5224 3.5733, -13.6163 -1.5767 3.7194, -13.6163 -1.7795 3.6553, -13.6383 -1.7914 3.6534, -13.6623 -1.7989 3.6532, -13.6871 -1.8019 3.6544, -13.712 -1.8002 3.6571, -13.7359 -1.7938 3.6612, -13.758 -1.7831 3.6666, -13.792 -1.7089 3.509, -13.7433 -1.6195 3.8814, -13.758 -1.5803 3.7308, -13.792 -1.5423 3.5795, -13.6746 -1.2828 3.1758, -13.6602 -1.3739 3.2994, -13.6409 -1.3863 3.2892, -13.6456 -1.4546 3.433, -13.6676 -1.6533 3.3282, -13.6602 -1.5511 3.1815, -13.6456 -1.642 3.3322, -13.6409 -1.5369 3.189, -13.6116 -1.7031 3.4951, -13.6251 -1.5201 3.1986, -13.5958 -1.6847 3.5014, -13.6133 -1.5011 3.2101, -13.584 -1.6639 3.5091, -13.606 -1.4808 3.2228, -13.5767 -1.6416 3.5179, -13.6036 -1.4599 3.2365, -13.5743 -1.6185 3.5275, -13.606 -1.4392 3.2505, -13.5767 -1.5956 3.5374, -13.6133 -1.4196 3.2643, -13.584 -1.5737 3.5473, -13.6251 -1.4017 3.2774, -13.5958 -1.5537 3.5568, -13.653 -1.73 3.4875, -13.631 -1.7183 3.4904, -13.7726 -1.527 3.5842, -13.7873 -1.4602 3.4434, -13.8212 -1.3947 3.3018, -13.6697 -1.1909 3.0486, -13.689 -1.1806 3.0609, -13.6823 -1.562 3.1765, -13.6746 -1.4484 3.0422, -13.6538 -1.2039 3.0342, -13.642 -1.2191 3.0181, -13.6348 -1.2359 3.0009, -13.6323 -1.2536 2.9834, -13.6348 -1.2717 2.9661, -13.642 -1.2893 2.9499, -13.6538 -1.3059 2.9352, -13.6697 -1.3207 2.9226, -13.689 -1.3333 2.9127, -13.6967 -1.4588 3.0362, -13.7062 -1.5691 3.1742, -13.7164 -1.6638 3.3272, -13.7267 -1.7391 3.4903, -13.8212 -1.5453 3.2016, -13.85 -1.3312 2.9334, -13.8163 -1.4559 3.0514, -13.8307 -1.3415 2.9212, -13.8086 -1.3487 2.9116, -13.8019 -1.3805 3.3093, -13.8163 -1.2903 3.185, -13.85 -1.2014 3.0595, -13.8307 -1.1889 3.0694, -13.85 -1.2013 3.0594, -13.6697 -1.3206 2.9225, -13.6538 -1.3058 2.9351, -13.642 -1.2892 2.9498, -13.6348 -1.2716 2.9661, -13.6323 -1.2535 2.9833, -13.6348 -1.2358 3.0008, -13.642 -1.219 3.018, -13.6538 -1.2038 3.0341, -13.7037 -1.2037 2.7919, -13.689 -1.3332 2.9126, -13.711 -1.343 2.9057, -13.711 -1.343 2.9058, -13.735 -1.3497 2.9021, -13.7206 -1.4657 3.0332, -13.7455 -1.4689 3.0333, -13.7311 -1.5723 3.1745, -13.7559 -1.5714 3.1776, -13.7413 -1.6626 3.3302, -13.7652 -1.6571 3.3354, -13.7506 -1.7331 3.495, -13.7726 -1.723 3.5013, -13.7847 -1.3525 2.905, -13.8086 -1.3486 2.9116, -13.8307 -1.3415 2.9211, -13.85 -1.3312 2.9334, -13.699 -0.9488 2.8437, -13.7183 -0.941 2.8577, -13.6832 -0.9589 2.8271, -13.6714 -0.9708 2.8085, -13.6641 -0.9841 2.7885, -13.6617 -0.9983 2.7679, -13.6641 -1.0128 2.7476, -13.6714 -1.0271 2.7284, -13.6832 -1.0407 2.7108, -13.699 -1.0529 2.6957, -13.7183 -1.0634 2.6837, -13.7257 -1.2128 2.7841, -13.735 -1.3496 2.9021, -13.7598 -1.3529 2.9019, -13.7703 -1.4683 3.0364, -13.7799 -1.5665 3.1833, -13.7873 -1.6476 3.3426, -13.8019 -1.5577 3.1914, -13.7942 -1.4639 3.0426, -13.7847 -1.3526 2.9051, -13.7598 -1.3528 2.9018, -13.7496 -1.2191 2.7799, -13.7404 -1.0717 2.675, -13.7745 -1.2223 2.7793, -13.7994 -1.2222 2.7826, -13.8233 -1.219 2.7894, -13.8453 -1.2128 2.7996, -13.8793 -1.0653 2.7044, -13.7643 -1.0775 2.6702, -13.7892 -1.0806 2.6694, -13.8141 -1.0809 2.6726, -13.838 -1.0784 2.6797, -13.86 -1.0731 2.6905, -13.8307 -1.1888 3.0693, -13.8453 -1.0746 2.9614, -13.8793 -0.9612 2.8524, -13.7623 -0.5209 2.6443, -13.7476 -0.6681 2.7025, -13.7282 -0.6732 2.6873, -13.733 -0.8083 2.7738, -13.733 -0.9139 2.5891, -13.7282 -0.748 2.5226, -13.7124 -0.7388 2.5397, -13.7006 -0.7287 2.5594, -13.6934 -0.7182 2.581, -13.6909 -0.7077 2.6037, -13.6934 -0.6976 2.6265, -13.7006 -0.6882 2.6486, -13.7124 -0.68 2.6691, -13.755 -0.9214 2.5798, -13.7789 -0.9267 2.5744, -13.8038 -0.9298 2.5733, -13.8287 -0.9303 2.5765, -13.8526 -0.9285 2.5838, -13.8746 -0.9242 2.595, -13.9086 -0.7617 2.5288, -13.86 -0.9507 2.8645, -13.8746 -0.8186 2.7797, -13.9086 -0.6869 2.6936, -13.7769 -0.3687 2.6002, -13.7935 -0.7675 2.493, -13.8184 -0.7704 2.4916, -13.8433 -0.7712 2.4947, -13.8672 -0.7701 2.5021, -13.8893 -0.7669 2.5137, -13.9379 -0.4283 2.4121, -13.8893 -0.6789 2.7074, -13.9039 -0.5321 2.6482, -13.9379 -0.3855 2.5879, -13.6623 -1.5596 3.7289, -13.7018 -1.5048 3.5871, -13.6769 -1.5063 3.5843, -13.7164 -1.4384 3.4484, -13.6916 -1.4396 3.4454, -13.7311 -1.3593 3.3163, -13.7062 -1.3602 3.3132, -13.7455 -1.2698 3.1939, -13.7206 -1.2704 3.1908, -13.7598 -1.1693 3.0802, -13.735 -1.1696 3.077, -13.7598 -1.1692 3.0801, -13.735 -1.1695 3.0769, -13.7745 -1.0561 2.974, -13.7496 -1.0561 2.9708, -13.7892 -0.9334 2.8787, -13.7643 -0.9332 2.8755, -13.8038 -0.8027 2.7955, -13.7789 -0.8021 2.7923, -13.8184 -0.6646 2.7246, -13.7935 -0.6637 2.7215, -13.8331 -0.5195 2.6667, -13.8082 -0.5183 2.6637, -13.8478 -0.3693 2.6225, -13.8229 -0.3679 2.6196, -13.6383 -1.566 3.7248, -13.653 -1.5122 3.5796, -13.6676 -1.4451 3.4402, -13.6823 -1.3651 3.3075, -13.6967 -1.2748 3.1846, -13.711 -1.1734 3.0705, -13.711 -1.1733 3.0704, -13.7257 -1.0593 2.9639, -13.7404 -0.9357 2.8684, -13.755 -0.804 2.785, -13.7696 -0.6649 2.714, -13.7843 -0.5188 2.6561, -13.799 -0.3677 2.6121, -13.8873 -0.2553 2.3422, -13.9112 -0.2562 2.3497, -13.9332 -0.2563 2.3617, -13.9671 -0.0802 2.3594, -13.9186 -0.3802 2.603, -13.9332 -0.2255 2.5722, -13.9671 -0.0707 2.5401, -13.6424 -1.6203 4.4524, -13.6553 -1.6336 4.3192, -13.692 -1.6432 4.187, -13.6681 -1.6359 4.1851, -13.7066 -1.6325 4.0338, -13.6827 -1.625 4.0327, -13.7213 -1.6076 3.8821, -13.6973 -1.6 3.8817, -13.7359 -1.5684 3.7326, -13.712 -1.5609 3.7328, -13.7506 -1.5154 3.5871, -13.7267 -1.5079 3.5881, -13.7652 -1.4489 3.4474, -13.7413 -1.4416 3.4491, -13.7799 -1.3696 3.3143, -13.7559 -1.3625 3.3166, -13.7942 -1.2799 3.191, -13.7703 -1.273 3.194, -13.8086 -1.1791 3.0763, -13.7847 -1.1725 3.0799, -13.8086 -1.179 3.0762, -13.7847 -1.1724 3.0799, -13.8233 -1.0656 2.9692, -13.7994 -1.0593 2.9735, -13.838 -0.9424 2.8731, -13.8141 -0.9366 2.8779, -13.8526 -0.8111 2.789, -13.8287 -0.8057 2.7944, -13.8672 -0.6723 2.7174, -13.8433 -0.6675 2.7232, -13.8819 -0.5265 2.6588, -13.858 -0.5222 2.665, -13.8966 -0.3756 2.614, -13.8727 -0.3719 2.6206, -13.9112 -0.2219 2.5836, -13.9258 -0.0782 2.3315, -13.9478 -0.0794 2.3434, -13.9963 0.2723 2.3722, -13.9478 -0.0683 2.5559, -13.9624 0.0898 2.5543, -13.9963 0.2482 2.5516, -13.9104 0.5585 2.6582, -13.8719 0.4109 2.6091, -13.8865 0.5627 2.652, -13.8499 0.4154 2.598, -13.8645 0.5682 2.6413, -13.8451 0.5747 2.6267, -13.8499 0.4632 2.3907, -13.8719 0.4641 2.3788, -13.8959 0.4638 2.3712, -13.9207 0.4623 2.3684, -13.9456 0.4597 2.3703, -13.9695 0.4561 2.3769, -13.9916 0.4517 2.388, -14.0255 0.6173 2.4502, -14.0255 0.5604 2.622, -13.977 0.2477 2.5675, -13.9896 0.8452 2.7841, -13.95 0.7037 2.7167, -13.9647 0.8458 2.7872, -13.9251 0.7066 2.7153, -13.9399 0.8488 2.7861, -13.9012 0.7113 2.7094, -13.9159 0.8541 2.7807, -13.8792 0.7178 2.6993, -13.8939 0.8615 2.7713, -13.8746 0.8706 2.7582, -13.8451 0.6316 2.455, -13.8645 0.6351 2.4393, -13.8792 0.8034 2.5045, -13.8865 0.6371 2.4275, -13.9012 0.8064 2.4929, -13.9104 0.6375 2.42, -13.9251 0.8075 2.4855, -13.9353 0.6363 2.417, -13.95 0.8066 2.4824, -13.9602 0.6335 2.4187, -13.9749 0.8037 2.4838, -13.9841 0.6293 2.425, -13.9988 0.7989 2.4896, -14.0062 0.6238 2.4356, -14.0209 0.7925 2.4997, -13.8293 0.5821 2.6087, -13.8175 0.59 2.588, -13.8103 0.5981 2.5654, -13.8078 0.6061 2.5418, -13.8103 0.6138 2.5181, -13.8175 0.6208 2.4951, -13.8293 0.6268 2.4738, -14.0549 0.9454 2.5927, -14.0549 0.8574 2.7508, -14.0209 0.7069 2.6945, -13.9841 0.5549 2.6494, -13.9456 0.4033 2.6148, -13.9061 0.2507 2.5897, -14.0501 0.987 2.8489, -14.0356 0.8511 2.7655, -14.0135 0.847 2.7767, -13.9988 0.7039 2.7061, -13.9749 0.7028 2.7136, -13.9602 0.5546 2.6569, -13.9353 0.5558 2.6599, -13.9207 0.4047 2.6177, -13.8959 0.4073 2.6158, -14.0647 1.1147 2.9447, -14.0281 0.9818 2.8597, -14.0427 1.1086 2.9549, -14.0042 0.9793 2.8668, -14.0187 1.1055 2.9618, -13.9793 0.9797 2.8701, -13.9939 1.1055 2.965, -13.9544 0.9828 2.8692, -13.969 1.1087 2.9645, -13.9305 0.9886 2.8643, -13.9451 1.1149 2.9602, -13.9085 0.9968 2.8556, -13.923 1.1239 2.9522, -13.9037 1.1353 2.941, -13.8746 0.9586 2.6, -13.8939 0.9649 2.5854, -13.9085 1.117 2.6801, -13.9159 0.9691 2.5741, -13.9305 1.1222 2.6693, -13.9399 0.9709 2.5668, -13.9544 1.1247 2.6622, -13.9647 0.9702 2.5636, -13.9793 1.1243 2.659, -13.9896 0.9672 2.5648, -14.0042 1.1212 2.6598, -14.0135 0.9619 2.5702, -14.0281 1.1155 2.6647, -14.0356 0.9546 2.5796, -14.0501 1.1073 2.6734, -13.8587 0.8812 2.7419, -13.8469 0.8928 2.723, -13.8397 0.905 2.7023, -13.8372 0.9173 2.6806, -13.8397 0.9293 2.6587, -13.8469 0.9404 2.6374, -13.8587 0.9503 2.6176, -14.084 1.2394 2.7923, -14.084 1.1237 2.9314, -13.9328 1.3615 3.1697, -13.9521 1.3483 3.1786, -13.9376 1.2413 3.0601, -13.9741 1.338 3.1847, -13.9596 1.2316 3.0671, -13.9981 1.3311 3.1878, -13.9835 1.225 3.0709, -14.0229 1.3279 3.1878, -14.0084 1.2218 3.0711, -14.0478 1.3284 3.1846, -14.0333 1.2221 3.0679, -14.0717 1.3328 3.1784, -14.0572 1.2258 3.0614, -14.0938 1.3407 3.1695, -14.0792 1.2329 3.0517, -13.9037 1.251 2.8019, -13.923 1.2599 2.7887, -13.9376 1.3919 2.9098, -13.9451 1.2661 2.7784, -13.9596 1.399 2.9002, -13.969 1.2692 2.7715, -13.9835 1.4027 2.8936, -13.9939 1.2692 2.7683, -14.0084 1.403 2.8904, -14.0187 1.266 2.7688, -14.0333 1.3998 2.8906, -14.0427 1.2598 2.7732, -14.0572 1.3932 2.8944, -14.0647 1.2508 2.7811, -14.0792 1.3835 2.9014, -13.8879 1.1487 2.927, -13.8761 1.1636 2.9106, -13.8688 1.1794 2.8925, -13.8664 1.1955 2.8735, -13.8688 1.2113 2.8542, -13.8761 1.2262 2.8353, -13.8879 1.2396 2.8177, -14.1131 1.4913 3.0427, -13.9328 1.5009 3.0543, -13.9521 1.5121 3.0429, -13.9667 1.62 3.1872, -13.9741 1.5201 3.034, -13.9887 1.6288 3.1791, -13.9981 1.5244 3.0278, -14.0126 1.6336 3.1733, -14.0229 1.525 3.0246, -14.0375 1.6345 3.1702, -14.0478 1.5218 3.0246, -14.0624 1.6313 3.1699, -14.0717 1.5149 3.0277, -14.0863 1.6242 3.1723, -14.0938 1.5046 3.0338, -14.1083 1.6133 3.1774, -14.1422 1.6938 3.337, -13.9169 1.4868 3.0677, -13.9051 1.4704 3.0826, -13.8979 1.4523 3.0984, -13.8954 1.4332 3.1144, -13.8979 1.4139 3.1302, -13.9051 1.395 3.145, -13.9169 1.3773 3.1584, -14.1422 1.5355 3.4246, -14.1131 1.3519 3.1581, -14.1083 1.4376 3.2973, -14.0419 1.5805 3.5941, -14.0033 1.5168 3.4482, -14.018 1.588 3.593, -13.9812 1.5281 3.4441, -13.9959 1.5996 3.59, -13.9913 1.6726 3.7387, -13.9619 1.5428 3.4378, -13.9667 1.4442 3.3071, -13.9887 1.4334 3.3122, -14.0126 1.4263 3.3147, -14.0375 1.4231 3.3144, -13.927 1.6452 3.3845, -13.9564 1.7832 3.7054, -13.9855 1.8585 4.0435, -14.018 1.8047 3.4984, -10.6719 -0.8478 5.1934, -10.7014 -1.0132 5.0211, -10.7308 -1.1436 4.8209, -10.7486 -1.2564 4.6031, -10.7604 -1.2349 4.598, -10.7776 -1.3048 4.3658, -10.7894 -1.2827 4.3647, -10.7942 -1.3125 4.2272, -10.806 -1.2903 4.2284, -10.8236 -1.2899 3.9821, -10.8353 -1.2684 3.9874, -10.853 -1.2217 3.7442, -10.8647 -1.2016 3.7534, -10.8823 -1.1098 3.5224, -10.8941 -1.0918 3.5352, -10.9076 -0.9815 3.3505, -10.9194 -0.9658 3.3661, -10.9371 -0.7986 3.1787, -10.9489 -0.7861 3.1969, -10.9663 -0.5878 3.0444, -10.9781 -0.5788 3.0647, -10.9955 -0.355 2.9514, -11.0073 -0.35 2.973, -11.0248 -0.108 2.903, -11.0366 -0.107 2.9251, -11.0542 0.1464 2.9014, -11.066 0.1432 2.9233, -11.0711 0.2919 2.9222, -11.0829 0.2863 2.9437, -11.1005 0.537 2.9952, -11.1123 0.5276 3.0152, -11.1299 0.7646 3.1131, -11.1417 0.7516 3.131, -11.1592 0.9666 3.2713, -11.171 0.9505 3.2865, -11.1844 1.1151 3.4367, -11.1962 1.0968 3.4491, -11.2137 1.2519 3.6557, -11.2255 1.2315 3.6645, -11.2432 1.3463 3.8992, -11.255 1.3247 3.904, -11.2725 1.3937 4.156, -11.2843 1.3715 4.1567, -11.302 1.3921 4.4192, -11.3138 1.3702 4.4157, -11.3311 1.3423 4.6745, -11.3429 1.3215 4.6671, -11.3479 1.292 4.8174, -11.3597 1.272 4.8078, -11.3772 1.1683 5.0509, -11.389 1.1505 5.0377, -11.4066 1.0026 5.2584, -11.4184 0.9876 5.2422, -11.436 0.8003 5.4319, -11.4478 0.7886 5.4131, -11.4612 0.6029 5.5489, -11.473 0.5944 5.5285, -11.4906 0.3511 5.6438, -11.5024 0.3465 5.6221, -11.5199 0.0871 5.6899, -11.5316 0.0866 5.6678, -11.549 -0.1814 5.6862, -11.5608 -0.1778 5.6644, -11.5783 -0.4458 5.6327, -11.59 -0.4382 5.6119, -11.6077 -0.6981 5.5298, -11.6194 -0.6867 5.5108, -11.6248 -0.8355 5.4482, -11.6366 -0.8221 5.4305, -11.6542 -1.0477 5.275, -11.666 -1.0313 5.2601, -11.6836 -1.2241 5.0649, -11.6953 -1.2052 5.0533, -11.7128 -1.3586 4.8255, -11.7246 -1.3379 4.8176, -11.738 -1.4371 4.6015, -11.7498 -1.4154 4.597, -11.7672 -1.4822 4.329, -11.779 -1.4601 4.3287, -11.7967 -1.4756 4.0498, -11.8085 -1.4538 4.0536, -11.8261 -1.417 3.7767, -11.8378 -1.3963 3.7845, -11.8555 -1.3076 3.5175, -11.8673 -1.2887 3.5291, -11.8846 -1.1539 3.2859, -11.8963 -1.1374 3.3007, -11.9016 -1.044 3.1639, -11.9134 -1.0293 3.1804, -11.9309 -0.8262 2.9844, -11.9427 -0.8148 3.0034, -11.9603 -0.5776 2.8479, -11.9721 -0.5699 2.8686, -11.9896 -0.3069 2.7599, -12.0014 -0.3033 2.7817, -12.0148 -0.0648 2.7255, -12.0265 -0.0647 2.7476, -12.0442 0.2223 2.7352, -12.056 0.2183 2.757, -12.0734 0.5013 2.7978, -12.0852 0.4934 2.8184, -12.1026 0.7644 2.9113, -12.1144 0.7527 2.9301, -12.1318 1.0029 3.0722, -12.1435 0.988 3.0885, -12.1611 1.2094 3.2767, -12.1729 1.1916 3.29, -12.1785 1.3125 3.415, -12.1903 1.2934 3.4262, -12.2079 1.4504 3.6724, -12.2197 1.4295 3.6798, -12.2372 1.5379 3.9514, -12.249 1.516 3.9549, -12.2665 1.5722 4.242, -12.2782 1.5501 4.2414, -12.2916 1.5579 4.494, -12.3034 1.5361 4.4899, -12.3208 1.4909 4.7805, -12.3326 1.4703 4.7724, -12.3502 1.3703 5.0524, -12.362 1.3516 5.0406, -12.3796 1.2012 5.297, -12.3914 1.185 5.2819, -12.409 0.9878 5.5072, -12.4208 0.9747 5.4894, -12.4381 0.7421 5.6722, -12.4498 0.7326 5.6523, -12.4553 0.5826 5.7481, -12.4671 0.5753 5.7272, -12.4846 0.2952 5.8353, -12.4964 0.292 5.8134, -12.5139 -0.0048 5.8679, -12.5257 -0.0039 5.8457, -12.5433 -0.3065 5.8437, -12.5551 -0.3016 5.8221, -12.5683 -0.5579 5.7787, -12.5801 -0.5495 5.7582, -12.5978 -0.8358 5.6521, -12.6096 -0.8238 5.6335, -12.627 -1.0842 5.4769, -12.6387 -1.069 5.4608, -12.6561 -1.2962 5.2582, -12.6679 -1.2782 5.2453, -12.6853 -1.4647 5.0031, -12.6971 -1.4447 4.9937, -12.7147 -1.584 4.7184, -12.7264 -1.5625 4.7129, -12.7322 -1.6292 4.5389, -12.744 -1.6073 4.5359, -12.7616 -1.6594 4.2303, -12.7733 -1.6373 4.2314, -12.7909 -1.6314 3.921, -12.8026 -1.6099 3.9262, -12.8201 -1.5466 3.6221, -12.8319 -1.5264 3.6312, -12.8452 -1.43 3.3813, -12.857 -1.4115 3.3935, -12.8744 -1.2478 3.1278, -12.8862 -1.2318 3.1432, -12.9038 -1.0189 2.9105, -12.9156 -1.0061 2.9286, -12.9331 -0.7537 2.7396, -12.9449 -0.7445 2.7597, -12.9626 -0.4592 2.6204, -12.9744 -0.454 2.6419, -12.9916 -0.1514 2.5587, -13.0034 -0.1502 2.5808, -13.009 0.0374 2.5492, -13.0208 0.0361 2.5713, -13.0383 0.3542 2.5808, -13.05 0.3488 2.6023, -13.0676 0.661 2.6711, -13.0794 0.6518 2.6912, -13.0969 0.9465 2.8175, -13.1087 0.9337 2.8356, -13.1221 1.1672 2.9844, -13.1339 1.1517 3.0002, -13.1515 1.3874 3.2216, -13.1633 1.3692 3.2341, -13.1807 1.559 3.4941, -13.1925 1.5387 3.5031, -13.2099 1.6771 3.7942, -13.2216 1.6556 3.7992, -13.239 1.7381 4.1122, -13.2508 1.716 4.1131, -13.2684 1.7388 4.439, -13.2802 1.7169 4.4358, -13.2858 1.7102 4.6318, -13.2976 1.6888 4.6262, -13.3152 1.6144 4.9457, -13.3269 1.5944 4.9363, -13.3445 1.4615 5.2366, -13.3562 1.4435 5.2236, -13.3737 1.2568 5.4947, -13.3855 1.2416 5.4786, -13.4021 1.0152 5.7048, -13.4139 1.0032 5.6862, -13.4313 0.7302 5.8727, -13.4431 0.7218 5.8522, -13.4607 0.4162 5.9854, -13.4725 0.4118 5.9637, -13.4899 0.0881 6.0378, -13.5017 0.0878 6.0156, -13.5191 -0.2447 6.0282, -13.5309 -0.2409 6.0064, -13.5482 -0.5709 5.9572, -13.56 -0.5632 5.9364, -13.5777 -0.8819 5.825, -13.5895 -0.8704 5.8061, -13.6068 -1.1611 5.6386, -13.6186 -1.1463 5.6222, -13.6359 -1.4008 5.404, -13.6477 -1.3832 5.3906, -13.665 -1.5943 5.1274, -13.6768 -1.5745 5.1174, -13.6945 -1.7347 4.8158, -13.7062 -1.7134 4.8097, -13.7236 -1.8141 4.4861, -13.7354 -1.792 4.484, -13.7492 -1.8326 4.1868, -13.761 -1.8105 4.1884, -13.7785 -1.7936 3.8468, -13.7903 -1.7722 3.8525, -13.8078 -1.6916 3.5178, -13.8196 -1.6716 3.5273, -13.8371 -1.5299 3.2134, -13.8489 -1.512 3.2265, -13.8659 -1.3182 2.9479, -13.8776 -1.3031 2.964, -13.8659 -1.3182 2.9478, -13.8776 -1.303 2.9639, -13.8952 -1.0552 2.721, -13.907 -1.0433 2.7397, -13.9244 -0.7549 2.547, -13.9362 -0.7467 2.5676, -13.9538 -0.425 2.4312, -13.9656 -0.4208 2.453, -13.983 -0.0805 2.3788, -13.9948 -0.0804 2.4009, -14.0122 0.2684 2.3913, -14.0239 0.2645 2.4131, -14.0413 0.6099 2.4682, -14.0531 0.602 2.4889, -14.0707 0.9348 2.609, -14.0825 0.9232 2.6279, -14.0999 1.226 2.8063, -14.1117 1.2111 2.8227, -14.1289 1.4755 3.054, -14.1407 1.4578 3.0674, -14.1581 1.6762 3.3452, -14.1699 1.6564 3.3551, -14.2066 1.7767 3.6855, -14.1771 1.6351 3.3662, -14.148 1.439 3.0822, -14.1189 1.1952 2.8408, -14.0898 0.911 2.6485, -14.0604 0.5939 2.5115, -14.0312 0.2607 2.4368, -14.002 -0.0797 2.4249, -13.9728 -0.4157 2.4764, -13.9435 -0.7373 2.5897, -13.9142 -1.03 2.7597, -13.8849 -1.2862 2.9811, -13.8849 -1.2863 2.9812, -13.8561 -1.4924 3.2403, -13.8269 -1.6497 3.5372, -13.7975 -1.7488 3.8581, -13.7683 -1.7865 4.1896, -13.7426 -1.7682 4.4813, -13.7135 -1.6905 4.8026, -13.6841 -1.5533 5.1062, -13.6549 -1.3644 5.3756, -13.6259 -1.1306 5.604, -13.5967 -0.8584 5.7853, -13.5673 -0.5552 5.9138, -13.5381 -0.2372 5.9827, -13.5089 0.087 5.9916, -13.4798 0.4066 5.9403, -13.4504 0.7123 5.8302, -13.4211 0.9897 5.6663, -13.3928 1.2248 5.4615, -13.3635 1.4239 5.2099, -13.3342 1.5725 4.9264, -13.3049 1.6654 4.6206, -13.2874 1.6931 4.4329, -13.2581 1.692 4.1147, -13.2289 1.6323 3.8052, -13.1998 1.517 3.5132, -13.1706 1.3497 3.2481, -13.1412 1.1351 3.0176, -13.116 0.9201 2.8554, -13.0866 0.6422 2.7132, -13.0573 0.3434 2.6257, -13.028 0.0352 2.5953, -13.0106 -0.1485 2.6047, -12.9816 -0.4478 2.6652, -12.9522 -0.7342 2.7814, -12.9228 -0.9919 2.9479, -12.8934 -1.2143 3.1596, -12.8642 -1.3912 3.4063, -12.8391 -1.5043 3.6406, -12.8099 -1.5864 3.9313, -12.7806 -1.6133 4.2321, -12.7512 -1.5836 4.5321, -12.7337 -1.5394 4.7065, -12.7043 -1.4231 4.9831, -12.6752 -1.259 5.2309, -12.646 -1.0528 5.4431, -12.6168 -0.8112 5.6131, -12.5874 -0.5409 5.7358, -12.5623 -0.2966 5.7986, -12.533 -0.0034 5.8217, -12.5036 0.288 5.7897, -12.4743 0.567 5.7047, -12.4571 0.7218 5.6308, -12.4281 0.9602 5.4702, -12.3986 1.1672 5.2659, -12.3693 1.331 5.0281, -12.3398 1.4478 4.764, -12.3106 1.5125 4.4858, -12.2855 1.5261 4.2411, -12.2562 1.4924 3.9591, -12.2269 1.4071 3.6884, -12.1976 1.2729 3.4388, -12.1802 1.1727 3.3047, -12.1508 0.9721 3.1066, -12.1216 0.7405 2.9508, -12.0924 0.4851 2.841, -12.0632 0.2144 2.7807, -12.0338 -0.0641 2.7716, -12.0087 -0.2988 2.8053, -11.9793 -0.5612 2.891, -11.95 -0.802 3.0238, -11.9207 -1.013 3.198, -11.9036 -1.1193 3.3164, -11.8746 -1.268 3.5412, -11.8451 -1.3737 3.7926, -11.8157 -1.4301 4.0573, -11.7863 -1.4361 4.3278, -11.757 -1.392 4.5918, -11.7318 -1.3156 4.8086, -11.7026 -1.185 5.0404, -11.6733 -1.0138 5.2437, -11.6439 -0.808 5.411, -11.6267 -0.6749 5.4899, -11.5973 -0.4305 5.5892, -11.5681 -0.1744 5.6406, -11.5389 0.0855 5.6438, -11.5097 0.341 5.5987, -11.4802 0.5846 5.5066, -11.455 0.7754 5.393, -11.4257 0.971 5.2249, -11.3963 1.131 5.0238, -11.367 1.2502 4.7978, -11.3501 1.2987 4.6595, -11.3211 1.3465 4.4125, -11.2916 1.3476 4.1579, -11.2622 1.3013 3.9097, -11.2327 1.2097 3.6744, -11.2035 1.0772 3.4629, -11.1782 0.9334 3.3033, -11.1489 0.7379 3.1507, -11.1196 0.5177 3.0372, -11.0902 0.2808 2.967, -11.0732 0.1401 2.9472, -11.0438 -0.1055 2.9491, -11.0146 -0.3441 2.9963, -10.9854 -0.5687 3.0864, -10.9561 -0.7721 3.2165, -10.9267 -0.9484 3.3827, -10.9014 -1.0719 3.5488, -10.872 -1.1796 3.763, -10.8426 -1.245 3.9928, -10.8133 -1.2664 4.2293, -10.7967 -1.2587 4.363, -10.7676 -1.2117 4.5919, -10.7381 -1.1219 4.8106, -10.7087 -0.9938 5.0069, -10.6792 -0.8314 5.1759, -14.209 1.7529 3.6931, -14.1796 1.6131 3.3781, -14.1504 1.4196 3.098, -14.1214 1.1791 2.8598, -14.0922 0.8987 2.6702, -14.0628 0.5859 2.5351, -14.0337 0.2572 2.4615, -14.0045 -0.0786 2.4499, -13.9753 -0.41 2.5007, -13.9459 -0.7272 2.6125, -13.9167 -1.0158 2.7802, -13.8874 -1.2684 2.9986, -13.8873 -1.2685 2.9987, -13.8586 -1.4717 3.2543, -13.8293 -1.6268 3.5471, -13.8 -1.7245 3.8636, -13.7707 -1.7615 4.1904, -13.7451 -1.7434 4.4781, -13.7159 -1.6667 4.7949, -13.6865 -1.5314 5.0942, -13.6574 -1.3451 5.3597, -13.6283 -1.1146 5.5848, -13.5992 -0.8462 5.7635, -13.5697 -0.5473 5.8901, -13.5406 -0.2338 5.958, -13.5114 0.0858 5.9667, -13.4822 0.4008 5.916, -13.4528 0.702 5.8074, -13.4236 0.9754 5.6459, -13.3952 1.207 5.4439, -13.3659 1.4031 5.196, -13.3367 1.5495 4.9166, -13.3073 1.6411 4.6152, -13.2899 1.6682 4.4302, -13.2605 1.6671 4.1167, -13.2313 1.6083 3.8118, -13.2022 1.4945 3.5241, -13.173 1.3297 3.263, -13.1436 1.1182 3.0359, -13.1184 0.9064 2.8762, -13.0891 0.6325 2.7362, -13.0598 0.3383 2.6502, -13.0305 0.0346 2.6203, -13.0131 -0.1463 2.6296, -12.9841 -0.4411 2.6892, -12.9546 -0.723 2.8037, -12.9253 -0.9768 2.9678, -12.8959 -1.1957 3.1763, -12.8667 -1.3699 3.4193, -12.8416 -1.4812 3.65, -12.8124 -1.562 3.9363, -12.7831 -1.5884 4.2324, -12.7537 -1.559 4.5277, -12.7361 -1.5155 4.6995, -12.7068 -1.4009 4.9717, -12.6776 -1.2393 5.2155, -12.6485 -1.0362 5.4244, -12.6193 -0.7984 5.5916, -12.5898 -0.5324 5.7124, -12.5648 -0.2919 5.7741, -12.5354 -0.0034 5.7968, -12.5061 0.2834 5.7652, -12.4768 0.5579 5.6814, -12.4595 0.7102 5.6087, -12.4305 0.9448 5.4506, -12.4011 1.1483 5.2495, -12.3717 1.3095 5.0155, -12.3423 1.4243 4.7556, -12.3131 1.4878 4.4819, -12.2879 1.5011 4.2413, -12.2587 1.4679 3.9639, -12.2294 1.3839 3.6976, -12.2 1.2519 3.4522, -12.1826 1.1533 3.3204, -12.1532 0.956 3.1256, -12.1241 0.7281 2.9725, -12.0949 0.477 2.8646, -12.0657 0.2108 2.8054, -12.0362 -0.063 2.7966, -12.0111 -0.2938 2.8297, -11.9818 -0.5517 2.9141, -11.9524 -0.7884 3.0447, -11.9231 -0.9957 3.216, -11.906 -1.1001 3.3325, -11.877 -1.2462 3.5534, -11.8475 -1.35 3.8005, -11.8182 -1.4053 4.0607, -11.7887 -1.4112 4.3265, -11.7595 -1.3678 4.5859, -11.7343 -1.2926 4.7989, -11.705 -1.1642 5.0266, -11.6757 -0.9959 5.2262, -11.6463 -0.7937 5.3906, -11.6291 -0.6629 5.468, -11.5997 -0.4228 5.5654, -11.5705 -0.1713 5.6159, -11.5413 0.084 5.6189, -11.5121 0.3349 5.5745, -11.4827 0.5741 5.4839, -11.4575 0.7614 5.3724, -11.4281 0.9533 5.2072, -11.3987 1.1104 5.0097, -11.3694 1.2273 4.7878, -11.3526 1.2749 4.652, -11.3235 1.3217 4.4095, -11.294 1.3227 4.1596, -11.2647 1.2772 3.916, -11.2352 1.1871 3.6851, -11.2059 1.057 3.4776, -11.1807 0.9158 3.321, -11.1514 0.7239 3.1714, -11.122 0.5079 3.0601, -11.0926 0.2754 2.9914, -11.0757 0.1374 2.972, -11.0463 -0.1036 2.974, -11.017 -0.3375 3.0204, -10.9878 -0.5578 3.1089, -10.9586 -0.7572 3.2365, -10.9291 -0.9301 3.3996, -10.9038 -1.0511 3.5625, -10.8744 -1.1566 3.7726, -10.8451 -1.2205 3.9979, -10.8157 -1.2414 4.2298, -10.7991 -1.2338 4.3609, -10.7701 -1.1876 4.5852, -10.7405 -1.0995 4.7995, -10.7112 -0.9739 4.9919, -10.6816 -0.8147 5.1573, -14.2066 1.7292 3.7011, -14.1771 1.5914 3.3903, -14.148 1.4005 3.1141, -14.1189 1.1633 2.8792, -14.0898 0.8867 2.6922, -14.0604 0.5782 2.5589, -14.0312 0.254 2.4862, -14.002 -0.0771 2.4748, -13.9728 -0.4039 2.5249, -13.9435 -0.7167 2.6351, -13.9142 -1.0013 2.8005, -13.8849 -1.2504 3.0159, -13.8849 -1.2504 3.0159, -13.8561 -1.4508 3.2679, -13.8269 -1.6038 3.5567, -13.7975 -1.7001 3.8687, -13.7683 -1.7366 4.1909, -13.7426 -1.7187 4.4745, -13.7135 -1.6431 4.7868, -13.6841 -1.5098 5.0818, -13.6549 -1.3262 5.3435, -13.6259 -1.0989 5.5654, -13.5967 -0.8344 5.7416, -13.5673 -0.5398 5.8663, -13.5381 -0.2308 5.9332, -13.5089 0.0841 5.9418, -13.4798 0.3945 5.8919, -13.4504 0.6914 5.7848, -13.4211 0.9608 5.6257, -13.3928 1.189 5.4267, -13.3635 1.3822 5.1824, -13.3342 1.5264 4.9071, -13.3049 1.6166 4.6103, -13.2874 1.6434 4.428, -13.2581 1.6423 4.1191, -13.2289 1.5843 3.8188, -13.1998 1.4723 3.5354, -13.1706 1.3099 3.2782, -13.1412 1.1016 3.0546, -13.116 0.893 2.8973, -13.0866 0.6233 2.7594, -13.0573 0.3335 2.6747, -13.028 0.0345 2.6452, -13.0106 -0.1436 2.6544, -12.9816 -0.4339 2.7131, -12.9522 -0.7115 2.8259, -12.9228 -0.9614 2.9874, -12.8934 -1.1769 3.1927, -12.8642 -1.3484 3.4319, -12.8391 -1.4579 3.659, -12.8099 -1.5374 3.9408, -12.7806 -1.5634 4.2323, -12.7512 -1.5345 4.523, -12.7337 -1.4916 4.692, -12.7043 -1.3789 4.96, -12.6752 -1.2198 5.1999, -12.646 -1.02 5.4054, -12.6168 -0.7859 5.57, -12.5874 -0.5242 5.6888, -12.5623 -0.2876 5.7495, -12.533 -0.0037 5.7718, -12.5036 0.2784 5.7407, -12.4743 0.5484 5.6583, -12.4571 0.6983 5.5868, -12.4281 0.929 5.4313, -12.3986 1.1292 5.2334, -12.3693 1.2877 5.0033, -12.3398 1.4006 4.7477, -12.3106 1.4631 4.4785, -12.2855 1.4762 4.2419, -12.2562 1.4435 3.9691, -12.2269 1.3609 3.7073, -12.1976 1.2311 3.466, -12.1802 1.1341 3.3364, -12.1508 0.9401 3.1449, -12.1216 0.7161 2.9943, -12.0924 0.4693 2.8883, -12.0632 0.2076 2.8301, -12.0338 -0.0616 2.8215, -12.0087 -0.2884 2.8541, -11.9793 -0.5418 2.937, -11.95 -0.7744 3.0654, -11.9207 -0.9781 3.2338, -11.9036 -1.0807 3.3482, -11.8746 -1.2243 3.5653, -11.8451 -1.3262 3.8081, -11.8157 -1.3805 4.0637, -11.7863 -1.3863 4.3248, -11.757 -1.3436 4.5796, -11.7318 -1.2698 4.7889, -11.7026 -1.1436 5.0124, -11.6733 -0.9784 5.2085, -11.6439 -0.7798 5.3699, -11.6267 -0.6513 5.4459, -11.5973 -0.4155 5.5415, -11.5681 -0.1685 5.5911, -11.5389 0.0821 5.594, -11.5097 0.3284 5.5504, -11.4802 0.5632 5.4615, -11.455 0.7471 5.3519, -11.4257 0.9354 5.1898, -11.3963 1.0895 4.996, -11.367 1.2043 4.7781, -11.3501 1.251 4.6449, -11.3211 1.2969 4.4069, -11.2916 1.2978 4.1618, -11.2622 1.2531 3.9227, -11.2327 1.1648 3.6962, -11.2035 1.0371 3.4927, -11.1782 0.8986 3.3391, -11.1489 0.7103 3.1923, -11.1196 0.4985 3.0832, -11.0902 0.2704 3.0158, -11.0732 0.1351 2.9968, -11.0438 -0.1012 2.9988, -11.0146 -0.3306 3.0443, -10.9854 -0.5465 3.1312, -10.9561 -0.742 3.2563, -10.9267 -0.9114 3.4162, -10.9014 -1.03 3.5759, -10.872 -1.1334 3.7819, -10.8426 -1.196 4.0026, -10.8133 -1.2164 4.2299, -10.7967 -1.209 4.3583, -10.7676 -1.1637 4.5781, -10.7381 -1.0774 4.788, -10.7087 -0.9542 4.9765, -10.6792 -0.7982 5.1385, -14.1993 1.7066 3.7092, -14.1699 1.5707 3.4025, -14.1407 1.3824 3.1298, -14.1117 1.1484 2.898, -14.0825 0.8756 2.7134, -14.0531 0.5712 2.5818, -14.0239 0.2514 2.5101, -13.9948 -0.0752 2.4987, -13.9656 -0.3976 2.5481, -13.9362 -0.7062 2.6567, -13.907 -0.987 2.8198, -13.8776 -1.2327 3.0322, -13.8776 -1.2328 3.0322, -13.8489 -1.4305 3.2807, -13.8196 -1.5814 3.5655, -13.7903 -1.6765 3.8731, -13.761 -1.7126 4.1909, -13.7354 -1.695 4.4706, -13.7062 -1.6206 4.7785, -13.6768 -1.4891 5.0695, -13.6477 -1.3081 5.3277, -13.6186 -1.0841 5.5465, -13.5895 -0.8233 5.7202, -13.56 -0.5329 5.8433, -13.5309 -0.2284 5.9093, -13.5017 0.0821 5.9179, -13.4725 0.3881 5.8687, -13.4431 0.6808 5.7633, -13.4139 0.9464 5.6065, -13.3855 1.1713 5.4104, -13.3562 1.3618 5.1696, -13.3269 1.5041 4.8984, -13.2976 1.593 4.6059, -13.2802 1.6194 4.4262, -13.2508 1.6184 4.1219, -13.2216 1.5614 3.8259, -13.1925 1.451 3.5467, -13.1633 1.2911 3.2932, -13.1339 1.086 3.0728, -13.1087 0.8805 2.9178, -13.0794 0.6148 2.7819, -13.05 0.3294 2.6983, -13.0208 0.0348 2.6692, -13.0034 -0.1407 2.6782, -12.9744 -0.4266 2.736, -12.9449 -0.7001 2.847, -12.9156 -0.9462 3.006, -12.8862 -1.1585 3.2081, -12.857 -1.3275 3.4437, -12.8319 -1.4353 3.6673, -12.8026 -1.5137 3.9448, -12.7733 -1.5394 4.2318, -12.744 -1.511 4.518, -12.7264 -1.4689 4.6844, -12.6971 -1.3579 4.9483, -12.6679 -1.2014 5.1845, -12.6387 -1.0047 5.3869, -12.6096 -0.7743 5.549, -12.5801 -0.5167 5.6659, -12.5551 -0.2839 5.7258, -12.5257 -0.0045 5.7478, -12.4964 0.2732 5.7173, -12.4671 0.539 5.6362, -12.4498 0.6865 5.5659, -12.4208 0.9135 5.4129, -12.3914 1.1106 5.2183, -12.362 1.2666 4.9919, -12.3326 1.3777 4.7404, -12.3034 1.4393 4.4756, -12.2782 1.4522 4.2428, -12.249 1.4201 3.9745, -12.2197 1.3389 3.7169, -12.1903 1.2113 3.4795, -12.1729 1.1159 3.3521, -12.1435 0.9252 3.1637, -12.1144 0.7049 3.0156, -12.0852 0.4622 2.9113, -12.056 0.2049 2.854, -12.0265 -0.0597 2.8454, -12.0014 -0.2827 2.8774, -11.9721 -0.5319 2.9589, -11.9427 -0.7607 3.085, -11.9134 -0.9609 3.2505, -11.8963 -1.0618 3.363, -11.8673 -1.203 3.5763, -11.8378 -1.3032 3.8149, -11.8085 -1.3567 4.0661, -11.779 -1.3624 4.3228, -11.7498 -1.3205 4.5731, -11.7246 -1.248 4.7788, -11.6953 -1.1241 4.9985, -11.666 -0.9618 5.1912, -11.6366 -0.7667 5.3498, -11.6194 -0.6405 5.4244, -11.59 -0.4089 5.5184, -11.5608 -0.1663 5.5671, -11.5316 0.0799 5.5701, -11.5024 0.3218 5.5273, -11.473 0.5524 5.44, -11.4478 0.733 5.3325, -11.4184 0.9179 5.1733, -11.389 1.0693 4.9831, -11.3597 1.182 4.7692, -11.3429 1.2279 4.6384, -11.3138 1.2729 4.4048, -11.2843 1.2739 4.1642, -11.255 1.2301 3.9295, -11.2255 1.1434 3.7073, -11.1962 1.0182 3.5075, -11.171 0.8823 3.3567, -11.1417 0.6976 3.2127, -11.1123 0.4898 3.1056, -11.0829 0.2661 3.0395, -11.066 0.1333 3.0208, -11.0366 -0.0985 3.0227, -11.0073 -0.3235 3.0673, -10.9781 -0.5353 3.1524, -10.9489 -0.727 3.2751, -10.9194 -0.8932 3.4318, -10.8941 -1.0096 3.5884, -10.8647 -1.1109 3.7904, -10.8353 -1.1724 4.0068, -10.806 -1.1924 4.2295, -10.7894 -1.1852 4.3555, -10.7604 -1.1408 4.5709, -10.7308 -1.0562 4.7767, -10.7014 -0.9356 4.9614, -10.6719 -0.7827 5.1202, -14.1875 1.6859 3.717, -14.1581 1.5518 3.4141, -14.1289 1.366 3.1447, -14.0999 1.135 2.9156, -14.0707 0.8657 2.7332, -14.0413 0.5652 2.6031, -14.0122 0.2495 2.5322, -13.983 -0.0731 2.5208, -13.9538 -0.3914 2.5694, -13.9244 -0.6962 2.6765, -13.8952 -0.9734 2.8373, -13.8659 -1.2162 3.0469, -13.8659 -1.2162 3.0469, -13.8371 -1.4115 3.2922, -13.8078 -1.5607 3.5732, -13.7785 -1.6546 3.8768, -13.7492 -1.6904 4.1905, -13.7236 -1.6733 4.4666, -13.6945 -1.5999 4.7706, -13.665 -1.4703 5.0578, -13.6359 -1.2918 5.3127, -13.6068 -1.0708 5.5288, -13.5777 -0.8136 5.7003, -13.5482 -0.5271 5.8219, -13.5191 -0.2266 5.8872, -13.4899 0.0798 5.8958, -13.4607 0.3818 5.8475, -13.4313 0.6706 5.7436, -13.4021 0.9327 5.589, -13.3737 1.1548 5.3957, -13.3445 1.3428 5.1583, -13.3152 1.4833 4.8908, -13.2858 1.5712 4.6022, -13.2684 1.5973 4.4251, -13.239 1.5965 4.1248, -13.2099 1.5403 3.8329, -13.1807 1.4317 3.5574, -13.1515 1.2741 3.3074, -13.1221 1.0719 3.0899, -13.0969 0.8693 2.9369, -13.0676 0.6074 2.8028, -13.0383 0.3259 2.7202, -13.009 0.0355 2.6914, -12.9916 -0.1375 2.7001, -12.9626 -0.4195 2.7569, -12.9331 -0.6892 2.8663, -12.9038 -0.9319 3.0229, -12.8744 -1.1413 3.2221, -12.8452 -1.308 3.4542, -12.8201 -1.4144 3.6746, -12.7909 -1.4918 3.948, -12.7616 -1.5173 4.2309, -12.7322 -1.4894 4.513, -12.7147 -1.448 4.6771, -12.6853 -1.3388 4.9371, -12.6561 -1.1846 5.1701, -12.627 -0.9909 5.3696, -12.5978 -0.764 5.5294, -12.5683 -0.5102 5.6448, -12.5433 -0.2808 5.7039, -12.5139 -0.0056 5.7257, -12.4846 0.268 5.6958, -12.4553 0.5299 5.6161, -12.4381 0.6752 5.5468, -12.409 0.8989 5.3963, -12.3796 1.0931 5.2046, -12.3502 1.2469 4.9818, -12.3208 1.3565 4.7342, -12.2916 1.4172 4.4734, -12.2665 1.4301 4.2441, -12.2372 1.3986 3.9799, -12.2079 1.3188 3.7262, -12.1785 1.1933 3.4924, -12.1611 1.0994 3.3669, -12.1318 0.9118 3.1813, -12.1026 0.695 3.0354, -12.0734 0.4561 2.9326, -12.0442 0.2028 2.876, -12.0148 -0.0576 2.8675, -11.9896 -0.2771 2.8989, -11.9603 -0.5224 2.9789, -11.9309 -0.7476 3.1029, -11.9016 -0.9448 3.2657, -11.8846 -1.0441 3.3763, -11.8555 -1.1831 3.5861, -11.8261 -1.2819 3.8208, -11.7967 -1.3346 4.068, -11.7672 -1.3403 4.3205, -11.738 -1.2993 4.5668, -11.7128 -1.228 4.7691, -11.6836 -1.1063 4.9853, -11.6542 -0.9467 5.1749, -11.6248 -0.755 5.331, -11.6077 -0.6309 5.4045, -11.5783 -0.4032 5.497, -11.549 -0.1647 5.5451, -11.5199 0.0774 5.5481, -11.4906 0.3152 5.5062, -11.4612 0.542 5.4205, -11.436 0.7196 5.3149, -11.4066 0.9015 5.1585, -11.3772 1.0504 4.9716, -11.3479 1.1613 4.7614, -11.3311 1.2064 4.6329, -11.302 1.2508 4.4033, -11.2725 1.2519 4.1669, -11.2432 1.209 3.9363, -11.2137 1.124 3.7178, -11.1844 1.001 3.5215, -11.1592 0.8676 3.3733, -11.1299 0.6863 3.2317, -11.1005 0.4821 3.1264, -11.0711 0.2624 3.0613, -11.0542 0.1321 3.0429, -11.0248 -0.0956 3.0446, -10.9955 -0.3166 3.0883, -10.9663 -0.5246 3.1718, -10.9371 -0.7129 3.2921, -10.9076 -0.8761 3.4459, -10.8823 -0.9904 3.5996, -10.853 -1.09 3.7978, -10.8236 -1.1505 4.0102, -10.7942 -1.1703 4.2288, -10.7776 -1.1632 4.3524, -10.7486 -1.1198 4.5639, -10.7191 -1.0369 4.7658, -10.6897 -0.9187 4.9471, -10.6602 -0.7688 5.103, -14.1717 1.6679 3.7244, -14.0712 1.6801 3.898, -14.0327 1.6452 3.7441, -14.0473 1.6877 3.8983, -14.0107 1.657 3.7421, -14.0252 1.6996 3.8975, -14.0204 1.7437 4.0558, -13.9246 1.6235 3.3968, -13.954 1.7596 3.7134, -13.9831 1.8338 4.047, -14.0075 1.8478 4.3348, -14.1717 1.8398 3.6679, -14.2008 1.9211 4.017, -14.1669 1.9044 3.8385, -14.1814 1.9371 4.0165, -14.1229 1.5223 3.4337, -14.1376 1.5948 3.5791, -14.1523 1.6533 3.7309, -14.1669 1.697 3.8859, -14.2166 1.7608 4.037, -14.2008 1.7417 4.0408, -14.1814 1.7262 4.0445, -14.0618 1.7158 4.056, -14.0863 1.7297 4.3254, -14.0398 1.7277 4.0563, -14.0642 1.7415 4.3275, -13.927 1.6015 3.4087, -13.9564 1.7358 3.721, -13.9855 1.809 4.0501, -14.01 1.8228 4.334, -14.0392 1.7809 4.6718, -14.0815 1.8778 3.6633, -14.0566 1.8761 3.6661, -14.0712 1.9248 3.842, -14.0473 1.9181 3.8456, -14.0618 1.9501 4.0249, -14.0398 1.9387 4.0283, -14.0642 1.9542 4.3327, -14.0449 1.9383 4.3339, -14.1594 1.9491 4.0168, -14.1838 1.9663 4.3229, -14.1599 1.9735 4.3251, -14.2059 1.9545 4.3208, -14.2205 1.9421 4.5029, -14.252 1.8965 4.6786, -14.1248 1.7109 4.4837, -14.1009 1.7179 4.4865, -14.0788 1.7294 4.4897, -14.0741 1.7174 4.6553, -14.0449 1.7574 4.3295, -13.9343 1.5802 3.4198, -13.9637 1.7128 3.7279, -13.9928 1.7852 4.0526, -14.0173 1.7988 4.3328, -14.0465 1.7576 4.6662, -14.0758 1.6546 4.9882, -14.0741 1.8944 4.6931, -14.0788 1.9407 4.5147, -14.0863 1.9661 4.3311, -14.0857 1.9571 4.022, -14.096 1.9267 3.8395, -14.1064 1.8748 3.6621, -14.1156 1.8014 3.4909, -14.1229 1.7085 3.3307, -14.1081 1.863 4.8723, -14.0934 1.9103 4.6949, -14.1155 1.9222 4.6955, -14.1009 1.9527 4.5142, -14.1248 1.9601 4.5131, -14.1102 1.9734 4.3293, -14.1351 1.9759 4.3272, -14.1106 1.9593 4.0196, -14.1355 1.9565 4.0178, -14.1209 1.9239 3.838, -14.1448 1.9163 3.8376, -14.1303 1.8673 3.6625, -14.1523 1.8554 3.6644, -14.1376 1.7898 3.494, -14.1541 1.643 4.7992, -14.1155 1.691 4.6461, -14.1301 1.6493 4.8033, -14.0934 1.7022 4.6504, -14.1081 1.66 4.8086, -14.1034 1.6172 4.97, -13.9461 1.5604 3.4296, -13.9755 1.6915 3.7339, -14.0046 1.7631 4.0546, -14.029 1.7767 4.3313, -14.0583 1.7361 4.6606, -14.0876 1.6345 4.9788, -14.1169 1.4752 5.2726, -14.1034 1.784 5.0402, -14.1745 1.9606 4.5089, -14.1985 1.9536 4.5061, -14.1892 1.9306 4.691, -14.2131 1.9239 4.6876, -14.2038 1.8837 4.8704, -14.2185 1.82 5.0449, -14.0863 1.4288 3.3055, -14.1009 1.5129 3.4411, -14.1156 1.5847 3.5855, -14.1303 1.6427 3.7363, -14.1448 1.6858 3.8903, -14.1594 1.7147 4.0479, -14.1838 1.7299 4.3172, -14.1985 1.7188 4.4784, -14.2131 1.6928 4.6381, -14.0624 1.4239 3.3112, -14.0769 1.5075 3.4464, -14.0917 1.5788 3.5903, -14.1064 1.6364 3.7405, -14.1209 1.6792 3.8939, -14.1355 1.7077 4.0508, -14.1599 1.7226 4.319, -14.1745 1.7114 4.4795, -14.1892 1.6852 4.6385, -14.2038 1.6442 4.7952, -14.2185 1.5886 4.9476, -14.2331 1.519 5.094, -14.252 1.5215 5.0935, -14.1834 1.517 5.0976, -14.1448 1.593 4.9561, -14.1594 1.5225 5.1028, -14.1228 1.6031 4.9624, -14.1374 1.5321 5.11, -14.1327 1.4598 5.2608, -14.0758 1.7448 5.0262, -14.1051 1.5748 5.3397, -14.0978 1.5544 5.327, -14.1169 1.5938 5.3511, -14.0876 1.7656 5.0339, -14.0583 1.8751 4.6904, -14.1327 1.6107 5.3607, -14.1741 1.6357 5.3732, -14.152 1.6248 5.3682, -14.1594 1.731 5.2144, -14.1374 1.7197 5.2105, -14.1448 1.8109 5.0477, -14.1228 1.7993 5.0448, -14.1301 1.8749 4.8741, -14.198 1.6429 5.3755, -14.1834 1.7383 5.2161, -14.1687 1.8184 5.0487, -14.1541 1.8824 4.8744, -14.1394 1.9298 4.6951, -14.2082 1.7415 5.2154, -14.1936 1.8215 5.0477, -14.1789 1.8854 4.8732, -14.1643 1.9326 4.6936, -14.1497 1.9628 4.5113, -14.198 1.4336 5.2369, -14.1741 1.4386 5.2426, -14.152 1.4474 5.2507, -14.0046 1.9041 4.0359, -13.9928 1.8823 4.0398, -14.0173 1.8967 4.3352, -14.01 1.8727 4.3352, -14.0392 1.8297 4.6823, -14.0368 1.8053 4.6773, -14.0661 1.6994 5.008, -14.0685 1.6764 4.9981, -14.0978 1.5128 5.2994, -14.1051 1.4931 5.2857, -14.0327 1.8698 3.6703, -14.0252 1.907 3.85, -14.0204 1.9231 4.032, -14.029 1.9189 4.3347, -14.0465 1.8533 4.6867, -14.0685 1.7225 5.0175, -14.0954 1.5335 5.3134, -10.315 0.8315 5.0834, 13.7464 0.1236 3.937, 13.87 0.0905 -1.9685, 13.8435 0.1108 -1.9685, 13.6891 -0.0905 -1.9685, 13.7156 -0.1108 -1.9685, 13.6687 -0.064 3.937, 13.6559 -0.0331 3.937, 13.6687 -0.064 -1.9685, 13.6559 -0.0331 -1.9685, 13.8126 -0.1236 -1.9685, 13.7795 -0.128 -1.9685, 13.7464 -0.1236 -1.9685, 13.87 -0.0905 -1.9685, 13.8435 -0.1108 -1.9685, 13.8903 -0.064 -1.9685, 13.9031 -0.0331 -1.9685, 13.9075 -0.0 -1.9685, 13.9031 0.0331 -1.9685, 13.8903 0.064 -1.9685, 13.7464 0.1236 -1.9685, 13.7795 0.1279 -1.9685, 13.8126 0.1236 -1.9685, 13.6891 0.0905 -1.9685, 13.7156 0.1108 -1.9685, 13.6687 0.064 -1.9685, 13.6559 0.0331 3.937, 13.6687 0.064 3.937, 13.6891 0.0905 3.937, 13.7156 0.1108 3.937, 13.7795 0.1279 3.937, 13.8126 0.1236 3.937, 13.8435 0.1108 3.937, 13.87 0.0905 3.937, 13.8903 0.064 3.937, 13.9031 0.0331 3.937, 13.9075 -0.0 3.937, 13.9031 -0.0331 3.937, 13.8903 -0.064 3.937, 13.87 -0.0905 3.937, 13.8435 -0.1108 3.937, 13.8126 -0.1236 3.937, 13.7464 -0.1236 3.937, 13.7795 -0.128 3.937, 13.7156 -0.1108 3.937, 13.6891 -0.0905 3.937, 13.6559 0.0331 -1.9685, 13.6516 -0.0 -1.9685, 13.6516 -0.0 3.937, 13.7795 -0.0 -1.9685, 13.7795 -0.0 3.937
            ]
        }
        coordIndex [
            0,1,2,-1,2,1,3,-1,2,3,4,-1,4,3,5,-1,4,5,6,-1,6,5,7,-1,6,7,8,-1,8,7,9,-1,8,9,10,-1,10,9,11,-1,10,11,12,-1,12,11,13,-1,12,13,14,-1,14,13,15,-1,14,15,16,-1,16,15,17,-1,16,17,18,-1,18,17,19,-1,18,19,20,-1,20,19,21,-1,20,21,22,-1,22,21,23,-1,22,23,24,-1,24,23,25,-1,24,25,26,-1,26,25,27,-1,26,27,28,-1,28,27,29,-1,28,29,30,-1,30,29,31,-1,30,31,32,-1,32,31,33,-1,32,33,34,-1,34,33,35,-1,34,35,36,-1,36,35,37,-1,36,37,38,-1,38,37,39,-1,38,39,40,-1,40,39,41,-1,40,41,42,-1,42,41,43,-1,42,43,44,-1,44,43,45,-1,44,45,46,-1,46,45,47,-1,46,47,0,-1,0,47,1,-1,48,49,12,-1,50,51,52,-1,52,51,53,-1,54,55,56,-1,12,49,10,-1,10,49,57,-1,10,57,58,-1,55,59,56,-1,56,59,60,-1,56,60,61,-1,61,62,56,-1,56,62,63,-1,56,63,51,-1,51,63,64,-1,51,64,53,-1,65,66,12,-1,12,66,67,-1,12,67,48,-1,68,69,16,-1,16,69,70,-1,70,71,16,-1,16,71,72,-1,16,72,14,-1,14,72,73,-1,14,73,12,-1,12,73,74,-1,12,74,65,-1,75,76,77,-1,77,78,75,-1,75,78,79,-1,75,79,80,-1,80,81,75,-1,75,81,82,-1,75,82,83,-1,84,85,18,-1,18,85,86,-1,18,86,16,-1,16,86,87,-1,16,87,68,-1,88,89,76,-1,76,89,90,-1,76,90,77,-1,83,84,75,-1,75,84,18,-1,75,18,91,-1,91,18,20,-1,91,20,92,-1,92,20,22,-1,92,22,93,-1,93,22,24,-1,93,24,94,-1,94,24,26,-1,94,26,95,-1,95,26,28,-1,95,28,96,-1,96,28,30,-1,96,30,97,-1,97,30,32,-1,97,32,98,-1,98,32,34,-1,98,34,99,-1,99,34,36,-1,99,36,100,-1,100,36,38,-1,100,38,101,-1,101,38,40,-1,101,40,102,-1,102,40,42,-1,102,42,103,-1,103,42,44,-1,103,44,104,-1,104,44,46,-1,104,46,105,-1,105,46,0,-1,105,0,106,-1,106,0,2,-1,106,2,107,-1,107,2,4,-1,107,4,108,-1,108,4,6,-1,108,6,109,-1,109,6,8,-1,109,8,56,-1,56,8,10,-1,56,10,54,-1,54,10,58,-1,110,88,111,-1,111,88,76,-1,111,76,112,-1,112,76,75,-1,112,75,113,-1,113,75,91,-1,98,114,97,-1,97,114,115,-1,97,115,96,-1,96,115,116,-1,96,116,95,-1,95,116,117,-1,95,117,94,-1,94,117,118,-1,94,118,93,-1,93,118,119,-1,93,119,92,-1,92,119,120,-1,92,120,91,-1,91,120,121,-1,91,121,113,-1,107,122,106,-1,106,122,123,-1,106,123,105,-1,105,123,124,-1,105,124,104,-1,104,124,125,-1,104,125,103,-1,103,125,126,-1,103,126,102,-1,102,126,127,-1,102,127,101,-1,101,127,128,-1,101,128,100,-1,100,128,129,-1,100,129,99,-1,99,129,130,-1,99,130,98,-1,98,130,131,-1,98,131,114,-1,50,132,51,-1,51,132,133,-1,51,133,56,-1,56,133,134,-1,56,134,109,-1,109,134,135,-1,109,135,108,-1,108,135,136,-1,108,136,107,-1,107,136,137,-1,107,137,122,-1,138,139,140,-1,141,142,143,-1,142,144,111,-1,111,144,145,-1,111,145,110,-1,141,143,146,-1,147,148,149,-1,149,148,150,-1,149,150,151,-1,151,152,153,-1,153,152,154,-1,153,154,146,-1,155,156,157,-1,157,156,158,-1,157,158,159,-1,159,160,157,-1,157,160,161,-1,157,161,162,-1,161,163,162,-1,162,163,164,-1,162,164,165,-1,165,166,162,-1,162,166,167,-1,162,167,147,-1,168,169,170,-1,170,169,171,-1,170,171,157,-1,157,171,172,-1,157,172,155,-1,138,140,173,-1,174,175,176,-1,176,175,177,-1,178,179,180,-1,180,179,181,-1,133,132,182,-1,183,184,185,-1,185,184,186,-1,185,186,187,-1,187,186,188,-1,187,188,189,-1,189,188,190,-1,189,190,191,-1,191,190,192,-1,191,192,193,-1,193,192,194,-1,193,194,195,-1,195,194,196,-1,195,196,197,-1,197,196,198,-1,197,198,199,-1,199,198,200,-1,199,200,201,-1,201,200,202,-1,201,202,203,-1,203,202,204,-1,203,204,205,-1,205,204,206,-1,205,206,207,-1,207,206,208,-1,207,208,209,-1,209,208,210,-1,209,210,211,-1,211,210,212,-1,211,212,213,-1,213,212,214,-1,213,214,215,-1,215,214,216,-1,215,216,217,-1,217,216,218,-1,217,218,219,-1,219,218,220,-1,219,220,221,-1,221,220,222,-1,221,222,223,-1,223,222,224,-1,223,224,225,-1,225,224,226,-1,225,226,227,-1,227,226,228,-1,227,228,229,-1,229,228,230,-1,229,230,231,-1,231,230,232,-1,231,232,233,-1,233,232,234,-1,233,234,235,-1,235,234,236,-1,235,236,183,-1,183,236,184,-1,236,237,184,-1,184,237,238,-1,184,238,186,-1,186,238,239,-1,186,239,188,-1,188,239,240,-1,188,240,190,-1,190,240,241,-1,190,241,192,-1,192,241,242,-1,192,242,194,-1,194,242,243,-1,194,243,196,-1,196,243,244,-1,196,244,198,-1,198,244,245,-1,198,245,200,-1,200,245,246,-1,200,246,202,-1,202,246,247,-1,202,247,204,-1,204,247,248,-1,204,248,206,-1,206,248,249,-1,206,249,208,-1,208,249,250,-1,208,250,210,-1,210,250,251,-1,210,251,212,-1,212,251,252,-1,212,252,214,-1,214,252,253,-1,214,253,216,-1,216,253,254,-1,216,254,218,-1,218,254,170,-1,218,170,220,-1,220,170,157,-1,220,157,222,-1,222,157,162,-1,222,162,224,-1,224,162,255,-1,224,255,226,-1,226,255,256,-1,226,256,228,-1,228,256,257,-1,228,257,230,-1,230,257,258,-1,230,258,232,-1,232,258,259,-1,232,259,234,-1,234,259,260,-1,234,260,236,-1,236,260,237,-1,147,149,162,-1,162,149,261,-1,162,261,255,-1,255,261,262,-1,255,262,256,-1,256,262,263,-1,256,263,257,-1,257,263,264,-1,257,264,258,-1,258,264,265,-1,258,265,259,-1,259,265,266,-1,259,266,260,-1,260,266,267,-1,260,267,237,-1,237,267,268,-1,237,268,238,-1,238,268,269,-1,238,269,239,-1,239,269,270,-1,239,270,240,-1,240,270,271,-1,240,271,241,-1,241,271,272,-1,241,272,242,-1,242,272,273,-1,242,273,243,-1,243,273,274,-1,243,274,244,-1,244,274,275,-1,244,275,245,-1,245,275,276,-1,245,276,246,-1,246,276,277,-1,246,277,247,-1,247,277,278,-1,247,278,248,-1,248,278,279,-1,248,279,249,-1,249,279,280,-1,249,280,250,-1,250,280,281,-1,250,281,251,-1,251,281,282,-1,251,282,252,-1,252,282,283,-1,252,283,253,-1,253,283,284,-1,253,284,254,-1,254,284,140,-1,254,140,170,-1,170,140,139,-1,170,139,168,-1,151,153,149,-1,149,153,285,-1,149,285,261,-1,261,285,286,-1,261,286,262,-1,262,286,287,-1,262,287,263,-1,263,287,288,-1,263,288,264,-1,264,288,289,-1,264,289,265,-1,265,289,290,-1,265,290,266,-1,266,290,291,-1,266,291,267,-1,267,291,292,-1,267,292,268,-1,268,292,293,-1,268,293,269,-1,269,293,294,-1,269,294,270,-1,270,294,295,-1,270,295,271,-1,271,295,296,-1,271,296,272,-1,272,296,297,-1,272,297,273,-1,273,297,298,-1,273,298,274,-1,274,298,299,-1,274,299,275,-1,275,299,300,-1,275,300,276,-1,276,300,301,-1,276,301,277,-1,277,301,302,-1,277,302,278,-1,278,302,303,-1,278,303,279,-1,279,303,304,-1,279,304,280,-1,280,304,305,-1,280,305,281,-1,281,305,306,-1,281,306,282,-1,282,306,307,-1,282,307,283,-1,283,307,308,-1,283,308,284,-1,284,308,176,-1,284,176,140,-1,140,176,177,-1,140,177,173,-1,146,143,153,-1,153,143,309,-1,153,309,285,-1,285,309,310,-1,285,310,286,-1,286,310,311,-1,286,311,287,-1,287,311,312,-1,287,312,288,-1,288,312,313,-1,288,313,289,-1,289,313,314,-1,289,314,290,-1,290,314,315,-1,290,315,291,-1,291,315,316,-1,291,316,292,-1,292,316,317,-1,292,317,293,-1,293,317,318,-1,293,318,294,-1,294,318,319,-1,294,319,295,-1,295,319,320,-1,295,320,296,-1,296,320,321,-1,296,321,297,-1,297,321,322,-1,297,322,298,-1,298,322,323,-1,298,323,299,-1,299,323,324,-1,299,324,300,-1,300,324,325,-1,300,325,301,-1,301,325,326,-1,301,326,302,-1,302,326,327,-1,302,327,303,-1,303,327,328,-1,303,328,304,-1,304,328,329,-1,304,329,305,-1,305,329,330,-1,305,330,306,-1,306,330,331,-1,306,331,307,-1,307,331,332,-1,307,332,308,-1,308,332,180,-1,308,180,176,-1,176,180,181,-1,176,181,174,-1,142,111,143,-1,143,111,112,-1,143,112,309,-1,309,112,113,-1,309,113,310,-1,310,113,121,-1,310,121,311,-1,311,121,120,-1,311,120,312,-1,312,120,119,-1,312,119,313,-1,313,119,118,-1,313,118,314,-1,314,118,117,-1,314,117,315,-1,315,117,116,-1,315,116,316,-1,316,116,115,-1,316,115,317,-1,317,115,114,-1,317,114,318,-1,318,114,131,-1,318,131,319,-1,319,131,130,-1,319,130,320,-1,320,130,129,-1,320,129,321,-1,321,129,128,-1,321,128,322,-1,322,128,127,-1,322,127,323,-1,323,127,126,-1,323,126,324,-1,324,126,125,-1,324,125,325,-1,325,125,124,-1,325,124,326,-1,326,124,123,-1,326,123,327,-1,327,123,122,-1,327,122,328,-1,328,122,137,-1,328,137,329,-1,329,137,136,-1,329,136,330,-1,330,136,135,-1,330,135,331,-1,331,135,134,-1,331,134,332,-1,332,134,133,-1,332,133,180,-1,180,133,182,-1,180,182,178,-1,27,333,29,-1,29,333,334,-1,29,334,31,-1,31,334,335,-1,31,335,33,-1,33,335,336,-1,33,336,35,-1,35,336,337,-1,35,337,37,-1,37,337,338,-1,37,338,39,-1,39,338,339,-1,39,339,41,-1,41,339,340,-1,41,340,43,-1,43,340,341,-1,43,341,45,-1,45,341,342,-1,45,342,47,-1,47,342,343,-1,47,343,1,-1,1,343,344,-1,1,344,3,-1,3,344,345,-1,3,345,5,-1,5,345,346,-1,5,346,7,-1,7,346,347,-1,7,347,9,-1,9,347,348,-1,9,348,11,-1,11,348,349,-1,11,349,13,-1,13,349,350,-1,13,350,15,-1,15,350,351,-1,15,351,17,-1,17,351,352,-1,17,352,19,-1,19,352,353,-1,19,353,21,-1,21,353,354,-1,21,354,23,-1,23,354,355,-1,23,355,25,-1,25,355,356,-1,25,356,27,-1,27,356,333,-1,357,358,359,-1,359,358,360,-1,359,360,361,-1,361,362,359,-1,359,362,363,-1,359,363,364,-1,365,366,367,-1,364,363,367,-1,367,363,368,-1,367,368,369,-1,369,370,367,-1,367,370,371,-1,367,371,372,-1,373,367,374,-1,374,367,366,-1,374,366,375,-1,375,366,376,-1,372,377,367,-1,367,377,378,-1,367,378,365,-1,379,380,381,-1,382,383,384,-1,385,386,387,-1,386,388,389,-1,390,391,392,-1,393,394,395,-1,396,397,398,-1,399,400,397,-1,401,402,400,-1,403,404,405,-1,403,406,407,-1,408,409,410,-1,411,412,409,-1,413,414,415,-1,416,417,418,-1,419,420,421,-1,422,423,424,-1,425,426,427,-1,428,429,430,-1,431,432,433,-1,434,435,436,-1,437,438,439,-1,440,441,442,-1,443,444,445,-1,446,447,448,-1,449,450,451,-1,452,453,454,-1,455,456,457,-1,458,459,460,-1,461,462,463,-1,464,465,466,-1,467,468,469,-1,470,471,472,-1,473,474,475,-1,476,477,478,-1,474,479,480,-1,481,482,483,-1,484,485,486,-1,487,488,489,-1,490,491,492,-1,493,494,495,-1,496,497,498,-1,499,500,501,-1,502,503,504,-1,505,506,507,-1,508,509,510,-1,511,512,513,-1,514,515,516,-1,517,518,519,-1,520,521,522,-1,523,524,525,-1,526,527,528,-1,529,530,531,-1,532,533,530,-1,534,535,533,-1,536,537,535,-1,538,539,540,-1,538,541,542,-1,543,544,545,-1,546,547,544,-1,548,549,547,-1,550,551,552,-1,553,554,555,-1,556,557,558,-1,559,560,561,-1,562,563,564,-1,565,566,567,-1,568,569,570,-1,571,572,573,-1,574,575,576,-1,577,578,579,-1,580,581,582,-1,583,584,585,-1,586,587,588,-1,589,590,591,-1,592,593,594,-1,595,596,593,-1,597,598,596,-1,599,600,598,-1,601,602,603,-1,601,604,605,-1,606,607,608,-1,609,610,607,-1,611,612,613,-1,614,615,616,-1,617,618,619,-1,620,621,622,-1,623,624,625,-1,626,627,628,-1,629,630,631,-1,632,633,634,-1,635,636,637,-1,638,639,640,-1,641,642,643,-1,644,645,646,-1,647,648,649,-1,650,651,652,-1,653,654,655,-1,656,657,658,-1,659,660,661,-1,662,663,664,-1,665,666,667,-1,668,669,670,-1,671,672,673,-1,674,675,676,-1,677,678,679,-1,680,681,682,-1,683,684,685,-1,686,687,688,-1,689,690,691,-1,692,693,694,-1,695,696,697,-1,698,699,700,-1,701,702,703,-1,704,705,706,-1,707,708,709,-1,710,711,712,-1,713,714,711,-1,715,716,714,-1,717,718,719,-1,720,721,722,-1,723,724,725,-1,726,712,727,-1,728,729,730,-1,731,732,733,-1,734,735,736,-1,729,737,738,-1,739,740,741,-1,742,743,744,-1,745,746,747,-1,748,749,750,-1,749,748,751,-1,752,753,754,-1,755,756,757,-1,758,759,760,-1,761,762,763,-1,764,765,766,-1,767,768,769,-1,770,672,771,-1,772,773,774,-1,775,776,777,-1,778,779,780,-1,781,782,783,-1,784,785,786,-1,787,702,788,-1,789,790,791,-1,792,793,794,-1,795,796,797,-1,798,799,800,-1,801,802,803,-1,804,805,806,-1,807,804,808,-1,809,810,811,-1,811,810,812,-1,811,812,813,-1,814,815,816,-1,816,815,817,-1,818,819,815,-1,815,819,820,-1,815,820,817,-1,821,822,823,-1,824,825,826,-1,827,828,829,-1,829,828,830,-1,829,830,831,-1,832,833,834,-1,834,833,835,-1,829,390,827,-1,827,390,834,-1,827,834,836,-1,836,834,835,-1,837,838,832,-1,837,832,839,-1,838,840,832,-1,832,840,841,-1,832,841,833,-1,842,843,844,-1,844,845,842,-1,842,845,846,-1,842,846,847,-1,847,848,842,-1,842,848,849,-1,842,849,850,-1,850,849,851,-1,850,851,832,-1,832,851,852,-1,832,852,839,-1,843,842,853,-1,853,842,854,-1,853,854,855,-1,801,803,856,-1,856,803,857,-1,857,803,858,-1,857,858,859,-1,858,860,861,-1,858,861,859,-1,859,861,862,-1,859,862,863,-1,863,862,864,-1,864,862,865,-1,864,865,866,-1,798,867,799,-1,799,867,868,-1,799,868,869,-1,870,871,872,-1,871,870,873,-1,873,870,874,-1,873,874,796,-1,875,876,877,-1,877,876,878,-1,877,878,879,-1,879,880,877,-1,877,880,881,-1,877,881,882,-1,883,884,885,-1,885,886,883,-1,883,886,887,-1,883,887,888,-1,889,890,891,-1,891,890,883,-1,883,890,892,-1,883,892,884,-1,893,894,895,-1,895,894,896,-1,895,896,897,-1,898,899,900,-1,900,899,901,-1,900,901,902,-1,903,904,905,-1,903,905,906,-1,907,908,909,-1,909,910,911,-1,908,907,912,-1,912,907,913,-1,912,913,914,-1,915,916,913,-1,913,916,917,-1,913,917,914,-1,918,919,920,-1,920,919,921,-1,920,921,915,-1,915,921,922,-1,915,922,916,-1,918,920,923,-1,923,920,924,-1,923,924,925,-1,925,924,926,-1,926,924,927,-1,926,927,928,-1,929,930,931,-1,931,930,932,-1,931,932,927,-1,927,932,933,-1,927,933,928,-1,934,935,936,-1,936,935,937,-1,936,937,929,-1,929,937,938,-1,929,938,930,-1,934,936,939,-1,939,936,940,-1,939,940,941,-1,942,943,944,-1,944,943,945,-1,944,945,940,-1,940,945,946,-1,940,946,941,-1,942,944,947,-1,947,944,948,-1,947,948,949,-1,950,951,952,-1,952,951,953,-1,952,953,948,-1,948,953,954,-1,948,954,949,-1,955,956,957,-1,958,959,960,-1,960,959,961,-1,960,961,962,-1,962,963,960,-1,960,963,964,-1,960,964,965,-1,965,966,955,-1,955,966,967,-1,955,967,968,-1,968,969,955,-1,955,969,970,-1,955,970,956,-1,971,972,973,-1,973,972,974,-1,973,974,960,-1,960,974,975,-1,960,975,958,-1,793,976,794,-1,794,976,977,-1,794,977,973,-1,973,977,978,-1,973,978,971,-1,792,979,980,-1,980,979,981,-1,980,981,982,-1,983,984,985,-1,984,986,985,-1,985,986,987,-1,985,987,981,-1,981,987,988,-1,981,988,982,-1,989,990,991,-1,991,990,992,-1,991,992,993,-1,993,992,994,-1,993,994,995,-1,996,997,998,-1,998,997,999,-1,998,999,994,-1,994,999,1000,-1,994,1000,995,-1,1001,1002,996,-1,996,1002,1003,-1,996,1003,997,-1,1004,1005,1001,-1,1001,1005,1006,-1,1001,1006,1002,-1,1007,1008,1009,-1,1009,1008,1010,-1,1009,1010,1004,-1,1004,1010,1011,-1,1004,1011,1005,-1,1012,1013,1014,-1,1014,1015,1012,-1,1012,1015,1016,-1,1012,1016,1017,-1,1017,1016,1018,-1,1017,1018,1009,-1,1009,1018,1019,-1,1009,1019,1007,-1,1020,1021,1022,-1,1022,1021,1023,-1,1024,1025,1026,-1,1027,1028,1029,-1,1029,1028,1030,-1,1031,683,1032,-1,1031,1032,1033,-1,1033,1032,1034,-1,1033,1034,1035,-1,1035,1034,1036,-1,1035,1036,1037,-1,1037,1036,1038,-1,1037,1038,1039,-1,1039,1038,1040,-1,1039,1040,1041,-1,1041,1040,1042,-1,1041,1042,1043,-1,1044,650,1045,-1,1044,1045,1046,-1,1046,1045,1047,-1,1046,1047,1048,-1,1048,1047,1049,-1,1048,1049,1050,-1,1050,1049,1051,-1,1050,1051,1052,-1,1052,1051,1053,-1,1052,1053,1054,-1,1054,1053,1055,-1,1054,1055,1056,-1,1057,617,1058,-1,1057,1058,1059,-1,1059,1058,1060,-1,1059,1060,1061,-1,1061,1060,1062,-1,1061,1062,1063,-1,1063,1062,1064,-1,1063,1064,1065,-1,1065,1064,1066,-1,1065,1066,1067,-1,1067,1066,1068,-1,1067,1068,1069,-1,584,1070,1071,-1,1072,583,1073,-1,1072,1073,1074,-1,1074,1073,1075,-1,1074,1075,1076,-1,1076,1075,1077,-1,1076,1077,1078,-1,1078,1077,1079,-1,1078,1079,1080,-1,1081,556,1082,-1,1081,1082,1083,-1,1083,1082,1084,-1,1083,1084,1085,-1,1085,1084,1086,-1,1085,1086,1087,-1,1087,1086,1088,-1,1087,1088,1089,-1,1089,1088,1090,-1,1089,1090,1091,-1,1091,1090,1092,-1,1091,1092,1093,-1,521,1094,1095,-1,1096,520,1097,-1,1096,1097,1098,-1,1098,1097,1099,-1,1098,1099,1100,-1,1100,1099,1101,-1,1100,1101,1102,-1,1102,1101,1103,-1,1102,1103,1104,-1,1105,1106,1107,-1,1107,1106,1108,-1,1109,1110,1111,-1,1111,1110,1112,-1,1111,1112,1113,-1,1113,1112,1114,-1,1113,1114,1115,-1,515,1116,1117,-1,1118,514,1119,-1,1118,1119,1120,-1,1120,1119,1121,-1,1120,1121,1122,-1,1122,1121,1123,-1,1122,1123,1124,-1,1124,1123,1125,-1,1124,1125,1126,-1,1127,1128,1129,-1,1129,1128,1130,-1,1129,1130,1131,-1,1131,1130,1132,-1,1131,1132,1133,-1,1134,493,1135,-1,1134,1135,1136,-1,1136,1135,1137,-1,1136,1137,1138,-1,1138,1137,1139,-1,1138,1139,1140,-1,1140,1139,1141,-1,1140,1141,1142,-1,1142,1141,1143,-1,1142,1143,1144,-1,1144,1143,1145,-1,1144,1145,1146,-1,1147,481,1148,-1,1147,1148,1149,-1,1149,1148,1150,-1,1149,1150,1151,-1,1151,1150,1152,-1,1151,1152,1153,-1,1153,1152,1154,-1,1153,1154,1155,-1,1155,1154,1156,-1,1155,1156,1157,-1,1157,1156,1158,-1,1157,1158,1159,-1,1160,458,1161,-1,1160,1161,1162,-1,1162,1161,1163,-1,1162,1163,1164,-1,1164,1163,1165,-1,1164,1165,1166,-1,1166,1165,1167,-1,1166,1167,1168,-1,1168,1167,1169,-1,1168,1169,1170,-1,1170,1169,1171,-1,1170,1171,1172,-1,1173,443,1174,-1,1173,1174,1175,-1,1175,1174,1176,-1,1175,1176,1177,-1,1177,1176,1178,-1,1177,1178,1179,-1,1179,1178,1180,-1,1179,1180,1181,-1,1181,1180,1182,-1,1181,1182,1183,-1,1183,1182,1184,-1,1183,1184,1185,-1,1186,1187,1188,-1,1189,428,1190,-1,1189,1190,1191,-1,1191,1190,1192,-1,1191,1192,1193,-1,1193,1192,1194,-1,1193,1194,1195,-1,1195,1194,1196,-1,1195,1196,1197,-1,1197,1196,1198,-1,1197,1198,1199,-1,1199,1198,1200,-1,1199,1200,1201,-1,1202,416,1203,-1,1202,1203,1204,-1,1204,1203,1205,-1,1204,1205,1206,-1,1206,1205,1207,-1,1206,1207,1208,-1,1208,1207,1209,-1,1208,1209,1210,-1,1210,1209,1211,-1,1210,1211,1212,-1,1212,1211,1213,-1,1212,1213,1214,-1,792,794,979,-1,979,794,973,-1,979,973,1215,-1,1215,973,960,-1,1215,960,1216,-1,1216,960,1217,-1,1216,1217,1218,-1,1218,1217,1219,-1,1218,1219,1220,-1,1221,1222,1223,-1,1223,1222,875,-1,1223,875,1224,-1,1224,875,877,-1,1224,877,1225,-1,1226,1225,1227,-1,1227,1225,877,-1,1227,877,1029,-1,1029,877,882,-1,1029,882,1027,-1,1228,1229,1226,-1,360,358,1230,-1,1230,358,357,-1,1230,357,797,-1,797,357,1231,-1,797,1231,795,-1,360,1230,361,-1,361,1230,1232,-1,361,1232,362,-1,362,1232,1233,-1,362,1233,363,-1,805,359,806,-1,806,359,364,-1,806,364,1234,-1,1234,364,367,-1,1234,367,1235,-1,1235,367,373,-1,1235,373,1236,-1,1237,1238,1239,-1,1238,1240,1239,-1,1239,1240,1241,-1,1239,1241,1242,-1,1242,1241,1243,-1,1242,1243,1244,-1,1244,1243,1245,-1,1244,1245,1246,-1,1246,1245,751,-1,1247,1248,1249,-1,1249,1248,1250,-1,1251,1252,1253,-1,729,738,730,-1,730,738,1254,-1,730,1254,1255,-1,1256,1257,1258,-1,1258,1257,1259,-1,1258,1259,1260,-1,1260,1259,1255,-1,1260,1255,1261,-1,1261,1255,1254,-1,1262,1263,1256,-1,1256,1263,1264,-1,1256,1264,1257,-1,1262,1265,1263,-1,1263,1265,1266,-1,1263,1266,1267,-1,1268,1269,736,-1,736,1269,1270,-1,736,1270,734,-1,1239,1271,1237,-1,1237,1271,1272,-1,1237,1272,1273,-1,1273,1272,1274,-1,1273,1274,1275,-1,1275,1274,1269,-1,1275,1269,1276,-1,1276,1269,1268,-1,732,731,1277,-1,1277,731,1278,-1,1277,1278,742,-1,742,1278,1279,-1,742,1279,743,-1,1246,722,1244,-1,1244,722,721,-1,1244,721,1242,-1,1242,721,1280,-1,1242,1280,1239,-1,1239,1280,1281,-1,1239,1281,1271,-1,1271,1281,1282,-1,1271,1282,1272,-1,1272,1282,1283,-1,1272,1283,1274,-1,1274,1283,1284,-1,1274,1284,1269,-1,1269,1284,1285,-1,1269,1285,1270,-1,1270,1285,1286,-1,1270,1286,734,-1,734,1286,1267,-1,734,1267,735,-1,735,1267,1266,-1,1287,1288,1289,-1,1287,1290,1288,-1,1288,1290,1291,-1,1288,1291,1292,-1,1293,718,1294,-1,1294,718,717,-1,1294,717,1295,-1,1252,1251,1296,-1,1296,1251,1297,-1,1296,1297,1298,-1,1298,1297,1299,-1,1298,1299,1300,-1,1300,1299,1301,-1,1300,1301,1302,-1,1302,1301,1303,-1,1302,1303,1304,-1,1304,1303,1305,-1,1304,1305,1306,-1,1307,1308,1309,-1,1310,1293,1311,-1,1311,1293,1294,-1,1311,1294,1312,-1,1312,1294,1295,-1,1312,1295,1313,-1,711,710,713,-1,713,710,1314,-1,713,1314,1315,-1,1315,1314,1316,-1,1315,1316,1317,-1,702,787,703,-1,703,787,1318,-1,703,1318,1319,-1,1319,1318,1320,-1,1319,1320,1321,-1,1321,1320,1322,-1,1321,1322,1323,-1,1323,1322,748,-1,1323,748,1324,-1,1324,748,750,-1,1324,750,1325,-1,708,707,1326,-1,1326,707,1327,-1,1326,1327,1328,-1,1328,1327,1329,-1,1328,1329,1330,-1,1330,1329,1331,-1,1330,1331,1332,-1,1332,1331,1333,-1,1332,1333,1334,-1,1334,1333,1335,-1,1334,1335,1336,-1,1336,1335,739,-1,1336,739,1337,-1,1337,739,741,-1,1337,741,737,-1,1309,1338,784,-1,1292,1291,1339,-1,1339,1291,1340,-1,1339,1340,1341,-1,1341,1340,1342,-1,1341,1342,1343,-1,1344,1310,1345,-1,1345,1310,1311,-1,1345,1311,1346,-1,1346,1311,1312,-1,1346,1312,1347,-1,1347,1312,1313,-1,1347,1313,1348,-1,705,704,1349,-1,1349,704,1350,-1,1349,1350,1351,-1,1351,1350,1352,-1,1351,1352,1353,-1,1353,1352,726,-1,1353,726,1354,-1,1354,726,727,-1,1354,727,724,-1,788,1355,781,-1,699,701,700,-1,700,701,703,-1,700,703,1356,-1,1356,703,1319,-1,1356,1319,1357,-1,1357,1319,1321,-1,1357,1321,1358,-1,1358,1321,1323,-1,1358,1323,1359,-1,1359,1323,1324,-1,1359,1324,1360,-1,1360,1324,1325,-1,1360,1325,1361,-1,786,1362,778,-1,1309,1308,1338,-1,1338,1308,1363,-1,1338,1363,1364,-1,1364,1363,1365,-1,1364,1365,1366,-1,1366,1365,1367,-1,1366,1367,1368,-1,1368,1367,1369,-1,1368,1369,1370,-1,1343,1342,1371,-1,1371,1342,1372,-1,1371,1372,1373,-1,1374,1344,1375,-1,1375,1344,1345,-1,1375,1345,1376,-1,1376,1345,1346,-1,1376,1346,1377,-1,1377,1346,1347,-1,1377,1347,1378,-1,1378,1347,1348,-1,1378,1348,1379,-1,725,1380,723,-1,723,1380,1381,-1,723,1381,1382,-1,1382,1381,1383,-1,1382,1383,1384,-1,1384,1383,1385,-1,1384,1385,1386,-1,1386,1385,1387,-1,1386,1387,1388,-1,1388,1387,1389,-1,1388,1389,1390,-1,1390,1389,1391,-1,1390,1391,1392,-1,696,698,697,-1,697,698,700,-1,697,700,1393,-1,1393,700,1356,-1,1393,1356,1394,-1,1394,1356,1357,-1,1394,1357,1395,-1,1395,1357,1358,-1,1395,1358,1396,-1,1396,1358,1359,-1,1396,1359,1397,-1,1397,1359,1360,-1,1397,1360,1398,-1,1398,1360,1361,-1,1398,1361,1399,-1,786,785,1362,-1,1362,785,1400,-1,1362,1400,1401,-1,1401,1400,1402,-1,1401,1402,1403,-1,1403,1402,1404,-1,1403,1404,1405,-1,1405,1404,1406,-1,1405,1406,1407,-1,784,1338,785,-1,785,1338,1364,-1,785,1364,1400,-1,1400,1364,1366,-1,1400,1366,1402,-1,1402,1366,1368,-1,1402,1368,1404,-1,1404,1368,1370,-1,1404,1370,1406,-1,1373,1372,1408,-1,1408,1372,1409,-1,1408,1409,1410,-1,1411,1374,1412,-1,1412,1374,1375,-1,1412,1375,1413,-1,1413,1375,1376,-1,1413,1376,1414,-1,1414,1376,1377,-1,1414,1377,1415,-1,1415,1377,1378,-1,1415,1378,1416,-1,1416,1378,1379,-1,1416,1379,1417,-1,783,1418,775,-1,788,702,1355,-1,1355,702,701,-1,1355,701,1419,-1,1419,701,699,-1,1419,699,1420,-1,1420,699,698,-1,1420,698,1421,-1,1421,698,696,-1,1421,696,1422,-1,1422,696,695,-1,1422,695,1423,-1,1424,695,1425,-1,1425,695,697,-1,1425,697,1426,-1,1426,697,1393,-1,1426,1393,1427,-1,1427,1393,1394,-1,1427,1394,1428,-1,1428,1394,1395,-1,1428,1395,1429,-1,1429,1395,1396,-1,1429,1396,1430,-1,1430,1396,1397,-1,1430,1397,1431,-1,1431,1397,1398,-1,1431,1398,745,-1,745,1398,1399,-1,745,1399,746,-1,1432,1433,1434,-1,1434,1433,1435,-1,780,779,1436,-1,1436,779,1437,-1,1436,1437,1435,-1,1435,1437,1438,-1,1435,1438,1434,-1,778,1362,779,-1,779,1362,1401,-1,779,1401,1437,-1,1437,1401,1403,-1,1437,1403,1438,-1,1438,1403,1405,-1,1438,1405,1434,-1,1434,1405,1407,-1,1434,1407,1432,-1,728,1411,1439,-1,1439,1411,1412,-1,1439,1412,1440,-1,1440,1412,1413,-1,1440,1413,1441,-1,1441,1413,1414,-1,1441,1414,1442,-1,1442,1414,1415,-1,1442,1415,1443,-1,1443,1415,1416,-1,1443,1416,1444,-1,1444,1416,1417,-1,716,715,719,-1,719,715,1445,-1,719,1445,717,-1,717,1445,1446,-1,717,1446,1295,-1,1295,1446,1447,-1,1295,1447,1313,-1,1313,1447,1448,-1,1313,1448,1348,-1,1348,1448,1449,-1,1348,1449,1379,-1,1379,1449,1450,-1,1379,1450,1417,-1,714,713,715,-1,715,713,1315,-1,715,1315,1445,-1,1445,1315,1317,-1,1445,1317,1446,-1,1446,1317,1451,-1,1446,1451,1447,-1,1447,1451,1452,-1,1447,1452,1448,-1,1448,1452,1453,-1,1448,1453,1449,-1,1449,1453,1454,-1,1449,1454,1450,-1,712,726,710,-1,710,726,1352,-1,710,1352,1314,-1,1314,1352,1350,-1,1314,1350,1316,-1,1316,1350,704,-1,1316,704,1317,-1,1317,704,706,-1,1317,706,1451,-1,1451,706,1455,-1,1451,1455,1452,-1,1452,1455,1456,-1,1452,1456,1453,-1,1453,1456,1457,-1,1453,1457,1454,-1,724,723,1354,-1,1354,723,1382,-1,1354,1382,1353,-1,1353,1382,1384,-1,1353,1384,1351,-1,1351,1384,1386,-1,1351,1386,1349,-1,1349,1386,1388,-1,1349,1388,705,-1,705,1388,1390,-1,705,1390,706,-1,706,1390,1392,-1,706,1392,1455,-1,1455,1392,1458,-1,1455,1458,1456,-1,1456,1458,1459,-1,1456,1459,1457,-1,1380,1460,1381,-1,1381,1460,1461,-1,1381,1461,1383,-1,1383,1461,1462,-1,1383,1462,1385,-1,1385,1462,1463,-1,1385,1463,1387,-1,1387,1463,1464,-1,1387,1464,1389,-1,1389,1464,1465,-1,1389,1465,1391,-1,1391,1465,1466,-1,1391,1466,1392,-1,1392,1466,1467,-1,1392,1467,1458,-1,1458,1467,1468,-1,1458,1468,1459,-1,728,730,1411,-1,1411,730,1255,-1,1411,1255,1374,-1,1374,1255,1259,-1,1374,1259,1344,-1,1344,1259,1257,-1,1344,1257,1310,-1,1310,1257,1264,-1,1310,1264,1293,-1,1293,1264,1263,-1,1293,1263,718,-1,718,1263,1267,-1,718,1267,719,-1,719,1267,1286,-1,719,1286,716,-1,716,1286,1285,-1,716,1285,714,-1,714,1285,1284,-1,714,1284,711,-1,711,1284,1283,-1,711,1283,712,-1,712,1283,1282,-1,712,1282,727,-1,727,1282,1281,-1,727,1281,724,-1,724,1281,1280,-1,724,1280,725,-1,725,1280,721,-1,725,721,1380,-1,1380,721,720,-1,1380,720,1460,-1,1460,720,1469,-1,1460,1469,1461,-1,1461,1469,1470,-1,1461,1470,1462,-1,1462,1470,1471,-1,1462,1471,1463,-1,1463,1471,1472,-1,1463,1472,1464,-1,1464,1472,1473,-1,1464,1473,1465,-1,1465,1473,1474,-1,1465,1474,1466,-1,1466,1474,1475,-1,1466,1475,1467,-1,1467,1475,1476,-1,1467,1476,1468,-1,693,1424,694,-1,694,1424,1425,-1,694,1425,1477,-1,1477,1425,1426,-1,1477,1426,1478,-1,1478,1426,1427,-1,1478,1427,1479,-1,1479,1427,1428,-1,1479,1428,1480,-1,1480,1428,1429,-1,1480,1429,1481,-1,1481,1429,1430,-1,1481,1430,1482,-1,1482,1430,1431,-1,1482,1431,1483,-1,1483,1431,745,-1,1483,745,1250,-1,1250,745,747,-1,1250,747,1249,-1,1484,1485,1486,-1,1432,1484,1433,-1,1433,1484,1486,-1,1433,1486,1435,-1,1435,1486,1487,-1,1435,1487,1436,-1,1436,1487,1488,-1,1436,1488,780,-1,780,1488,1489,-1,780,1489,778,-1,778,1489,1490,-1,778,1490,786,-1,786,1490,1491,-1,786,1491,784,-1,784,1491,1492,-1,784,1492,1309,-1,1309,1492,1493,-1,1309,1493,1307,-1,1307,1493,1289,-1,1494,1495,1496,-1,1496,1495,1497,-1,1496,1497,1498,-1,1498,1497,1499,-1,1498,1499,1500,-1,1500,1499,1501,-1,1500,1501,1502,-1,1502,1501,1503,-1,1502,1503,1504,-1,1504,1503,1505,-1,1506,773,1507,-1,1507,773,772,-1,1507,772,1508,-1,1410,1409,1508,-1,1508,1409,1509,-1,1508,1509,1507,-1,1507,1509,1510,-1,1507,1510,1506,-1,1475,1511,1476,-1,1476,1511,1512,-1,1476,1512,1513,-1,690,692,691,-1,691,692,694,-1,691,694,1514,-1,1514,694,1477,-1,1514,1477,1515,-1,1515,1477,1478,-1,1515,1478,1516,-1,1516,1478,1479,-1,1516,1479,1517,-1,1517,1479,1480,-1,1517,1480,1518,-1,1518,1480,1481,-1,1518,1481,1519,-1,1519,1481,1482,-1,1519,1482,1520,-1,1520,1482,1483,-1,1520,1483,733,-1,733,1483,1250,-1,733,1250,731,-1,731,1250,1248,-1,731,1248,1278,-1,1278,1248,1247,-1,1278,1247,1279,-1,1521,1494,1522,-1,1522,1494,1496,-1,1522,1496,1523,-1,1523,1496,1498,-1,1523,1498,1524,-1,1524,1498,1500,-1,1524,1500,1525,-1,1525,1500,1502,-1,1525,1502,1526,-1,1526,1502,1504,-1,1526,1527,1525,-1,1525,1527,1528,-1,1525,1528,1524,-1,1524,1528,1529,-1,1524,1529,1523,-1,1523,1529,1530,-1,1523,1530,1522,-1,1522,1530,1531,-1,1522,1531,1521,-1,1532,774,1533,-1,1533,774,773,-1,1533,773,1534,-1,1534,773,1506,-1,1534,1506,1535,-1,1535,1506,1510,-1,1535,1510,1536,-1,1537,1532,1538,-1,1538,1532,1533,-1,1538,1533,1539,-1,1539,1533,1534,-1,1539,1534,1540,-1,1540,1534,1535,-1,1540,1535,1541,-1,1541,1535,1536,-1,1512,1542,1513,-1,1513,1542,1543,-1,1513,1543,1544,-1,687,689,688,-1,688,689,691,-1,688,691,1545,-1,1545,691,1514,-1,1545,1514,1546,-1,1546,1514,1515,-1,1546,1515,1547,-1,1547,1515,1516,-1,1547,1516,1548,-1,1548,1516,1517,-1,1548,1517,1549,-1,1549,1517,1518,-1,1549,1518,1550,-1,1550,1518,1519,-1,1550,1519,1551,-1,1551,1519,1520,-1,1551,1520,1552,-1,1552,1520,733,-1,1552,733,1553,-1,1553,733,732,-1,1553,732,1554,-1,1554,732,1277,-1,1554,1277,1555,-1,1555,1277,742,-1,1555,742,1556,-1,1556,742,744,-1,1556,744,1557,-1,1558,1559,1560,-1,1531,1558,1521,-1,1521,1558,1560,-1,1521,1560,1494,-1,1494,1560,1485,-1,1494,1485,1495,-1,1495,1485,1484,-1,1495,1484,1497,-1,1497,1484,1432,-1,1497,1432,1499,-1,1499,1432,1407,-1,1499,1407,1501,-1,1501,1407,1406,-1,1501,1406,1503,-1,1503,1406,1370,-1,1503,1370,1505,-1,1505,1370,1369,-1,1561,1537,1562,-1,1562,1537,1538,-1,1562,1538,1563,-1,1563,1538,1539,-1,1563,1539,1564,-1,1564,1539,1540,-1,1564,1540,1565,-1,1565,1540,1541,-1,1565,1541,1566,-1,1566,1541,1536,-1,1566,1536,1567,-1,1568,1567,1569,-1,1569,1567,1536,-1,1569,1536,1570,-1,1570,1536,1510,-1,1570,1510,1444,-1,1444,1510,1509,-1,1444,1509,1443,-1,1443,1509,1409,-1,1443,1409,1442,-1,1442,1409,1372,-1,1442,1372,1441,-1,1441,1372,1342,-1,1441,1342,1440,-1,1440,1342,1340,-1,1440,1340,1439,-1,1439,1340,1291,-1,1439,1291,728,-1,728,1291,1290,-1,728,1290,729,-1,1543,1571,1544,-1,1544,1571,1572,-1,1544,1572,1573,-1,681,686,682,-1,682,686,688,-1,682,688,1574,-1,1574,688,1545,-1,1574,1545,1575,-1,1575,1545,1546,-1,1575,1546,1576,-1,1576,1546,1547,-1,1576,1547,1577,-1,1577,1547,1548,-1,1577,1548,1578,-1,1578,1548,1549,-1,1578,1549,1579,-1,1579,1549,1550,-1,1579,1550,1580,-1,1580,1550,1551,-1,1580,1551,1306,-1,1306,1551,1552,-1,1306,1552,1304,-1,1304,1552,1553,-1,1304,1553,1302,-1,1302,1553,1554,-1,1302,1554,1300,-1,1300,1554,1555,-1,1300,1555,1298,-1,1298,1555,1556,-1,1298,1556,1296,-1,1296,1556,1557,-1,1296,1557,1252,-1,1581,1582,1583,-1,1584,1582,1585,-1,1585,1582,1581,-1,1585,1581,1586,-1,1587,1584,1588,-1,1588,1584,1585,-1,1588,1585,1589,-1,1589,1585,1586,-1,1589,1586,1590,-1,1591,1587,1592,-1,1592,1587,1588,-1,1592,1588,1593,-1,1593,1588,1589,-1,1593,1589,1594,-1,1594,1589,1590,-1,1594,1590,1595,-1,1596,1591,1597,-1,1597,1591,1592,-1,1597,1592,1598,-1,1598,1592,1593,-1,1598,1593,1599,-1,1599,1593,1594,-1,1599,1594,1600,-1,1600,1594,1595,-1,1600,1595,1601,-1,1602,1596,1559,-1,1559,1596,1597,-1,1559,1597,1560,-1,1560,1597,1598,-1,1560,1598,1485,-1,1485,1598,1599,-1,1485,1599,1486,-1,1486,1599,1600,-1,1486,1600,1487,-1,1487,1600,1601,-1,1487,1601,1488,-1,683,685,1032,-1,1032,685,1603,-1,1032,1603,1034,-1,1034,1603,1604,-1,1034,1604,1036,-1,1036,1604,1605,-1,1036,1605,1038,-1,1038,1605,1606,-1,1038,1606,1040,-1,1040,1606,1607,-1,1040,1607,1042,-1,684,1561,685,-1,685,1561,1562,-1,685,1562,1603,-1,1603,1562,1563,-1,1603,1563,1604,-1,1604,1563,1564,-1,1604,1564,1605,-1,1605,1564,1565,-1,1605,1565,1606,-1,1606,1565,1566,-1,1606,1566,1607,-1,1607,1566,1567,-1,1607,1567,1042,-1,1042,1567,1608,-1,1042,1608,1043,-1,1572,1609,1573,-1,1573,1609,1610,-1,1573,1610,1611,-1,678,680,679,-1,679,680,682,-1,679,682,1612,-1,1612,682,1574,-1,1612,1574,1613,-1,1613,1574,1575,-1,1613,1575,1614,-1,1614,1575,1576,-1,1614,1576,1615,-1,1615,1576,1577,-1,1615,1577,1616,-1,1616,1577,1578,-1,1616,1578,1617,-1,1617,1578,1579,-1,1617,1579,1618,-1,1618,1579,1580,-1,1618,1580,709,-1,709,1580,1306,-1,709,1306,707,-1,707,1306,1305,-1,707,1305,1327,-1,1327,1305,1303,-1,1327,1303,1329,-1,1329,1303,1301,-1,1329,1301,1331,-1,1331,1301,1299,-1,1331,1299,1333,-1,1333,1299,1297,-1,1333,1297,1335,-1,1335,1297,1251,-1,1335,1251,739,-1,739,1251,1253,-1,739,1253,740,-1,1289,1288,1307,-1,1307,1288,1292,-1,1307,1292,1308,-1,1308,1292,1339,-1,1308,1339,1363,-1,1363,1339,1341,-1,1363,1341,1365,-1,1365,1341,1343,-1,1365,1343,1367,-1,1367,1343,1371,-1,1367,1371,1369,-1,1369,1371,1373,-1,1369,1373,1505,-1,1505,1373,1408,-1,1505,1408,1504,-1,1504,1408,1410,-1,1504,1410,1526,-1,1526,1410,1508,-1,1526,1508,1527,-1,1527,1508,772,-1,1527,772,1528,-1,1528,772,774,-1,1528,774,1529,-1,1529,774,1532,-1,1529,1532,1530,-1,1530,1532,1537,-1,1530,1537,1531,-1,1531,1537,1561,-1,1531,1561,1558,-1,1558,1561,684,-1,1558,684,1559,-1,1559,684,683,-1,1559,683,1602,-1,1602,683,1031,-1,1602,1031,1619,-1,1619,1031,1033,-1,1619,1033,1620,-1,1620,1033,1035,-1,1620,1035,1621,-1,1621,1035,1037,-1,1621,1037,1622,-1,1622,1037,1039,-1,1622,1039,1623,-1,1623,1039,1041,-1,1623,1041,1624,-1,1624,1041,1043,-1,1624,1043,1625,-1,1625,1043,1608,-1,1625,1608,1626,-1,1610,1627,1611,-1,1611,1627,1628,-1,1611,1628,1629,-1,1629,1628,1630,-1,1629,1630,1631,-1,1423,695,1632,-1,1632,695,1424,-1,1632,1424,1633,-1,1633,1424,693,-1,1633,693,1634,-1,1634,693,692,-1,1634,692,1635,-1,1635,692,690,-1,1635,690,1636,-1,1636,690,689,-1,1636,689,1637,-1,1637,689,687,-1,1637,687,1638,-1,1638,687,686,-1,1638,686,1639,-1,1639,686,681,-1,1639,681,1640,-1,1640,681,680,-1,1640,680,1641,-1,1641,680,678,-1,1641,678,1642,-1,1642,678,677,-1,1642,677,1643,-1,1644,1645,1646,-1,1646,1645,1647,-1,783,782,1418,-1,1418,782,1648,-1,1418,1648,1649,-1,1649,1648,1650,-1,1649,1650,1651,-1,1651,1650,1652,-1,1651,1652,1653,-1,1653,1652,1654,-1,1653,1654,1655,-1,1655,1654,1656,-1,1655,1656,1657,-1,1657,1656,1658,-1,1657,1658,1659,-1,1659,1658,1660,-1,1659,1660,1661,-1,1661,1660,1662,-1,1661,1662,1663,-1,1663,1662,1664,-1,1663,1664,1665,-1,1665,1664,1666,-1,1665,1666,1667,-1,1667,1666,1668,-1,1667,1668,1669,-1,1669,1668,1670,-1,1669,1670,1671,-1,1671,1670,1672,-1,1671,1672,1673,-1,1673,1672,1674,-1,1673,1674,1675,-1,1675,1674,1676,-1,1675,1676,1677,-1,1677,1676,1678,-1,1677,1678,1679,-1,1679,1678,1680,-1,1679,1680,1681,-1,781,1355,782,-1,782,1355,1419,-1,782,1419,1648,-1,1648,1419,1420,-1,1648,1420,1650,-1,1650,1420,1421,-1,1650,1421,1652,-1,1652,1421,1422,-1,1652,1422,1654,-1,1654,1422,1423,-1,1654,1423,1656,-1,1656,1423,1632,-1,1656,1632,1658,-1,1658,1632,1633,-1,1658,1633,1660,-1,1660,1633,1634,-1,1660,1634,1662,-1,1662,1634,1635,-1,1662,1635,1664,-1,1664,1635,1636,-1,1664,1636,1666,-1,1666,1636,1637,-1,1666,1637,1668,-1,1668,1637,1638,-1,1668,1638,1670,-1,1670,1638,1639,-1,1670,1639,1672,-1,1672,1639,1640,-1,1672,1640,1674,-1,1674,1640,1641,-1,1674,1641,1676,-1,1676,1641,1642,-1,1676,1642,1678,-1,1678,1642,1643,-1,1678,1643,1680,-1,672,770,673,-1,673,770,1682,-1,673,1682,1683,-1,1683,1682,1684,-1,1683,1684,1685,-1,675,674,1686,-1,1686,674,1687,-1,1686,1687,1688,-1,1688,1687,1689,-1,1688,1689,1690,-1,1630,1691,1631,-1,1631,1691,1692,-1,1631,1692,1693,-1,771,1694,767,-1,666,671,667,-1,667,671,673,-1,667,673,1695,-1,1695,673,1683,-1,1695,1683,1696,-1,1696,1683,1685,-1,1696,1685,1697,-1,669,668,1698,-1,1698,668,1699,-1,1698,1699,1700,-1,1700,1699,1701,-1,1700,1701,1702,-1,1702,1701,1703,-1,1702,1703,1704,-1,1704,1703,1705,-1,1704,1705,1706,-1,1707,1708,1709,-1,1692,1710,1693,-1,1693,1710,1711,-1,1693,1711,1712,-1,777,776,1713,-1,1713,776,1714,-1,1713,1714,1715,-1,1715,1714,1716,-1,1715,1716,1717,-1,1717,1716,1718,-1,1717,1718,1719,-1,1719,1718,1720,-1,1719,1720,1721,-1,1721,1720,1722,-1,1721,1722,1723,-1,1723,1722,1724,-1,1723,1724,1725,-1,1725,1724,1726,-1,1725,1726,1727,-1,1727,1726,1728,-1,1727,1728,1729,-1,1729,1728,1730,-1,1729,1730,1731,-1,1731,1730,1732,-1,1731,1732,1733,-1,1733,1732,1734,-1,1733,1734,1735,-1,1735,1734,1736,-1,1735,1736,1737,-1,1737,1736,1738,-1,1737,1738,1739,-1,1739,1738,1740,-1,1739,1740,1741,-1,1741,1740,1742,-1,1741,1742,1743,-1,1743,1742,1744,-1,1743,1744,1745,-1,1745,1744,1746,-1,1745,1746,1747,-1,775,1418,776,-1,776,1418,1649,-1,776,1649,1714,-1,1714,1649,1651,-1,1714,1651,1716,-1,1716,1651,1653,-1,1716,1653,1718,-1,1718,1653,1655,-1,1718,1655,1720,-1,1720,1655,1657,-1,1720,1657,1722,-1,1722,1657,1659,-1,1722,1659,1724,-1,1724,1659,1661,-1,1724,1661,1726,-1,1726,1661,1663,-1,1726,1663,1728,-1,1728,1663,1665,-1,1728,1665,1730,-1,1730,1665,1667,-1,1730,1667,1732,-1,1732,1667,1669,-1,1732,1669,1734,-1,1734,1669,1671,-1,1734,1671,1736,-1,1736,1671,1673,-1,1736,1673,1738,-1,1738,1673,1675,-1,1738,1675,1740,-1,1740,1675,1677,-1,1740,1677,1742,-1,1742,1677,1679,-1,1742,1679,1744,-1,1744,1679,1681,-1,1744,1681,1746,-1,663,665,664,-1,664,665,667,-1,664,667,1748,-1,1748,667,1695,-1,1748,1695,1749,-1,1749,1695,1696,-1,1749,1696,1750,-1,1750,1696,1697,-1,1750,1697,1751,-1,1752,1753,1754,-1,1754,1753,1755,-1,1754,1755,1756,-1,1756,1755,1757,-1,1756,1757,1758,-1,1758,1757,1759,-1,1758,1759,1760,-1,1760,1759,1761,-1,1760,1761,1762,-1,1763,1764,1765,-1,1765,1764,1766,-1,1765,1766,1767,-1,1767,1766,1768,-1,1767,1768,1769,-1,1711,1770,1712,-1,1712,1770,1771,-1,1712,1771,1772,-1,1772,1771,1773,-1,1772,1773,1774,-1,751,748,1246,-1,1246,748,1322,-1,1246,1322,722,-1,722,1322,1320,-1,722,1320,720,-1,720,1320,1318,-1,720,1318,1469,-1,1469,1318,787,-1,1469,787,1470,-1,1470,787,788,-1,1470,788,1471,-1,1471,788,781,-1,1471,781,1472,-1,1472,781,783,-1,1472,783,1473,-1,1473,783,775,-1,1473,775,1474,-1,1474,775,777,-1,1474,777,1475,-1,1475,777,1713,-1,1475,1713,1511,-1,1511,1713,1715,-1,1511,1715,1512,-1,1512,1715,1717,-1,1512,1717,1542,-1,1542,1717,1719,-1,1542,1719,1543,-1,1543,1719,1721,-1,1543,1721,1571,-1,1571,1721,1723,-1,1571,1723,1572,-1,1572,1723,1725,-1,1572,1725,1609,-1,1609,1725,1727,-1,1609,1727,1610,-1,1610,1727,1729,-1,1610,1729,1627,-1,1627,1729,1731,-1,1627,1731,1628,-1,1628,1731,1733,-1,1628,1733,1630,-1,1630,1733,1735,-1,1630,1735,1691,-1,1691,1735,1737,-1,1691,1737,1692,-1,1692,1737,1739,-1,1692,1739,1710,-1,1710,1739,1741,-1,1710,1741,1711,-1,1711,1741,1743,-1,1711,1743,1770,-1,1770,1743,1745,-1,1770,1745,1771,-1,1771,1745,1747,-1,1771,1747,1773,-1,769,1775,764,-1,771,672,1694,-1,1694,672,671,-1,1694,671,1776,-1,1776,671,666,-1,1776,666,1777,-1,1777,666,665,-1,1777,665,1778,-1,1778,665,663,-1,1778,663,1779,-1,1779,663,662,-1,1779,662,1780,-1,1781,662,1782,-1,1782,662,664,-1,1782,664,1783,-1,1783,664,1748,-1,1783,1748,1784,-1,1784,1748,1749,-1,1784,1749,1785,-1,1785,1749,1750,-1,1785,1750,1786,-1,1786,1750,1751,-1,1786,1751,1787,-1,1788,1752,1789,-1,1789,1752,1754,-1,1789,1754,1790,-1,1790,1754,1756,-1,1790,1756,1791,-1,1791,1756,1758,-1,1791,1758,1792,-1,1792,1758,1760,-1,1792,1760,1793,-1,1793,1760,1762,-1,1793,1762,1794,-1,1794,1762,1795,-1,1794,1795,1796,-1,1797,1798,1799,-1,660,1781,661,-1,661,1781,1782,-1,661,1782,1800,-1,1800,1782,1783,-1,1800,1783,1801,-1,1801,1783,1784,-1,1801,1784,1802,-1,1802,1784,1785,-1,1802,1785,1803,-1,1803,1785,1786,-1,1803,1786,1804,-1,1804,1786,1787,-1,1804,1787,1805,-1,1806,1807,1808,-1,1808,1807,1809,-1,1808,1809,1810,-1,1810,1809,1811,-1,1810,1811,1812,-1,1812,1811,1813,-1,1812,1813,1814,-1,1814,1813,1815,-1,1816,762,1817,-1,1817,762,761,-1,1817,761,1799,-1,1799,1798,1817,-1,1817,1798,1818,-1,1817,1818,1816,-1,1773,1819,1774,-1,1774,1819,1820,-1,1774,1820,1821,-1,657,659,658,-1,658,659,661,-1,658,661,1822,-1,1822,661,1800,-1,1822,1800,1823,-1,1823,1800,1801,-1,1823,1801,1824,-1,1824,1801,1802,-1,1824,1802,1825,-1,1825,1802,1803,-1,1825,1803,1826,-1,1826,1803,1804,-1,1826,1804,1827,-1,1827,1804,1805,-1,1827,1805,1828,-1,1829,1815,1830,-1,1830,1815,1813,-1,1830,1813,1831,-1,1831,1813,1811,-1,1831,1811,1832,-1,1832,1811,1809,-1,1832,1809,1833,-1,1833,1809,1807,-1,1833,1807,1834,-1,1834,1807,1806,-1,1834,1806,1835,-1,1814,1836,1812,-1,1812,1836,1837,-1,1812,1837,1810,-1,1810,1837,1838,-1,1810,1838,1808,-1,1808,1838,1839,-1,1808,1839,1806,-1,1806,1839,1840,-1,1806,1840,1835,-1,1841,763,1842,-1,1842,763,762,-1,1842,762,1843,-1,1843,762,1816,-1,1843,1816,1844,-1,1844,1816,1818,-1,1844,1818,1845,-1,1846,1841,1847,-1,1847,1841,1842,-1,1847,1842,1848,-1,1848,1842,1843,-1,1848,1843,1849,-1,1849,1843,1844,-1,1849,1844,1850,-1,1850,1844,1845,-1,1820,1851,1821,-1,1821,1851,1852,-1,1821,1852,1853,-1,654,656,655,-1,655,656,658,-1,655,658,1854,-1,1854,658,1822,-1,1854,1822,1855,-1,1855,1822,1823,-1,1855,1823,1856,-1,1856,1823,1824,-1,1856,1824,1857,-1,1857,1824,1825,-1,1857,1825,1858,-1,1858,1825,1826,-1,1858,1826,1859,-1,1859,1826,1827,-1,1859,1827,1860,-1,1860,1827,1828,-1,1860,1828,1861,-1,1862,1835,1863,-1,1863,1835,1840,-1,1863,1840,1864,-1,1864,1840,1839,-1,1864,1839,1865,-1,1865,1839,1838,-1,1865,1838,1866,-1,1866,1838,1837,-1,1866,1837,1867,-1,1867,1837,1836,-1,1867,1836,1769,-1,1769,1836,1814,-1,1769,1814,1767,-1,1767,1814,1815,-1,1767,1815,1765,-1,1765,1815,1829,-1,1765,1829,1763,-1,1868,1846,1869,-1,1869,1846,1847,-1,1869,1847,1870,-1,1870,1847,1848,-1,1870,1848,1871,-1,1871,1848,1849,-1,1871,1849,1872,-1,1872,1849,1850,-1,1872,1850,1873,-1,1873,1850,1845,-1,1873,1845,1874,-1,1852,1875,1853,-1,1853,1875,1876,-1,1853,1876,1877,-1,648,653,649,-1,649,653,655,-1,649,655,1878,-1,1878,655,1854,-1,1878,1854,1879,-1,1879,1854,1855,-1,1879,1855,1880,-1,1880,1855,1856,-1,1880,1856,1881,-1,1881,1856,1857,-1,1881,1857,1882,-1,1882,1857,1858,-1,1882,1858,1883,-1,1883,1858,1859,-1,1883,1859,1884,-1,1884,1859,1860,-1,1884,1860,1647,-1,1647,1860,1861,-1,1647,1861,1646,-1,1885,1886,1887,-1,1888,1886,1889,-1,1889,1886,1885,-1,1889,1885,1890,-1,1891,1888,1862,-1,1862,1888,1889,-1,1862,1889,1835,-1,1835,1889,1890,-1,1835,1890,1834,-1,650,652,1045,-1,1045,652,1892,-1,1045,1892,1047,-1,1047,1892,1893,-1,1047,1893,1049,-1,1049,1893,1894,-1,1049,1894,1051,-1,1051,1894,1895,-1,1051,1895,1053,-1,1053,1895,1896,-1,1053,1896,1055,-1,651,1868,652,-1,652,1868,1869,-1,652,1869,1892,-1,1892,1869,1870,-1,1892,1870,1893,-1,1893,1870,1871,-1,1893,1871,1894,-1,1894,1871,1872,-1,1894,1872,1895,-1,1895,1872,1873,-1,1895,1873,1896,-1,1896,1873,1874,-1,1896,1874,1055,-1,1055,1874,1897,-1,1055,1897,1056,-1,1876,1898,1877,-1,1877,1898,1899,-1,1877,1899,1900,-1,645,647,646,-1,646,647,649,-1,646,649,1901,-1,1901,649,1878,-1,1901,1878,1902,-1,1902,1878,1879,-1,1902,1879,1903,-1,1903,1879,1880,-1,1903,1880,1904,-1,1904,1880,1881,-1,1904,1881,1905,-1,1905,1881,1882,-1,1905,1882,1906,-1,1906,1882,1883,-1,1906,1883,1907,-1,1907,1883,1884,-1,1907,1884,676,-1,676,1884,1647,-1,676,1647,674,-1,674,1647,1645,-1,674,1645,1687,-1,1687,1645,1644,-1,1687,1644,1689,-1,1763,1707,1764,-1,1764,1707,1709,-1,1764,1709,1766,-1,1766,1709,1797,-1,1766,1797,1768,-1,1768,1797,1799,-1,1768,1799,1769,-1,1769,1799,761,-1,1769,761,1867,-1,1867,761,763,-1,1867,763,1866,-1,1866,763,1841,-1,1866,1841,1865,-1,1865,1841,1846,-1,1865,1846,1864,-1,1864,1846,1868,-1,1864,1868,1863,-1,1863,1868,651,-1,1863,651,1862,-1,1862,651,650,-1,1862,650,1891,-1,1891,650,1044,-1,1891,1044,1908,-1,1908,1044,1046,-1,1908,1046,1909,-1,1909,1046,1048,-1,1909,1048,1910,-1,1910,1048,1050,-1,1910,1050,1911,-1,1911,1050,1052,-1,1911,1052,1912,-1,1912,1052,1054,-1,1912,1054,1913,-1,1913,1054,1056,-1,1913,1056,1914,-1,1914,1056,1897,-1,1914,1897,1915,-1,1899,1916,1900,-1,1900,1916,1917,-1,1900,1917,1918,-1,1918,1917,1919,-1,1918,1919,1920,-1,1921,644,1922,-1,1922,644,646,-1,1922,646,1923,-1,1923,646,1901,-1,1923,1901,1924,-1,1924,1901,1902,-1,1924,1902,1925,-1,1925,1902,1903,-1,1925,1903,1926,-1,1926,1903,1904,-1,1926,1904,1927,-1,1927,1904,1905,-1,1927,1905,1928,-1,1928,1905,1906,-1,1928,1906,1929,-1,1929,1906,1907,-1,1929,1907,670,-1,670,1907,676,-1,670,676,668,-1,668,676,675,-1,668,675,1699,-1,1699,675,1686,-1,1699,1686,1701,-1,1701,1686,1688,-1,1701,1688,1703,-1,1703,1688,1690,-1,1703,1690,1705,-1,1930,1931,1932,-1,1932,1931,1933,-1,633,1921,634,-1,634,1921,1922,-1,634,1922,1934,-1,1934,1922,1923,-1,1934,1923,1935,-1,1935,1923,1924,-1,1935,1924,1936,-1,1936,1924,1925,-1,1936,1925,1937,-1,1937,1925,1926,-1,1937,1926,1938,-1,1938,1926,1927,-1,1938,1927,1939,-1,1939,1927,1928,-1,1939,1928,1940,-1,1940,1928,1929,-1,1940,1929,1941,-1,1941,1929,670,-1,1941,670,1942,-1,1942,670,669,-1,1942,669,1943,-1,1943,669,1698,-1,1943,1698,1944,-1,1944,1698,1700,-1,1944,1700,1945,-1,1945,1700,1702,-1,1945,1702,1946,-1,1946,1702,1704,-1,1946,1704,1947,-1,1947,1704,1706,-1,1947,1706,1948,-1,636,635,1949,-1,1949,635,1950,-1,1949,1950,1951,-1,1951,1950,1952,-1,1951,1952,642,-1,1919,1953,1920,-1,1920,1953,1954,-1,1920,1954,1955,-1,627,632,628,-1,628,632,634,-1,628,634,1956,-1,1956,634,1934,-1,1956,1934,1957,-1,1957,1934,1935,-1,1957,1935,1958,-1,1958,1935,1936,-1,1958,1936,1959,-1,1959,1936,1937,-1,1959,1937,1960,-1,1960,1937,1938,-1,1960,1938,1961,-1,1961,1938,1939,-1,1961,1939,1962,-1,1962,1939,1940,-1,1962,1940,1796,-1,1796,1940,1941,-1,1796,1941,1794,-1,1794,1941,1942,-1,1794,1942,1793,-1,1793,1942,1943,-1,1793,1943,1792,-1,1792,1943,1944,-1,1792,1944,1791,-1,1791,1944,1945,-1,1791,1945,1790,-1,1790,1945,1946,-1,1790,1946,1789,-1,1789,1946,1947,-1,1789,1947,1788,-1,1788,1947,1948,-1,630,629,1963,-1,1963,629,1964,-1,1963,1964,1965,-1,1965,1964,1966,-1,1965,1966,1967,-1,1967,1966,641,-1,1967,641,1968,-1,1968,641,643,-1,1968,643,639,-1,1954,1969,1955,-1,1955,1969,1970,-1,1955,1970,1971,-1,624,626,625,-1,625,626,628,-1,625,628,1972,-1,1972,628,1956,-1,1972,1956,1973,-1,1973,1956,1957,-1,1973,1957,1974,-1,1974,1957,1958,-1,1974,1958,1975,-1,1975,1958,1959,-1,1975,1959,1887,-1,1887,1959,1960,-1,1887,1960,1885,-1,1885,1960,1961,-1,1885,1961,1890,-1,1890,1961,1962,-1,1890,1962,1834,-1,1834,1962,1796,-1,1834,1796,1833,-1,1833,1796,1795,-1,1833,1795,1832,-1,1832,1795,1762,-1,1832,1762,1831,-1,1831,1762,1761,-1,1831,1761,1830,-1,1830,1761,1759,-1,1830,1759,1829,-1,1829,1759,1757,-1,1829,1757,1763,-1,1763,1757,1755,-1,1763,1755,1707,-1,1707,1755,1753,-1,1707,1753,1708,-1,1708,1753,1752,-1,1708,1752,1976,-1,1976,1752,1788,-1,1976,1788,1626,-1,1626,1788,1948,-1,1626,1948,1625,-1,1625,1948,1706,-1,1625,1706,1624,-1,1624,1706,1705,-1,1624,1705,1623,-1,1623,1705,1690,-1,1623,1690,1622,-1,1622,1690,1689,-1,1622,1689,1621,-1,1621,1689,1644,-1,1621,1644,1620,-1,1620,1644,1646,-1,1620,1646,1619,-1,1619,1646,1861,-1,1619,1861,1602,-1,1602,1861,1828,-1,1602,1828,1596,-1,1596,1828,1805,-1,1596,1805,1591,-1,1591,1805,1787,-1,1591,1787,1587,-1,1587,1787,1751,-1,1587,1751,1584,-1,1584,1751,1697,-1,1584,1697,1582,-1,1582,1697,1685,-1,1582,1685,1583,-1,1583,1685,1684,-1,1977,1978,1979,-1,1979,1978,1980,-1,1979,1980,1981,-1,1981,1980,1982,-1,1981,1982,1983,-1,1983,1982,1984,-1,1983,1984,1985,-1,1985,1984,1986,-1,1985,1986,1987,-1,1988,1989,1990,-1,1990,1989,1991,-1,1990,1991,1992,-1,1993,1988,1994,-1,1994,1988,1990,-1,1994,1990,1995,-1,1995,1990,1992,-1,1970,1996,1971,-1,1971,1996,1997,-1,1971,1997,1998,-1,1998,1997,1999,-1,1998,1999,2000,-1,766,765,2001,-1,2001,765,2002,-1,2001,2002,2003,-1,2003,2002,2004,-1,2003,2004,2005,-1,2005,2004,2006,-1,2005,2006,2007,-1,2007,2006,2008,-1,2007,2008,2009,-1,2009,2008,2010,-1,2009,2010,2011,-1,2011,2010,2012,-1,2011,2012,2013,-1,2013,2012,2014,-1,2013,2014,2015,-1,2015,2014,2016,-1,2015,2016,2017,-1,2017,2016,2018,-1,2017,2018,2019,-1,2019,2018,2020,-1,2019,2020,2021,-1,2021,2020,2022,-1,2021,2022,2023,-1,2023,2022,2024,-1,2023,2024,2025,-1,2025,2024,2026,-1,2025,2026,2027,-1,2027,2026,2028,-1,2027,2028,2029,-1,2029,2028,2030,-1,2029,2030,2031,-1,2031,2030,2032,-1,2031,2032,2033,-1,2033,2032,2034,-1,2033,2034,2035,-1,2035,2034,2036,-1,2035,2036,2037,-1,1780,662,2038,-1,2038,662,1781,-1,2038,1781,2039,-1,2039,1781,660,-1,2039,660,2040,-1,2040,660,659,-1,2040,659,2041,-1,2041,659,657,-1,2041,657,2042,-1,2042,657,656,-1,2042,656,2043,-1,2043,656,654,-1,2043,654,2044,-1,2044,654,653,-1,2044,653,2045,-1,2045,653,648,-1,2045,648,2046,-1,2046,648,647,-1,2046,647,2047,-1,2047,647,645,-1,2047,645,2048,-1,2048,645,644,-1,2048,644,2049,-1,2049,644,1921,-1,2049,1921,2050,-1,2050,1921,633,-1,2050,633,2051,-1,2051,633,632,-1,2051,632,2052,-1,2052,632,627,-1,2052,627,2053,-1,2053,627,626,-1,2053,626,2054,-1,2054,626,624,-1,2054,624,2055,-1,2055,624,623,-1,2055,623,2056,-1,2057,623,2058,-1,2058,623,625,-1,2058,625,2059,-1,2059,625,1972,-1,2059,1972,2060,-1,2060,1972,1973,-1,2060,1973,2061,-1,2061,1973,1974,-1,2061,1974,2062,-1,2062,1974,1975,-1,2062,1975,2063,-1,2064,1977,2065,-1,2065,1977,1979,-1,2065,1979,2066,-1,2066,1979,1981,-1,2066,1981,2067,-1,2067,1981,1983,-1,2067,1983,2068,-1,2068,1983,1985,-1,2068,1985,2069,-1,2069,1985,1987,-1,2069,1987,2070,-1,2070,1987,2071,-1,2070,2071,2072,-1,2073,2074,2075,-1,2075,2074,2076,-1,2075,2076,2077,-1,2077,2076,2078,-1,2074,1993,2076,-1,2076,1993,1994,-1,2076,1994,2078,-1,2078,1994,1995,-1,2078,1995,2079,-1,2079,1995,1992,-1,2079,1992,2080,-1,621,2057,622,-1,622,2057,2058,-1,622,2058,2081,-1,2081,2058,2059,-1,2081,2059,2082,-1,2082,2059,2060,-1,2082,2060,2083,-1,2083,2060,2061,-1,2083,2061,2084,-1,2084,2061,2062,-1,2084,2062,2085,-1,2085,2062,2063,-1,2085,2063,2086,-1,2087,2073,2088,-1,2088,2073,2075,-1,2088,2075,2089,-1,2089,2075,2077,-1,2089,2077,2090,-1,2090,2077,2078,-1,2090,2078,2091,-1,2091,2078,2079,-1,2091,2079,2092,-1,2092,2079,2080,-1,2092,2080,2093,-1,1999,2094,2000,-1,2000,2094,2095,-1,2000,2095,2096,-1,615,620,616,-1,616,620,622,-1,616,622,2097,-1,2097,622,2081,-1,2097,2081,2098,-1,2098,2081,2082,-1,2098,2082,2099,-1,2099,2082,2083,-1,2099,2083,2100,-1,2100,2083,2084,-1,2100,2084,2101,-1,2101,2084,2085,-1,2101,2085,2102,-1,2102,2085,2086,-1,2102,2086,2103,-1,2104,2105,2106,-1,617,619,1058,-1,1058,619,2107,-1,1058,2107,1060,-1,1060,2107,2108,-1,1060,2108,1062,-1,1062,2108,2109,-1,1062,2109,1064,-1,1064,2109,2110,-1,1064,2110,1066,-1,1066,2110,2111,-1,1066,2111,1068,-1,618,2087,619,-1,619,2087,2088,-1,619,2088,2107,-1,2107,2088,2089,-1,2107,2089,2108,-1,2108,2089,2090,-1,2108,2090,2109,-1,2109,2090,2091,-1,2109,2091,2110,-1,2110,2091,2092,-1,2110,2092,2111,-1,2111,2092,2093,-1,2111,2093,1068,-1,1068,2093,2112,-1,1068,2112,1069,-1,2095,2113,2096,-1,2096,2113,2114,-1,2096,2114,2115,-1,612,614,613,-1,613,614,616,-1,613,616,2116,-1,2116,616,2097,-1,2116,2097,2117,-1,2117,2097,2098,-1,2117,2098,2118,-1,2118,2098,2099,-1,2118,2099,2119,-1,2119,2099,2100,-1,2119,2100,2120,-1,2120,2100,2101,-1,2120,2101,2121,-1,2121,2101,2102,-1,2121,2102,2122,-1,2122,2102,2103,-1,2122,2103,2123,-1,2124,1991,2125,-1,2125,1991,1989,-1,2125,1989,2126,-1,2126,1989,1988,-1,2126,1988,2127,-1,2127,1988,1993,-1,2127,1993,2128,-1,2128,1993,2074,-1,2128,2074,2129,-1,2129,2074,2073,-1,2129,2073,2130,-1,2130,2073,2087,-1,2130,2087,2131,-1,2131,2087,618,-1,2131,618,2104,-1,2104,618,617,-1,2104,617,2105,-1,2105,617,1057,-1,2105,1057,2132,-1,2132,1057,1059,-1,2132,1059,2133,-1,2133,1059,1061,-1,2133,1061,2134,-1,2134,1061,1063,-1,2134,1063,2135,-1,2135,1063,1065,-1,2135,1065,2136,-1,2136,1065,1067,-1,2136,1067,2137,-1,2137,1067,1069,-1,2137,1069,2138,-1,2138,1069,2112,-1,2138,2112,2139,-1,2114,2140,2115,-1,2115,2140,2141,-1,2115,2141,2142,-1,590,611,591,-1,591,611,613,-1,591,613,2143,-1,2143,613,2116,-1,2143,2116,2144,-1,2144,2116,2117,-1,2144,2117,2145,-1,2145,2117,2118,-1,2145,2118,2146,-1,2146,2118,2119,-1,2146,2119,2147,-1,2147,2119,2120,-1,2147,2120,2148,-1,2148,2120,2121,-1,2148,2121,2149,-1,2149,2121,2122,-1,2149,2122,1933,-1,1933,2122,2123,-1,1933,2123,1932,-1,604,601,2150,-1,2150,601,603,-1,2150,603,600,-1,2141,2151,2142,-1,2142,2151,2152,-1,2142,2152,2153,-1,587,589,588,-1,588,589,591,-1,588,591,2154,-1,2154,591,2143,-1,2154,2143,2155,-1,2155,2143,2144,-1,2155,2144,2156,-1,2156,2144,2145,-1,2156,2145,2157,-1,2157,2145,2146,-1,2157,2146,2158,-1,2158,2146,2147,-1,2158,2147,2159,-1,2159,2147,2148,-1,2159,2148,2160,-1,2160,2148,2149,-1,2160,2149,637,-1,637,2149,1933,-1,637,1933,635,-1,635,1933,1931,-1,635,1931,1950,-1,1950,1931,1930,-1,1950,1930,1952,-1,2161,2162,2163,-1,2163,2162,2164,-1,2163,2164,2165,-1,2152,2166,2153,-1,2153,2166,2167,-1,2153,2167,2168,-1,2168,2167,2169,-1,2168,2169,2170,-1,2056,623,2171,-1,2171,623,2057,-1,2171,2057,2172,-1,2172,2057,621,-1,2172,621,2173,-1,2173,621,620,-1,2173,620,2174,-1,2174,620,615,-1,2174,615,2175,-1,2175,615,614,-1,2175,614,2176,-1,2176,614,612,-1,2176,612,2177,-1,2177,612,611,-1,2177,611,2178,-1,2178,611,590,-1,2178,590,2179,-1,2179,590,589,-1,2179,589,2180,-1,2180,589,587,-1,2180,587,2181,-1,2181,587,586,-1,2181,586,2182,-1,596,595,597,-1,597,595,2183,-1,597,2183,2184,-1,2184,2183,2185,-1,2184,2185,2186,-1,2186,2185,2187,-1,2186,2187,2188,-1,2188,2187,2189,-1,2188,2189,2190,-1,2191,2165,2192,-1,2192,2165,2164,-1,2192,2164,2193,-1,2193,2164,2162,-1,2193,2162,2194,-1,769,768,1775,-1,1775,768,2195,-1,1775,2195,2196,-1,2196,2195,2197,-1,2196,2197,2198,-1,2198,2197,2199,-1,2198,2199,2200,-1,2200,2199,2201,-1,2200,2201,2202,-1,2202,2201,2203,-1,2202,2203,2204,-1,2204,2203,2205,-1,2204,2205,2206,-1,2206,2205,2207,-1,2206,2207,2208,-1,2208,2207,2209,-1,2208,2209,2210,-1,2210,2209,2211,-1,2210,2211,2212,-1,2212,2211,2213,-1,2212,2213,2214,-1,2214,2213,2215,-1,2214,2215,2216,-1,2216,2215,2217,-1,2216,2217,2218,-1,2218,2217,2219,-1,2218,2219,2220,-1,2220,2219,2221,-1,2220,2221,2222,-1,2222,2221,2223,-1,2222,2223,2224,-1,2224,2223,2225,-1,2224,2225,2226,-1,2226,2225,2227,-1,2226,2227,2228,-1,2228,2227,2229,-1,2228,2229,2230,-1,2230,2229,2231,-1,2230,2231,2232,-1,2232,2231,2233,-1,2232,2233,2234,-1,2234,2233,2235,-1,2234,2235,2236,-1,2236,2235,2237,-1,2236,2237,2238,-1,2238,2237,2239,-1,2238,2239,2240,-1,2240,2239,2241,-1,2240,2241,2242,-1,2242,2241,2243,-1,2242,2243,2244,-1,2244,2243,2245,-1,2244,2245,2246,-1,2246,2245,2247,-1,2246,2247,2248,-1,2248,2247,2249,-1,2248,2249,2250,-1,2250,2249,2251,-1,2250,2251,2252,-1,2252,2251,2253,-1,2252,2253,2254,-1,2254,2253,2255,-1,2254,2255,2256,-1,2256,2255,2257,-1,2256,2257,2258,-1,2258,2257,2259,-1,2258,2259,2260,-1,2260,2259,2261,-1,2260,2261,2262,-1,2262,2261,2263,-1,2262,2263,2264,-1,2264,2263,2265,-1,2264,2265,2266,-1,767,1694,768,-1,768,1694,1776,-1,768,1776,2195,-1,2195,1776,1777,-1,2195,1777,2197,-1,2197,1777,1778,-1,2197,1778,2199,-1,2199,1778,1779,-1,2199,1779,2201,-1,2201,1779,1780,-1,2201,1780,2203,-1,2203,1780,2038,-1,2203,2038,2205,-1,2205,2038,2039,-1,2205,2039,2207,-1,2207,2039,2040,-1,2207,2040,2209,-1,2209,2040,2041,-1,2209,2041,2211,-1,2211,2041,2042,-1,2211,2042,2213,-1,2213,2042,2043,-1,2213,2043,2215,-1,2215,2043,2044,-1,2215,2044,2217,-1,2217,2044,2045,-1,2217,2045,2219,-1,2219,2045,2046,-1,2219,2046,2221,-1,2221,2046,2047,-1,2221,2047,2223,-1,2223,2047,2048,-1,2223,2048,2225,-1,2225,2048,2049,-1,2225,2049,2227,-1,2227,2049,2050,-1,2227,2050,2229,-1,2229,2050,2051,-1,2229,2051,2231,-1,2231,2051,2052,-1,2231,2052,2233,-1,2233,2052,2053,-1,2233,2053,2235,-1,2235,2053,2054,-1,2235,2054,2237,-1,2237,2054,2055,-1,2237,2055,2239,-1,2239,2055,2056,-1,2239,2056,2241,-1,2241,2056,2171,-1,2241,2171,2243,-1,2243,2171,2172,-1,2243,2172,2245,-1,2245,2172,2173,-1,2245,2173,2247,-1,2247,2173,2174,-1,2247,2174,2249,-1,2249,2174,2175,-1,2249,2175,2251,-1,2251,2175,2176,-1,2251,2176,2253,-1,2253,2176,2177,-1,2253,2177,2255,-1,2255,2177,2178,-1,2255,2178,2257,-1,2257,2178,2179,-1,2257,2179,2259,-1,2259,2179,2180,-1,2259,2180,2261,-1,2261,2180,2181,-1,2261,2181,2263,-1,2263,2181,2182,-1,2263,2182,2265,-1,594,2267,592,-1,592,2267,2268,-1,592,2268,2269,-1,2269,2268,2270,-1,2269,2270,2271,-1,2271,2270,2272,-1,2271,2272,2273,-1,2273,2272,2274,-1,2273,2274,2275,-1,2275,2274,2276,-1,2275,2276,2277,-1,2277,2276,2278,-1,2277,2278,2279,-1,2280,2191,2281,-1,2281,2191,2192,-1,2281,2192,2282,-1,2282,2192,2193,-1,2282,2193,2283,-1,2283,2193,2194,-1,2283,2194,2284,-1,2285,2280,2286,-1,2286,2280,2281,-1,2286,2281,2287,-1,2287,2281,2282,-1,2287,2282,2288,-1,2288,2282,2283,-1,2288,2283,2289,-1,2289,2283,2284,-1,2169,2290,2170,-1,2170,2290,2291,-1,2170,2291,2292,-1,610,609,2293,-1,2293,609,2294,-1,2293,2294,2295,-1,2295,2294,2296,-1,2295,2296,2297,-1,2297,2296,2298,-1,2297,2298,2299,-1,2299,2298,2300,-1,2299,2300,2301,-1,607,606,609,-1,609,606,2302,-1,609,2302,2294,-1,2294,2302,2303,-1,2294,2303,2296,-1,2296,2303,2304,-1,2296,2304,2298,-1,2298,2304,2305,-1,2298,2305,2300,-1,602,601,608,-1,608,601,605,-1,608,605,606,-1,606,605,2306,-1,606,2306,2302,-1,2302,2306,2307,-1,2302,2307,2303,-1,2303,2307,2308,-1,2303,2308,2304,-1,2304,2308,2309,-1,2304,2309,2305,-1,600,599,2150,-1,2150,599,2310,-1,2150,2310,604,-1,604,2310,2311,-1,604,2311,605,-1,605,2311,2312,-1,605,2312,2306,-1,2306,2312,2313,-1,2306,2313,2307,-1,2307,2313,2314,-1,2307,2314,2308,-1,2308,2314,2315,-1,2308,2315,2309,-1,598,597,599,-1,599,597,2184,-1,599,2184,2310,-1,2310,2184,2186,-1,2310,2186,2311,-1,2311,2186,2188,-1,2311,2188,2312,-1,2312,2188,2190,-1,2312,2190,2313,-1,2313,2190,2316,-1,2313,2316,2314,-1,2314,2316,2317,-1,2314,2317,2315,-1,593,592,595,-1,595,592,2269,-1,595,2269,2183,-1,2183,2269,2271,-1,2183,2271,2185,-1,2185,2271,2273,-1,2185,2273,2187,-1,2187,2273,2275,-1,2187,2275,2189,-1,2189,2275,2277,-1,2189,2277,2190,-1,2190,2277,2279,-1,2190,2279,2316,-1,2316,2279,2318,-1,2316,2318,2317,-1,2267,2319,2268,-1,2268,2319,2320,-1,2268,2320,2270,-1,2270,2320,2321,-1,2270,2321,2272,-1,2272,2321,2322,-1,2272,2322,2274,-1,2274,2322,2323,-1,2274,2323,2276,-1,2276,2323,2324,-1,2276,2324,2278,-1,2278,2324,2325,-1,2278,2325,2279,-1,2279,2325,2326,-1,2279,2326,2318,-1,2327,2285,1070,-1,1070,2285,2286,-1,1070,2286,1071,-1,1071,2286,2287,-1,1071,2287,2328,-1,2328,2287,2288,-1,2328,2288,2329,-1,2329,2288,2289,-1,2329,2289,2330,-1,2330,2289,2284,-1,2330,2284,2331,-1,2291,2332,2292,-1,2292,2332,2333,-1,2292,2333,2334,-1,2036,2335,2037,-1,2037,2335,2336,-1,2037,2336,2337,-1,2337,2336,2338,-1,2337,2338,2339,-1,2339,2338,2340,-1,2339,2340,2341,-1,2341,2340,2342,-1,2341,2342,2343,-1,2343,2342,2344,-1,2343,2344,2345,-1,2345,2344,2346,-1,2345,2346,2347,-1,2347,2346,2348,-1,2347,2348,2349,-1,2349,2348,2350,-1,2349,2350,2351,-1,2351,2350,2352,-1,2351,2352,2353,-1,2353,2352,2354,-1,2353,2354,2355,-1,2355,2354,2356,-1,2355,2356,2357,-1,2357,2356,2358,-1,2357,2358,2359,-1,2359,2358,2360,-1,2359,2360,2361,-1,2361,2360,2362,-1,2361,2362,2363,-1,2363,2362,2364,-1,2363,2364,2365,-1,2365,2364,2366,-1,2365,2366,2367,-1,2367,2366,2368,-1,2367,2368,2369,-1,764,1775,765,-1,765,1775,2196,-1,765,2196,2002,-1,2002,2196,2198,-1,2002,2198,2004,-1,2004,2198,2200,-1,2004,2200,2006,-1,2006,2200,2202,-1,2006,2202,2008,-1,2008,2202,2204,-1,2008,2204,2010,-1,2010,2204,2206,-1,2010,2206,2012,-1,2012,2206,2208,-1,2012,2208,2014,-1,2014,2208,2210,-1,2014,2210,2016,-1,2016,2210,2212,-1,2016,2212,2018,-1,2018,2212,2214,-1,2018,2214,2020,-1,2020,2214,2216,-1,2020,2216,2022,-1,2022,2216,2218,-1,2022,2218,2024,-1,2024,2218,2220,-1,2024,2220,2026,-1,2026,2220,2222,-1,2026,2222,2028,-1,2028,2222,2224,-1,2028,2224,2030,-1,2030,2224,2226,-1,2030,2226,2032,-1,2032,2226,2228,-1,2032,2228,2034,-1,2034,2228,2230,-1,2034,2230,2036,-1,2036,2230,2232,-1,2036,2232,2335,-1,2335,2232,2234,-1,2335,2234,2336,-1,2336,2234,2236,-1,2336,2236,2338,-1,2338,2236,2238,-1,2338,2238,2340,-1,2340,2238,2240,-1,2340,2240,2342,-1,2342,2240,2242,-1,2342,2242,2344,-1,2344,2242,2244,-1,2344,2244,2346,-1,2346,2244,2246,-1,2346,2246,2348,-1,2348,2246,2248,-1,2348,2248,2350,-1,2350,2248,2250,-1,2350,2250,2352,-1,2352,2250,2252,-1,2352,2252,2354,-1,2354,2252,2254,-1,2354,2254,2356,-1,2356,2254,2256,-1,2356,2256,2358,-1,2358,2256,2258,-1,2358,2258,2360,-1,2360,2258,2260,-1,2360,2260,2362,-1,2362,2260,2262,-1,2362,2262,2364,-1,2364,2262,2264,-1,2364,2264,2366,-1,2366,2264,2266,-1,2366,2266,2368,-1,2370,2371,2372,-1,2372,2371,2373,-1,2372,2373,2374,-1,2374,2373,2375,-1,2374,2375,2376,-1,2376,2375,2377,-1,2376,2377,2378,-1,2378,2377,2379,-1,2378,2379,2380,-1,2381,2301,2382,-1,2382,2301,2300,-1,2382,2300,2383,-1,2383,2300,2305,-1,2383,2305,2384,-1,2384,2305,2309,-1,2384,2309,2385,-1,2385,2309,2315,-1,2385,2315,2386,-1,2386,2315,2317,-1,2386,2317,2387,-1,2387,2317,2318,-1,2387,2318,2388,-1,2388,2318,2326,-1,2388,2326,2389,-1,2390,2391,2392,-1,2392,2391,2393,-1,2392,2393,2394,-1,2394,2393,2395,-1,2394,2395,2327,-1,583,585,1073,-1,1073,585,2396,-1,1073,2396,1075,-1,1075,2396,2397,-1,1075,2397,1077,-1,1077,2397,2398,-1,1077,2398,1079,-1,584,1071,585,-1,585,1071,2328,-1,585,2328,2396,-1,2396,2328,2329,-1,2396,2329,2397,-1,2397,2329,2330,-1,2397,2330,2398,-1,2398,2330,2331,-1,2398,2331,1079,-1,1079,2331,2399,-1,1079,2399,1080,-1,2333,2400,2334,-1,2334,2400,2401,-1,2334,2401,2402,-1,2402,2401,2403,-1,2402,2403,2404,-1,737,729,1337,-1,1337,729,1290,-1,1337,1290,1336,-1,1336,1290,1287,-1,1336,1287,1334,-1,1334,1287,1289,-1,1334,1289,1332,-1,1332,1289,1493,-1,1332,1493,1330,-1,1330,1493,1492,-1,1330,1492,1328,-1,1328,1492,1491,-1,1328,1491,1326,-1,1326,1491,1490,-1,1326,1490,708,-1,708,1490,1489,-1,708,1489,709,-1,709,1489,1488,-1,709,1488,1618,-1,1618,1488,1601,-1,1618,1601,1617,-1,1617,1601,1595,-1,1617,1595,1616,-1,1616,1595,1590,-1,1616,1590,1615,-1,1615,1590,1586,-1,1615,1586,1614,-1,1614,1586,1581,-1,1614,1581,1613,-1,1613,1581,1583,-1,1613,1583,1612,-1,1612,1583,1684,-1,1612,1684,679,-1,679,1684,1682,-1,679,1682,677,-1,677,1682,770,-1,677,770,1643,-1,1643,770,771,-1,1643,771,1680,-1,1680,771,767,-1,1680,767,1681,-1,1681,767,769,-1,1681,769,1746,-1,1746,769,764,-1,1746,764,1747,-1,1747,764,766,-1,1747,766,1773,-1,1773,766,2001,-1,1773,2001,1819,-1,1819,2001,2003,-1,1819,2003,1820,-1,1820,2003,2005,-1,1820,2005,1851,-1,1851,2005,2007,-1,1851,2007,1852,-1,1852,2007,2009,-1,1852,2009,1875,-1,1875,2009,2011,-1,1875,2011,1876,-1,1876,2011,2013,-1,1876,2013,1898,-1,1898,2013,2015,-1,1898,2015,1899,-1,1899,2015,2017,-1,1899,2017,1916,-1,1916,2017,2019,-1,1916,2019,1917,-1,1917,2019,2021,-1,1917,2021,1919,-1,1919,2021,2023,-1,1919,2023,1953,-1,1953,2023,2025,-1,1953,2025,1954,-1,1954,2025,2027,-1,1954,2027,1969,-1,1969,2027,2029,-1,1969,2029,1970,-1,1970,2029,2031,-1,1970,2031,1996,-1,1996,2031,2033,-1,1996,2033,1997,-1,1997,2033,2035,-1,1997,2035,1999,-1,1999,2035,2037,-1,1999,2037,2094,-1,2094,2037,2337,-1,2094,2337,2095,-1,2095,2337,2339,-1,2095,2339,2113,-1,2113,2339,2341,-1,2113,2341,2114,-1,2114,2341,2343,-1,2114,2343,2140,-1,2140,2343,2345,-1,2140,2345,2141,-1,2141,2345,2347,-1,2141,2347,2151,-1,2151,2347,2349,-1,2151,2349,2152,-1,2152,2349,2351,-1,2152,2351,2166,-1,2166,2351,2353,-1,2166,2353,2167,-1,2167,2353,2355,-1,2167,2355,2169,-1,2169,2355,2357,-1,2169,2357,2290,-1,2290,2357,2359,-1,2290,2359,2291,-1,2291,2359,2361,-1,2291,2361,2332,-1,2332,2361,2363,-1,2332,2363,2333,-1,2333,2363,2365,-1,2333,2365,2400,-1,2400,2365,2367,-1,2400,2367,2401,-1,2401,2367,2369,-1,2401,2369,2403,-1,2405,2406,2407,-1,2407,2406,2381,-1,2407,2381,2408,-1,2408,2381,2382,-1,2408,2382,2409,-1,2409,2382,2383,-1,2409,2383,2410,-1,2410,2383,2384,-1,2410,2384,2411,-1,2411,2384,2385,-1,2411,2385,2412,-1,2412,2385,2386,-1,2412,2386,2413,-1,2413,2386,2387,-1,2413,2387,2414,-1,2414,2387,2388,-1,2414,2388,2415,-1,2415,2388,2389,-1,2415,2389,2416,-1,2417,2418,2419,-1,2419,2418,2420,-1,2419,2420,2421,-1,2421,2420,2422,-1,2421,2422,2423,-1,2423,2422,2424,-1,2423,2424,2390,-1,2390,2424,2425,-1,2390,2425,2391,-1,2327,1070,2394,-1,2394,1070,584,-1,2394,584,2392,-1,2392,584,583,-1,2392,583,2390,-1,2390,583,1072,-1,2390,1072,2423,-1,2423,1072,1074,-1,2423,1074,2421,-1,2421,1074,1076,-1,2421,1076,2419,-1,2419,1076,1078,-1,2419,1078,2417,-1,2417,1078,1080,-1,2417,1080,2426,-1,2426,1080,2399,-1,2426,2399,2427,-1,582,581,2428,-1,639,638,1968,-1,1968,638,2429,-1,1968,2429,1967,-1,1967,2429,2430,-1,1967,2430,1965,-1,1965,2430,2431,-1,1965,2431,1963,-1,1963,2431,2432,-1,1963,2432,630,-1,630,2432,2433,-1,630,2433,631,-1,631,2433,2434,-1,631,2434,2435,-1,2435,2434,2436,-1,2435,2436,2437,-1,2437,2436,2438,-1,2437,2438,2439,-1,2439,2438,2440,-1,2439,2440,2441,-1,2441,2440,2442,-1,2441,2442,2443,-1,2443,2442,2444,-1,2443,2444,2445,-1,2445,2444,2446,-1,2445,2446,2447,-1,2447,2446,2448,-1,2447,2448,2449,-1,2449,2448,2380,-1,2449,2380,2450,-1,2450,2380,2379,-1,2450,2379,2451,-1,2451,2379,2377,-1,2451,2377,2452,-1,2452,2377,2375,-1,2452,2375,2453,-1,2453,2375,2373,-1,2453,2373,2454,-1,2454,2373,2371,-1,2454,2371,2428,-1,2428,2371,2370,-1,2428,2370,582,-1,2455,2456,2457,-1,2457,2456,2458,-1,2457,2458,2459,-1,2459,2458,2460,-1,2459,2460,2461,-1,2461,2460,2462,-1,2461,2462,2463,-1,2463,2462,2464,-1,610,2106,607,-1,607,2106,2105,-1,607,2105,608,-1,608,2105,2132,-1,608,2132,602,-1,602,2132,2133,-1,602,2133,603,-1,603,2133,2134,-1,603,2134,600,-1,600,2134,2135,-1,600,2135,598,-1,598,2135,2136,-1,598,2136,596,-1,596,2136,2137,-1,596,2137,593,-1,593,2137,2138,-1,593,2138,594,-1,594,2138,2139,-1,594,2139,2267,-1,2267,2139,2161,-1,2267,2161,2319,-1,2319,2161,2163,-1,2319,2163,2320,-1,2320,2163,2165,-1,2320,2165,2321,-1,2321,2165,2191,-1,2321,2191,2322,-1,2322,2191,2280,-1,2322,2280,2323,-1,2323,2280,2285,-1,2323,2285,2324,-1,2324,2285,2327,-1,2324,2327,2325,-1,2325,2327,2395,-1,2325,2395,2326,-1,2326,2395,2393,-1,2326,2393,2389,-1,2389,2393,2391,-1,2389,2391,2416,-1,2416,2391,2425,-1,2416,2425,2465,-1,2465,2425,2424,-1,2465,2424,2466,-1,2466,2424,2422,-1,2466,2422,2467,-1,2467,2422,2420,-1,2467,2420,2468,-1,2468,2420,2418,-1,2468,2418,2469,-1,2469,2418,2417,-1,2469,2417,2470,-1,2470,2417,2426,-1,2470,2426,2471,-1,2471,2426,2427,-1,2471,2427,2472,-1,642,641,1951,-1,1951,641,1966,-1,1951,1966,1949,-1,1949,1966,1964,-1,1949,1964,636,-1,636,1964,629,-1,636,629,637,-1,637,629,631,-1,637,631,2160,-1,2160,631,2435,-1,2160,2435,2159,-1,2159,2435,2437,-1,2159,2437,2158,-1,2158,2437,2439,-1,2158,2439,2157,-1,2157,2439,2441,-1,2157,2441,2156,-1,2156,2441,2443,-1,2156,2443,2155,-1,2155,2443,2445,-1,2155,2445,2154,-1,2154,2445,2447,-1,2154,2447,588,-1,588,2447,2449,-1,588,2449,586,-1,586,2449,2450,-1,586,2450,2182,-1,2182,2450,2451,-1,2182,2451,2265,-1,2265,2451,2452,-1,2265,2452,2266,-1,2266,2452,2453,-1,2266,2453,2368,-1,2368,2453,2454,-1,2368,2454,2369,-1,2369,2454,2428,-1,2369,2428,2403,-1,2403,2428,581,-1,2403,581,2404,-1,2404,581,580,-1,2404,580,2473,-1,2474,2475,2476,-1,2476,2475,2477,-1,2476,2477,2478,-1,2478,2477,2479,-1,2478,2479,2480,-1,2480,2479,2481,-1,2480,2481,2482,-1,2482,2481,2483,-1,2482,2483,2484,-1,2484,2483,2485,-1,2484,2485,2486,-1,2486,2485,2487,-1,2486,2487,2488,-1,2489,2490,2491,-1,2491,2490,2492,-1,2491,2492,2493,-1,2493,2492,2494,-1,2493,2494,2495,-1,2495,2494,2496,-1,2495,2496,2497,-1,2497,2496,2498,-1,2497,2498,2499,-1,2499,2498,2500,-1,2499,2500,2501,-1,2501,2500,2502,-1,2503,2504,2505,-1,2505,2504,2506,-1,2505,2506,2507,-1,2507,2506,2508,-1,2507,2508,2509,-1,2509,2508,2510,-1,2509,2510,2511,-1,2511,2510,2512,-1,2511,2512,2513,-1,2513,2512,2514,-1,2513,2514,2515,-1,2515,2514,2516,-1,2515,2516,2517,-1,2456,2518,2458,-1,2458,2518,2405,-1,2458,2405,2460,-1,2460,2405,2407,-1,2460,2407,2462,-1,2462,2407,2408,-1,2462,2408,2464,-1,2464,2408,2409,-1,2464,2409,2519,-1,2519,2409,2410,-1,2519,2410,2520,-1,2520,2410,2411,-1,2520,2411,2521,-1,2521,2411,2412,-1,2521,2412,2522,-1,2522,2412,2413,-1,2522,2413,2523,-1,2523,2413,2414,-1,2523,2414,2524,-1,2524,2414,2415,-1,2524,2415,2525,-1,2525,2415,2416,-1,2525,2416,2503,-1,2503,2416,2465,-1,2503,2465,2504,-1,2504,2465,2466,-1,2504,2466,2506,-1,2506,2466,2467,-1,2506,2467,2508,-1,2508,2467,2468,-1,2508,2468,2510,-1,2510,2468,2469,-1,2510,2469,2512,-1,2512,2469,2470,-1,2512,2470,2514,-1,2514,2470,2471,-1,2514,2471,2516,-1,2516,2471,2472,-1,2516,2472,2517,-1,2517,2472,2526,-1,640,2064,638,-1,638,2064,2065,-1,638,2065,2429,-1,2429,2065,2066,-1,2429,2066,2430,-1,2430,2066,2067,-1,2430,2067,2431,-1,2431,2067,2068,-1,2431,2068,2432,-1,2432,2068,2069,-1,2432,2069,2433,-1,2433,2069,2070,-1,2433,2070,2434,-1,2434,2070,2072,-1,2434,2072,2436,-1,2436,2072,2527,-1,2436,2527,2438,-1,2438,2527,2528,-1,2438,2528,2440,-1,2440,2528,2529,-1,2440,2529,2442,-1,2442,2529,2530,-1,2442,2530,2444,-1,2444,2530,2531,-1,2444,2531,2446,-1,2446,2531,2532,-1,2446,2532,2448,-1,2448,2532,2533,-1,2448,2533,2380,-1,2380,2533,2488,-1,2380,2488,2378,-1,2378,2488,2487,-1,2378,2487,2376,-1,2376,2487,2485,-1,2376,2485,2374,-1,2374,2485,2483,-1,2374,2483,2372,-1,2372,2483,2481,-1,2372,2481,2370,-1,2370,2481,2479,-1,2370,2479,582,-1,582,2479,2477,-1,582,2477,580,-1,580,2477,2475,-1,580,2475,2473,-1,2473,2475,2474,-1,2473,2474,2534,-1,2535,2536,2537,-1,2537,2536,2538,-1,2537,2538,2539,-1,2539,2538,2540,-1,2539,2540,2541,-1,2541,2540,2542,-1,2541,2542,2543,-1,2543,2542,2544,-1,2543,2544,2545,-1,2545,2544,2546,-1,2545,2546,2547,-1,2547,2546,2548,-1,2547,2548,2549,-1,2550,2551,2552,-1,2552,2551,2553,-1,2552,2553,2554,-1,2554,2553,2555,-1,2554,2555,2556,-1,2556,2555,2557,-1,2556,2557,2558,-1,2558,2557,2559,-1,2558,2559,2560,-1,2560,2559,2561,-1,2560,2561,2562,-1,2562,2561,2563,-1,2562,2563,2564,-1,2490,2455,2492,-1,2492,2455,2457,-1,2492,2457,2494,-1,2494,2457,2459,-1,2494,2459,2496,-1,2496,2459,2461,-1,2496,2461,2498,-1,2498,2461,2463,-1,2498,2463,2500,-1,2500,2463,2464,-1,2500,2464,2502,-1,2502,2464,2519,-1,2502,2519,2565,-1,2565,2519,2520,-1,2565,2520,2566,-1,2566,2520,2521,-1,2566,2521,2567,-1,2567,2521,2522,-1,2567,2522,2568,-1,2568,2522,2523,-1,2568,2523,2569,-1,2569,2523,2524,-1,2569,2524,2570,-1,2570,2524,2525,-1,2570,2525,2571,-1,2571,2525,2503,-1,2571,2503,2550,-1,2550,2503,2505,-1,2550,2505,2551,-1,2551,2505,2507,-1,2551,2507,2553,-1,2553,2507,2509,-1,2553,2509,2555,-1,2555,2509,2511,-1,2555,2511,2557,-1,2557,2511,2513,-1,2557,2513,2559,-1,2559,2513,2515,-1,2559,2515,2561,-1,2561,2515,2517,-1,2561,2517,2563,-1,2563,2517,2526,-1,2563,2526,2564,-1,2564,2526,2572,-1,2573,2574,2575,-1,2575,2574,2576,-1,2575,2576,2577,-1,2577,2576,2578,-1,2577,2578,2579,-1,2579,2578,2580,-1,2579,2580,2581,-1,2581,2580,2582,-1,2581,2582,2583,-1,2583,2582,2584,-1,2583,2584,2585,-1,2585,2584,2586,-1,2585,2586,2587,-1,2588,2587,2572,-1,2572,2587,2586,-1,2572,2586,2564,-1,2564,2586,2584,-1,2564,2584,2562,-1,2562,2584,2582,-1,2562,2582,2560,-1,2560,2582,2580,-1,2560,2580,2558,-1,2558,2580,2578,-1,2558,2578,2556,-1,2556,2578,2576,-1,2556,2576,2554,-1,2554,2576,2574,-1,2554,2574,2552,-1,2552,2574,2573,-1,2552,2573,2550,-1,2550,2573,2589,-1,2550,2589,2571,-1,2571,2589,2590,-1,2571,2590,2570,-1,2570,2590,2591,-1,2570,2591,2569,-1,2569,2591,2592,-1,2569,2592,2568,-1,2568,2592,2593,-1,2568,2593,2567,-1,2567,2593,2594,-1,2567,2594,2566,-1,2566,2594,2595,-1,2566,2595,2565,-1,2565,2595,2535,-1,2565,2535,2502,-1,2502,2535,2537,-1,2502,2537,2501,-1,2501,2537,2539,-1,2501,2539,2499,-1,2499,2539,2541,-1,2499,2541,2497,-1,2497,2541,2543,-1,2497,2543,2495,-1,2495,2543,2545,-1,2495,2545,2493,-1,2493,2545,2547,-1,2493,2547,2491,-1,2491,2547,2549,-1,2491,2549,2489,-1,2596,2597,2598,-1,2599,2600,2601,-1,2601,2600,2602,-1,2601,2602,2603,-1,2604,578,2605,-1,2605,578,577,-1,2605,577,2606,-1,2598,2607,2596,-1,2596,2607,2608,-1,2596,2608,2609,-1,2609,2608,2610,-1,2609,2610,2611,-1,2601,2604,2599,-1,2599,2604,2605,-1,2599,2605,2612,-1,2612,2605,2606,-1,2612,2606,2613,-1,575,574,2614,-1,2614,574,2615,-1,2614,2615,2616,-1,2616,2615,2617,-1,2616,2617,2618,-1,2619,2620,2613,-1,2613,2620,2621,-1,2613,2621,2612,-1,2612,2621,2622,-1,2612,2622,2599,-1,2599,2622,2623,-1,2599,2623,2600,-1,569,568,2624,-1,2624,568,2625,-1,2624,2625,2626,-1,2626,2625,2627,-1,2626,2627,2628,-1,2628,2627,2629,-1,2628,2629,2630,-1,2630,2629,2631,-1,2630,2631,572,-1,2610,2632,2611,-1,2611,2632,2633,-1,2611,2633,2634,-1,566,2619,567,-1,567,2619,2613,-1,567,2613,2635,-1,2635,2613,2606,-1,2635,2606,2636,-1,2636,2606,577,-1,2636,577,2637,-1,2637,577,579,-1,2637,579,2638,-1,573,2639,571,-1,571,2639,2640,-1,571,2640,2641,-1,2641,2640,2642,-1,2641,2642,2643,-1,2643,2642,2644,-1,2643,2644,2645,-1,2645,2644,2646,-1,2645,2646,2647,-1,2647,2646,2648,-1,2647,2648,2649,-1,2649,2648,2650,-1,2649,2650,2651,-1,2633,2652,2634,-1,2634,2652,2653,-1,2634,2653,2654,-1,563,565,564,-1,564,565,567,-1,564,567,2655,-1,2655,567,2635,-1,2655,2635,2656,-1,2656,2635,2636,-1,2656,2636,2657,-1,2657,2636,2637,-1,2657,2637,2658,-1,2658,2637,2638,-1,2658,2638,2659,-1,2660,2661,2662,-1,2662,2661,2663,-1,2662,2663,2664,-1,2664,2663,2665,-1,2664,2665,2666,-1,2666,2665,2667,-1,2666,2667,2668,-1,2668,2667,2669,-1,2668,2669,2670,-1,2671,2672,2673,-1,2673,2672,2674,-1,2673,2674,2675,-1,2676,2671,2677,-1,2677,2671,2673,-1,2677,2673,2678,-1,2678,2673,2675,-1,2653,2679,2654,-1,2654,2679,2680,-1,2654,2680,2681,-1,2681,2680,2682,-1,2681,2682,2683,-1,2684,2685,2686,-1,2686,2685,2687,-1,2686,2687,2688,-1,2688,2687,2689,-1,2688,2689,2690,-1,2690,2689,2691,-1,2690,2691,2692,-1,2692,2691,2693,-1,2692,2693,2694,-1,2694,2693,2695,-1,2694,2695,2696,-1,2696,2695,2697,-1,2696,2697,2698,-1,2698,2697,2699,-1,2698,2699,2700,-1,2700,2699,2701,-1,2700,2701,2702,-1,2702,2701,2703,-1,2702,2703,2704,-1,2705,2706,2707,-1,2707,2706,2708,-1,2707,2708,2709,-1,2709,2708,2710,-1,2709,2710,2711,-1,2711,2710,2712,-1,2711,2712,2713,-1,2713,2712,2714,-1,2713,2714,2715,-1,2715,2714,2716,-1,2715,2716,2717,-1,2717,2716,2718,-1,2717,2718,2719,-1,2719,2718,2720,-1,2719,2720,2721,-1,2721,2720,2722,-1,2721,2722,2723,-1,2723,2722,2724,-1,2723,2724,2725,-1,2725,2724,2726,-1,2725,2726,2727,-1,2727,2726,2728,-1,2727,2728,2729,-1,2706,2730,2708,-1,2708,2730,2731,-1,2708,2731,2710,-1,2710,2731,2732,-1,2710,2732,2712,-1,2712,2732,2733,-1,2712,2733,2714,-1,2714,2733,2734,-1,2714,2734,2716,-1,2716,2734,2735,-1,2716,2735,2718,-1,2718,2735,2736,-1,2718,2736,2720,-1,2720,2736,2737,-1,2720,2737,2722,-1,2722,2737,2738,-1,2722,2738,2724,-1,2724,2738,2739,-1,2724,2739,2726,-1,2726,2739,2740,-1,2726,2740,2728,-1,2728,2740,2741,-1,2742,562,2743,-1,2743,562,564,-1,2743,564,2744,-1,2744,564,2655,-1,2744,2655,2745,-1,2745,2655,2656,-1,2745,2656,2746,-1,2746,2656,2657,-1,2746,2657,2747,-1,2747,2657,2658,-1,2747,2658,2748,-1,2748,2658,2659,-1,2748,2659,2749,-1,2750,2660,2751,-1,2751,2660,2662,-1,2751,2662,2752,-1,2752,2662,2664,-1,2752,2664,2753,-1,2753,2664,2666,-1,2753,2666,2754,-1,2754,2666,2668,-1,2754,2668,2755,-1,2755,2668,2670,-1,2755,2670,2756,-1,2756,2670,2757,-1,2756,2757,2758,-1,2759,2760,2761,-1,2761,2760,2762,-1,2761,2762,2763,-1,2763,2762,2764,-1,2760,2676,2762,-1,2762,2676,2677,-1,2762,2677,2764,-1,2764,2677,2678,-1,2764,2678,2765,-1,2765,2678,2675,-1,2765,2675,2766,-1,560,2742,561,-1,561,2742,2743,-1,561,2743,2767,-1,2767,2743,2744,-1,2767,2744,2768,-1,2768,2744,2745,-1,2768,2745,2769,-1,2769,2745,2746,-1,2769,2746,2770,-1,2770,2746,2747,-1,2770,2747,2771,-1,2771,2747,2748,-1,2771,2748,2772,-1,2772,2748,2749,-1,2772,2749,2773,-1,2774,2758,2775,-1,2775,2758,2757,-1,2775,2757,2776,-1,2776,2757,2670,-1,2776,2670,2777,-1,2777,2670,2669,-1,2777,2669,2778,-1,2778,2669,2667,-1,2778,2667,2779,-1,2779,2667,2665,-1,2779,2665,2780,-1,2780,2665,2663,-1,2780,2663,2781,-1,2781,2663,2661,-1,2781,2661,2782,-1,2782,2661,2660,-1,2782,2660,2783,-1,2783,2660,2750,-1,2783,2750,2784,-1,2785,2759,2786,-1,2786,2759,2761,-1,2786,2761,2787,-1,2787,2761,2763,-1,2787,2763,2788,-1,2788,2763,2764,-1,2788,2764,2789,-1,2789,2764,2765,-1,2789,2765,2790,-1,2790,2765,2766,-1,2790,2766,2791,-1,2682,2792,2683,-1,2683,2792,2793,-1,2683,2793,2794,-1,554,559,555,-1,555,559,561,-1,555,561,2795,-1,2795,561,2767,-1,2795,2767,2796,-1,2796,2767,2768,-1,2796,2768,2797,-1,2797,2768,2769,-1,2797,2769,2798,-1,2798,2769,2770,-1,2798,2770,2799,-1,2799,2770,2771,-1,2799,2771,2800,-1,2800,2771,2772,-1,2800,2772,2801,-1,2801,2772,2773,-1,2801,2773,2802,-1,2803,2804,2805,-1,2806,2804,2774,-1,2774,2804,2803,-1,2774,2803,2758,-1,556,558,1082,-1,1082,558,2807,-1,1082,2807,1084,-1,1084,2807,2808,-1,1084,2808,1086,-1,1086,2808,2809,-1,1086,2809,1088,-1,1088,2809,2810,-1,1088,2810,1090,-1,1090,2810,2811,-1,1090,2811,1092,-1,557,2785,558,-1,558,2785,2786,-1,558,2786,2807,-1,2807,2786,2787,-1,2807,2787,2808,-1,2808,2787,2788,-1,2808,2788,2809,-1,2809,2788,2789,-1,2809,2789,2810,-1,2810,2789,2790,-1,2810,2790,2811,-1,2811,2790,2791,-1,2811,2791,1092,-1,1092,2791,2812,-1,1092,2812,1093,-1,2793,2813,2794,-1,2794,2813,2814,-1,2794,2814,2815,-1,551,553,552,-1,552,553,555,-1,552,555,2816,-1,2816,555,2795,-1,2816,2795,2817,-1,2817,2795,2796,-1,2817,2796,2818,-1,2818,2796,2797,-1,2818,2797,2819,-1,2819,2797,2798,-1,2819,2798,2820,-1,2820,2798,2799,-1,2820,2799,2821,-1,2821,2799,2800,-1,2821,2800,2822,-1,2822,2800,2801,-1,2822,2801,2823,-1,2823,2801,2802,-1,2823,2802,2824,-1,2824,2802,2825,-1,2824,2825,2826,-1,2782,2674,2781,-1,2781,2674,2672,-1,2781,2672,2780,-1,2780,2672,2671,-1,2780,2671,2779,-1,2779,2671,2676,-1,2779,2676,2778,-1,2778,2676,2760,-1,2778,2760,2777,-1,2777,2760,2759,-1,2777,2759,2776,-1,2776,2759,2785,-1,2776,2785,2775,-1,2775,2785,557,-1,2775,557,2774,-1,2774,557,556,-1,2774,556,2806,-1,2806,556,1081,-1,2806,1081,2827,-1,2827,1081,1083,-1,2827,1083,2828,-1,2828,1083,1085,-1,2828,1085,2829,-1,2829,1085,1087,-1,2829,1087,2830,-1,2830,1087,1089,-1,2830,1089,2831,-1,2831,1089,1091,-1,2831,1091,2832,-1,2832,1091,1093,-1,2832,1093,2833,-1,2833,1093,2812,-1,2833,2812,2834,-1,2814,2835,2815,-1,2815,2835,2836,-1,2815,2836,2837,-1,527,550,528,-1,528,550,552,-1,528,552,2838,-1,2838,552,2816,-1,2838,2816,2839,-1,2839,2816,2817,-1,2839,2817,2840,-1,2840,2817,2818,-1,2840,2818,2841,-1,2841,2818,2819,-1,2841,2819,2842,-1,2842,2819,2820,-1,2842,2820,2843,-1,2843,2820,2821,-1,2843,2821,2844,-1,2844,2821,2822,-1,2844,2822,2618,-1,2618,2822,2823,-1,2618,2823,2616,-1,2616,2823,2824,-1,2616,2824,2614,-1,2614,2824,2826,-1,2614,2826,575,-1,541,538,2845,-1,2845,538,540,-1,2845,540,537,-1,2836,2846,2837,-1,2837,2846,2847,-1,2837,2847,2848,-1,524,526,525,-1,525,526,528,-1,525,528,2849,-1,2849,528,2838,-1,2849,2838,2850,-1,2850,2838,2839,-1,2850,2839,2851,-1,2851,2839,2840,-1,2851,2840,2852,-1,2852,2840,2841,-1,2852,2841,2853,-1,2853,2841,2842,-1,2853,2842,2854,-1,2854,2842,2843,-1,2854,2843,2855,-1,2855,2843,2844,-1,2855,2844,570,-1,570,2844,2618,-1,570,2618,568,-1,568,2618,2617,-1,568,2617,2625,-1,2625,2617,2615,-1,2625,2615,2627,-1,2627,2615,574,-1,2627,574,2629,-1,2629,574,576,-1,2629,576,2631,-1,2856,2857,2858,-1,2858,2857,2859,-1,2858,2859,2860,-1,2847,2861,2848,-1,2848,2861,2862,-1,2848,2862,2863,-1,2863,2862,2864,-1,2863,2864,2865,-1,2730,2603,2731,-1,2731,2603,2602,-1,2731,2602,2732,-1,2732,2602,2600,-1,2732,2600,2733,-1,2733,2600,2623,-1,2733,2623,2734,-1,2734,2623,2622,-1,2734,2622,2735,-1,2735,2622,2621,-1,2735,2621,2736,-1,2736,2621,2620,-1,2736,2620,2737,-1,2737,2620,2619,-1,2737,2619,2738,-1,2738,2619,566,-1,2738,566,2739,-1,2739,566,565,-1,2739,565,2740,-1,2740,565,563,-1,2740,563,2741,-1,2741,563,562,-1,2741,562,2866,-1,2866,562,2742,-1,2866,2742,2867,-1,2867,2742,560,-1,2867,560,2868,-1,2868,560,559,-1,2868,559,2869,-1,2869,559,554,-1,2869,554,2870,-1,2870,554,553,-1,2870,553,2871,-1,2871,553,551,-1,2871,551,2872,-1,2872,551,550,-1,2872,550,2873,-1,2873,550,527,-1,2873,527,2874,-1,2874,527,526,-1,2874,526,2875,-1,2875,526,524,-1,2875,524,2876,-1,2876,524,523,-1,2876,523,2877,-1,533,532,534,-1,534,532,2878,-1,534,2878,2879,-1,2879,2878,2880,-1,2879,2880,2881,-1,2881,2880,2882,-1,2881,2882,2883,-1,2883,2882,2884,-1,2883,2884,2885,-1,2886,2860,2887,-1,2887,2860,2859,-1,2887,2859,2888,-1,2888,2859,2857,-1,2888,2857,2889,-1,2729,2890,2891,-1,2891,2890,2892,-1,2891,2892,2893,-1,2893,2892,2894,-1,2893,2894,2895,-1,2895,2894,2896,-1,2895,2896,2897,-1,2897,2896,2898,-1,2897,2898,2899,-1,2899,2898,2900,-1,2899,2900,2901,-1,2901,2900,2902,-1,2901,2902,2903,-1,2903,2902,2904,-1,2903,2904,2905,-1,2905,2904,2906,-1,2905,2906,2907,-1,2907,2906,2908,-1,2907,2908,2909,-1,2909,2908,2910,-1,2909,2910,2911,-1,2911,2910,2912,-1,2911,2912,2913,-1,2913,2912,2914,-1,2913,2914,2915,-1,2915,2914,2916,-1,2915,2916,2917,-1,2729,2728,2890,-1,2890,2728,2741,-1,2890,2741,2892,-1,2892,2741,2866,-1,2892,2866,2894,-1,2894,2866,2867,-1,2894,2867,2896,-1,2896,2867,2868,-1,2896,2868,2898,-1,2898,2868,2869,-1,2898,2869,2900,-1,2900,2869,2870,-1,2900,2870,2902,-1,2902,2870,2871,-1,2902,2871,2904,-1,2904,2871,2872,-1,2904,2872,2906,-1,2906,2872,2873,-1,2906,2873,2908,-1,2908,2873,2874,-1,2908,2874,2910,-1,2910,2874,2875,-1,2910,2875,2912,-1,2912,2875,2876,-1,2912,2876,2914,-1,2914,2876,2877,-1,2914,2877,2916,-1,531,2918,529,-1,529,2918,2919,-1,529,2919,2920,-1,2920,2919,2921,-1,2920,2921,2922,-1,2922,2921,2923,-1,2922,2923,2924,-1,2924,2923,2925,-1,2924,2925,2926,-1,2926,2925,2927,-1,2926,2927,2928,-1,2928,2927,2929,-1,2928,2929,2930,-1,2931,2886,2932,-1,2932,2886,2887,-1,2932,2887,2933,-1,2933,2887,2888,-1,2933,2888,2934,-1,2934,2888,2889,-1,2934,2889,2935,-1,2936,2931,2937,-1,2937,2931,2932,-1,2937,2932,2938,-1,2938,2932,2933,-1,2938,2933,2939,-1,2939,2933,2934,-1,2939,2934,2940,-1,2940,2934,2935,-1,2864,2941,2865,-1,2865,2941,2942,-1,2865,2942,2943,-1,549,548,2944,-1,2944,548,2945,-1,2944,2945,2946,-1,2946,2945,2947,-1,2946,2947,2948,-1,2948,2947,2949,-1,2948,2949,2950,-1,2950,2949,2951,-1,2950,2951,2952,-1,547,546,548,-1,548,546,2953,-1,548,2953,2945,-1,2945,2953,2954,-1,2945,2954,2947,-1,2947,2954,2955,-1,2947,2955,2949,-1,2949,2955,2956,-1,2949,2956,2951,-1,544,543,546,-1,546,543,2957,-1,546,2957,2953,-1,2953,2957,2958,-1,2953,2958,2954,-1,2954,2958,2959,-1,2954,2959,2955,-1,2955,2959,2960,-1,2955,2960,2956,-1,539,538,545,-1,545,538,542,-1,545,542,543,-1,543,542,2961,-1,543,2961,2957,-1,2957,2961,2962,-1,2957,2962,2958,-1,2958,2962,2963,-1,2958,2963,2959,-1,2959,2963,2964,-1,2959,2964,2960,-1,537,536,2845,-1,2845,536,2965,-1,2845,2965,541,-1,541,2965,2966,-1,541,2966,542,-1,542,2966,2967,-1,542,2967,2961,-1,2961,2967,2968,-1,2961,2968,2962,-1,2962,2968,2969,-1,2962,2969,2963,-1,2963,2969,2970,-1,2963,2970,2964,-1,535,534,536,-1,536,534,2879,-1,536,2879,2965,-1,2965,2879,2881,-1,2965,2881,2966,-1,2966,2881,2883,-1,2966,2883,2967,-1,2967,2883,2885,-1,2967,2885,2968,-1,2968,2885,2971,-1,2968,2971,2969,-1,2969,2971,2972,-1,2969,2972,2970,-1,530,529,532,-1,532,529,2920,-1,532,2920,2878,-1,2878,2920,2922,-1,2878,2922,2880,-1,2880,2922,2924,-1,2880,2924,2882,-1,2882,2924,2926,-1,2882,2926,2884,-1,2884,2926,2928,-1,2884,2928,2885,-1,2885,2928,2930,-1,2885,2930,2971,-1,2971,2930,2973,-1,2971,2973,2972,-1,2918,2974,2919,-1,2919,2974,2975,-1,2919,2975,2921,-1,2921,2975,2976,-1,2921,2976,2923,-1,2923,2976,2977,-1,2923,2977,2925,-1,2925,2977,2978,-1,2925,2978,2927,-1,2927,2978,2979,-1,2927,2979,2929,-1,2929,2979,2980,-1,2929,2980,2930,-1,2930,2980,2981,-1,2930,2981,2973,-1,2982,2936,1094,-1,1094,2936,2937,-1,1094,2937,1095,-1,1095,2937,2938,-1,1095,2938,2983,-1,2983,2938,2939,-1,2983,2939,2984,-1,2984,2939,2940,-1,2984,2940,2985,-1,2985,2940,2935,-1,2985,2935,2986,-1,2942,2987,2943,-1,2943,2987,2988,-1,2943,2988,2989,-1,2703,2990,2704,-1,2704,2990,2991,-1,2704,2991,2992,-1,2992,2991,2993,-1,2992,2993,2994,-1,2994,2993,2995,-1,2994,2995,2996,-1,2996,2995,2997,-1,2996,2997,2998,-1,2998,2997,2999,-1,2998,2999,3000,-1,3000,2999,3001,-1,3000,3001,3002,-1,3002,3001,3003,-1,3002,3003,3004,-1,3004,3003,3005,-1,3004,3005,3006,-1,3006,3005,3007,-1,3006,3007,3008,-1,3008,3007,3009,-1,3008,3009,3010,-1,3010,3009,3011,-1,3010,3011,3012,-1,3012,3011,3013,-1,3012,3013,3014,-1,3014,3013,3015,-1,3014,3015,3016,-1,3016,3015,3017,-1,3016,3017,3018,-1,3018,3017,3019,-1,3018,3019,3020,-1,3020,3019,3021,-1,3020,3021,3022,-1,3022,3021,3023,-1,3022,3023,3024,-1,2685,2705,2687,-1,2687,2705,2707,-1,2687,2707,2689,-1,2689,2707,2709,-1,2689,2709,2691,-1,2691,2709,2711,-1,2691,2711,2693,-1,2693,2711,2713,-1,2693,2713,2695,-1,2695,2713,2715,-1,2695,2715,2697,-1,2697,2715,2717,-1,2697,2717,2699,-1,2699,2717,2719,-1,2699,2719,2701,-1,2701,2719,2721,-1,2701,2721,2703,-1,2703,2721,2723,-1,2703,2723,2990,-1,2990,2723,2725,-1,2990,2725,2991,-1,2991,2725,2727,-1,2991,2727,2993,-1,2993,2727,2729,-1,2993,2729,2995,-1,2995,2729,2891,-1,2995,2891,2997,-1,2997,2891,2893,-1,2997,2893,2999,-1,2999,2893,2895,-1,2999,2895,3001,-1,3001,2895,2897,-1,3001,2897,3003,-1,3003,2897,2899,-1,3003,2899,3005,-1,3005,2899,2901,-1,3005,2901,3007,-1,3007,2901,2903,-1,3007,2903,3009,-1,3009,2903,2905,-1,3009,2905,3011,-1,3011,2905,2907,-1,3011,2907,3013,-1,3013,2907,2909,-1,3013,2909,3015,-1,3015,2909,2911,-1,3015,2911,3017,-1,3017,2911,2913,-1,3017,2913,3019,-1,3019,2913,2915,-1,3019,2915,3021,-1,3021,2915,2917,-1,3021,2917,3023,-1,3025,3026,3027,-1,3027,3026,3028,-1,3027,3028,3029,-1,3029,3028,3030,-1,3029,3030,3031,-1,3031,3030,3032,-1,3031,3032,3033,-1,3033,3032,3034,-1,3033,3034,3035,-1,3036,3037,3038,-1,3038,3037,3039,-1,3038,3039,3040,-1,3040,3039,3041,-1,3037,3042,3039,-1,3039,3042,2952,-1,3039,2952,3041,-1,3041,2952,2951,-1,3041,2951,3043,-1,3043,2951,2956,-1,3043,2956,3044,-1,3044,2956,2960,-1,3044,2960,3045,-1,3045,2960,2964,-1,3045,2964,3046,-1,3046,2964,2970,-1,3046,2970,3047,-1,3047,2970,2972,-1,3047,2972,3048,-1,3048,2972,2973,-1,3048,2973,3049,-1,3049,2973,2981,-1,3049,2981,3050,-1,3051,3052,3053,-1,3053,3052,3054,-1,3053,3054,3055,-1,3055,3054,3056,-1,3055,3056,2982,-1,520,522,1097,-1,1097,522,3057,-1,1097,3057,1099,-1,1099,3057,3058,-1,1099,3058,1101,-1,1101,3058,3059,-1,1101,3059,1103,-1,521,1095,522,-1,522,1095,2983,-1,522,2983,3057,-1,3057,2983,2984,-1,3057,2984,3058,-1,3058,2984,2985,-1,3058,2985,3059,-1,3059,2985,2986,-1,3059,2986,1103,-1,1103,2986,3060,-1,1103,3060,1104,-1,2988,3061,2989,-1,2989,3061,3062,-1,2989,3062,3063,-1,3063,3062,3064,-1,3063,3064,3065,-1,2598,2684,2607,-1,2607,2684,2686,-1,2607,2686,2608,-1,2608,2686,2688,-1,2608,2688,2610,-1,2610,2688,2690,-1,2610,2690,2632,-1,2632,2690,2692,-1,2632,2692,2633,-1,2633,2692,2694,-1,2633,2694,2652,-1,2652,2694,2696,-1,2652,2696,2653,-1,2653,2696,2698,-1,2653,2698,2679,-1,2679,2698,2700,-1,2679,2700,2680,-1,2680,2700,2702,-1,2680,2702,2682,-1,2682,2702,2704,-1,2682,2704,2792,-1,2792,2704,2992,-1,2792,2992,2793,-1,2793,2992,2994,-1,2793,2994,2813,-1,2813,2994,2996,-1,2813,2996,2814,-1,2814,2996,2998,-1,2814,2998,2835,-1,2835,2998,3000,-1,2835,3000,2836,-1,2836,3000,3002,-1,2836,3002,2846,-1,2846,3002,3004,-1,2846,3004,2847,-1,2847,3004,3006,-1,2847,3006,2861,-1,2861,3006,3008,-1,2861,3008,2862,-1,2862,3008,3010,-1,2862,3010,2864,-1,2864,3010,3012,-1,2864,3012,2941,-1,2941,3012,3014,-1,2941,3014,2942,-1,2942,3014,3016,-1,2942,3016,2987,-1,2987,3016,3018,-1,2987,3018,2988,-1,2988,3018,3020,-1,2988,3020,3061,-1,3061,3020,3022,-1,3061,3022,3062,-1,3062,3022,3024,-1,3062,3024,3064,-1,3066,3067,3068,-1,3068,3067,3069,-1,3068,3069,3070,-1,3070,3069,3071,-1,3067,3036,3069,-1,3069,3036,3038,-1,3069,3038,3071,-1,3071,3038,3040,-1,3071,3040,3072,-1,3072,3040,3041,-1,3072,3041,3073,-1,3073,3041,3043,-1,3073,3043,3074,-1,3074,3043,3044,-1,3074,3044,3075,-1,3075,3044,3045,-1,3075,3045,3076,-1,3076,3045,3046,-1,3076,3046,3077,-1,3077,3046,3047,-1,3077,3047,3078,-1,3078,3047,3048,-1,3078,3048,3079,-1,3079,3048,3049,-1,3079,3049,3080,-1,3080,3049,3050,-1,3080,3050,3081,-1,3082,3083,3084,-1,3084,3083,3085,-1,3084,3085,3086,-1,3086,3085,3087,-1,3086,3087,3088,-1,3088,3087,3089,-1,3088,3089,3051,-1,3051,3089,3090,-1,3051,3090,3052,-1,2982,1094,3055,-1,3055,1094,521,-1,3055,521,3053,-1,3053,521,520,-1,3053,520,3051,-1,3051,520,1096,-1,3051,1096,3088,-1,3088,1096,1098,-1,3088,1098,3086,-1,3086,1098,1100,-1,3086,1100,3084,-1,3084,1100,1102,-1,3084,1102,3082,-1,3082,1102,1104,-1,3082,1104,3091,-1,3091,1104,3060,-1,3091,3060,3092,-1,519,518,3093,-1,2639,3094,2640,-1,2640,3094,3095,-1,2640,3095,2642,-1,2642,3095,3096,-1,2642,3096,2644,-1,2644,3096,3097,-1,2644,3097,2646,-1,2646,3097,3098,-1,2646,3098,2648,-1,2648,3098,3099,-1,2648,3099,2650,-1,2650,3099,3100,-1,2650,3100,2651,-1,2651,3100,3101,-1,2651,3101,3102,-1,3102,3101,3103,-1,3102,3103,3104,-1,3104,3103,3105,-1,3104,3105,3106,-1,3106,3105,3107,-1,3106,3107,3108,-1,3108,3107,3109,-1,3108,3109,3110,-1,3110,3109,3111,-1,3110,3111,3112,-1,3112,3111,3113,-1,3112,3113,3114,-1,3114,3113,3115,-1,3114,3115,3116,-1,3116,3115,3035,-1,3116,3035,3117,-1,3117,3035,3034,-1,3117,3034,3118,-1,3118,3034,3032,-1,3118,3032,3119,-1,3119,3032,3030,-1,3119,3030,3120,-1,3120,3030,3028,-1,3120,3028,3121,-1,3121,3028,3026,-1,3121,3026,3093,-1,3093,3026,3025,-1,3093,3025,519,-1,3122,3123,3124,-1,3124,3123,3125,-1,3124,3125,3126,-1,3126,3125,3127,-1,3126,3127,3128,-1,3128,3127,3129,-1,3128,3129,3130,-1,3130,3129,3131,-1,3130,3131,3132,-1,3132,3131,3133,-1,3132,3133,3134,-1,3134,3133,3135,-1,549,2805,547,-1,547,2805,2804,-1,547,2804,544,-1,544,2804,2806,-1,544,2806,545,-1,545,2806,2827,-1,545,2827,539,-1,539,2827,2828,-1,539,2828,540,-1,540,2828,2829,-1,540,2829,537,-1,537,2829,2830,-1,537,2830,535,-1,535,2830,2831,-1,535,2831,533,-1,533,2831,2832,-1,533,2832,530,-1,530,2832,2833,-1,530,2833,531,-1,531,2833,2834,-1,531,2834,2918,-1,2918,2834,2856,-1,2918,2856,2974,-1,2974,2856,2858,-1,2974,2858,2975,-1,2975,2858,2860,-1,2975,2860,2976,-1,2976,2860,2886,-1,2976,2886,2977,-1,2977,2886,2931,-1,2977,2931,2978,-1,2978,2931,2936,-1,2978,2936,2979,-1,2979,2936,2982,-1,2979,2982,2980,-1,2980,2982,3056,-1,2980,3056,2981,-1,2981,3056,3054,-1,2981,3054,3050,-1,3050,3054,3052,-1,3050,3052,3081,-1,3081,3052,3090,-1,3081,3090,3136,-1,3136,3090,3089,-1,3136,3089,3137,-1,3137,3089,3087,-1,3137,3087,3138,-1,3138,3087,3085,-1,3138,3085,3139,-1,3139,3085,3083,-1,3139,3083,3140,-1,3140,3083,3082,-1,3140,3082,3141,-1,3141,3082,3091,-1,3141,3091,3142,-1,3142,3091,3092,-1,3142,3092,3143,-1,572,571,2630,-1,2630,571,2641,-1,2630,2641,2628,-1,2628,2641,2643,-1,2628,2643,2626,-1,2626,2643,2645,-1,2626,2645,2624,-1,2624,2645,2647,-1,2624,2647,569,-1,569,2647,2649,-1,569,2649,570,-1,570,2649,2651,-1,570,2651,2855,-1,2855,2651,3102,-1,2855,3102,2854,-1,2854,3102,3104,-1,2854,3104,2853,-1,2853,3104,3106,-1,2853,3106,2852,-1,2852,3106,3108,-1,2852,3108,2851,-1,2851,3108,3110,-1,2851,3110,2850,-1,2850,3110,3112,-1,2850,3112,2849,-1,2849,3112,3114,-1,2849,3114,525,-1,525,3114,3116,-1,525,3116,523,-1,523,3116,3117,-1,523,3117,2877,-1,2877,3117,3118,-1,2877,3118,2916,-1,2916,3118,3119,-1,2916,3119,2917,-1,2917,3119,3120,-1,2917,3120,3023,-1,3023,3120,3121,-1,3023,3121,3024,-1,3024,3121,3093,-1,3024,3093,3064,-1,3064,3093,518,-1,3064,518,3065,-1,3065,518,517,-1,3065,517,3144,-1,3145,3146,3147,-1,3147,3146,3148,-1,3147,3148,3149,-1,3149,3148,3150,-1,3149,3150,3151,-1,3151,3150,3152,-1,3151,3152,3153,-1,3153,3152,3154,-1,3153,3154,3155,-1,3155,3154,3156,-1,3155,3156,3157,-1,3157,3156,3158,-1,3157,3158,3159,-1,3160,3161,3162,-1,3162,3161,3163,-1,3162,3163,3164,-1,3164,3163,3165,-1,3164,3165,3166,-1,3166,3165,3167,-1,3166,3167,3168,-1,3168,3167,3169,-1,3168,3169,3170,-1,3170,3169,3171,-1,3170,3171,3172,-1,3172,3171,3173,-1,3172,3173,3174,-1,3123,3066,3125,-1,3125,3066,3068,-1,3125,3068,3127,-1,3127,3068,3070,-1,3127,3070,3129,-1,3129,3070,3071,-1,3129,3071,3131,-1,3131,3071,3072,-1,3131,3072,3133,-1,3133,3072,3073,-1,3133,3073,3135,-1,3135,3073,3074,-1,3135,3074,3175,-1,3175,3074,3075,-1,3175,3075,3176,-1,3176,3075,3076,-1,3176,3076,3177,-1,3177,3076,3077,-1,3177,3077,3178,-1,3178,3077,3078,-1,3178,3078,3179,-1,3179,3078,3079,-1,3179,3079,3180,-1,3180,3079,3080,-1,3180,3080,3181,-1,3181,3080,3081,-1,3181,3081,3160,-1,3160,3081,3136,-1,3160,3136,3161,-1,3161,3136,3137,-1,3161,3137,3163,-1,3163,3137,3138,-1,3163,3138,3165,-1,3165,3138,3139,-1,3165,3139,3167,-1,3167,3139,3140,-1,3167,3140,3169,-1,3169,3140,3141,-1,3169,3141,3171,-1,3171,3141,3142,-1,3171,3142,3173,-1,3173,3142,3143,-1,3173,3143,3174,-1,3174,3143,3182,-1,3183,3184,3185,-1,3185,3184,3186,-1,3185,3186,3187,-1,3187,3186,3188,-1,3187,3188,3189,-1,3189,3188,3190,-1,3189,3190,3191,-1,3191,3190,3192,-1,3191,3192,3193,-1,3194,3195,3196,-1,3196,3195,3197,-1,3196,3197,3198,-1,3198,3197,3199,-1,3198,3199,3200,-1,3200,3199,3201,-1,3200,3201,3202,-1,3202,3201,3203,-1,3202,3203,3204,-1,3204,3203,3205,-1,3204,3205,3206,-1,3206,3205,3207,-1,3206,3207,3208,-1,3209,3208,3182,-1,3182,3208,3207,-1,3182,3207,3174,-1,3174,3207,3205,-1,3174,3205,3172,-1,3172,3205,3203,-1,3172,3203,3170,-1,3170,3203,3201,-1,3170,3201,3168,-1,3168,3201,3199,-1,3168,3199,3166,-1,3166,3199,3197,-1,3166,3197,3164,-1,3164,3197,3195,-1,3164,3195,3162,-1,3162,3195,3194,-1,3162,3194,3160,-1,3160,3194,3210,-1,3160,3210,3181,-1,3181,3210,3211,-1,3181,3211,3180,-1,3180,3211,3212,-1,3180,3212,3179,-1,3179,3212,3213,-1,3179,3213,3178,-1,3178,3213,3214,-1,3178,3214,3177,-1,3177,3214,3215,-1,3177,3215,3176,-1,3176,3215,3216,-1,3176,3216,3175,-1,3175,3216,3145,-1,3175,3145,3135,-1,3135,3145,3147,-1,3135,3147,3134,-1,3134,3147,3149,-1,3134,3149,3132,-1,3132,3149,3151,-1,3132,3151,3130,-1,3130,3151,3153,-1,3130,3153,3128,-1,3128,3153,3155,-1,3128,3155,3126,-1,3126,3155,3157,-1,3126,3157,3124,-1,3124,3157,3159,-1,3124,3159,3122,-1,3217,3218,1108,-1,3219,3220,3221,-1,3221,3220,3222,-1,3221,3222,3223,-1,3223,3222,3224,-1,3223,3224,3225,-1,3225,3224,3226,-1,3225,3226,3227,-1,3227,3226,3228,-1,3227,3228,3229,-1,3230,3231,3232,-1,3233,1109,3234,-1,3234,1109,1111,-1,3234,1111,3235,-1,3235,1111,1113,-1,3235,1113,3236,-1,3236,1113,1115,-1,3236,1115,3237,-1,1108,1106,3217,-1,3217,1106,3238,-1,3217,3238,3239,-1,3230,3232,3240,-1,3240,3232,3241,-1,3240,3241,3242,-1,3242,3241,3243,-1,3242,3243,3244,-1,3244,3243,3245,-1,3244,3245,3246,-1,3246,3245,3247,-1,3246,3247,3248,-1,3248,3247,3249,-1,3248,3249,3250,-1,3250,3249,3251,-1,3250,3251,3252,-1,3252,3251,3219,-1,3252,3219,3183,-1,3183,3219,3221,-1,3183,3221,3184,-1,3184,3221,3223,-1,3184,3223,3186,-1,3186,3223,3225,-1,3186,3225,3188,-1,3188,3225,3227,-1,3188,3227,3190,-1,3190,3227,3229,-1,3190,3229,3192,-1,3253,3254,3255,-1,3255,3254,3256,-1,3255,3256,3257,-1,3257,3256,3258,-1,3257,3258,3259,-1,3259,3258,3260,-1,3259,3260,3261,-1,3261,3260,3262,-1,3261,3262,3263,-1,1110,3264,1112,-1,1112,3264,3265,-1,1112,3265,1114,-1,1114,3265,3231,-1,1114,3231,1115,-1,1115,3231,3230,-1,1115,3230,3237,-1,3266,3267,3268,-1,3268,3267,3269,-1,3268,3269,3270,-1,3238,3271,3239,-1,3239,3271,3272,-1,3239,3272,3273,-1,3273,3272,3274,-1,3273,3274,3275,-1,3264,3276,3265,-1,3265,3276,3277,-1,3265,3277,3231,-1,3231,3277,3278,-1,3231,3278,3232,-1,3232,3278,3279,-1,3232,3279,3241,-1,3241,3279,3280,-1,3241,3280,3243,-1,3243,3280,3281,-1,3243,3281,3245,-1,3245,3281,3282,-1,3245,3282,3247,-1,3247,3282,3283,-1,3247,3283,3249,-1,3249,3283,3284,-1,3249,3284,3251,-1,3251,3284,3253,-1,3251,3253,3219,-1,3219,3253,3255,-1,3219,3255,3220,-1,3220,3255,3257,-1,3220,3257,3222,-1,3222,3257,3259,-1,3222,3259,3224,-1,3224,3259,3261,-1,3224,3261,3226,-1,3226,3261,3263,-1,3226,3263,3228,-1,3285,3286,3287,-1,3287,3286,3288,-1,3287,3288,3289,-1,3289,3288,3290,-1,3289,3290,3291,-1,3291,3290,3292,-1,3291,3292,3293,-1,3293,3292,3294,-1,3293,3294,3295,-1,3295,3294,3296,-1,3295,3296,3297,-1,3298,3270,3299,-1,3299,3270,3269,-1,3299,3269,3300,-1,3300,3269,3267,-1,3300,3267,3301,-1,3276,3302,3277,-1,3277,3302,3303,-1,3277,3303,3278,-1,3278,3303,3304,-1,3278,3304,3279,-1,3279,3304,3305,-1,3279,3305,3280,-1,3280,3305,3306,-1,3280,3306,3281,-1,3281,3306,3307,-1,3281,3307,3282,-1,3282,3307,3308,-1,3282,3308,3283,-1,3283,3308,3309,-1,3283,3309,3284,-1,3284,3309,3310,-1,3284,3310,3253,-1,3253,3310,3311,-1,3253,3311,3254,-1,3254,3311,3312,-1,3254,3312,3256,-1,3256,3312,3313,-1,3256,3313,3258,-1,3258,3313,3314,-1,3258,3314,3260,-1,3260,3314,3315,-1,3260,3315,3262,-1,3316,3317,3318,-1,3318,3317,3319,-1,3318,3319,3320,-1,3320,3319,3321,-1,3320,3321,3322,-1,3322,3321,3323,-1,3322,3323,3324,-1,3324,3323,3325,-1,3324,3325,3326,-1,3302,3327,3328,-1,3329,3285,3330,-1,3330,3285,3287,-1,3330,3287,3331,-1,3331,3287,3289,-1,3331,3289,3332,-1,3332,3289,3291,-1,3332,3291,3333,-1,3333,3291,3293,-1,3333,3293,3334,-1,3334,3293,3295,-1,3334,3295,3335,-1,3335,3295,3297,-1,3335,3336,3334,-1,3334,3336,3337,-1,3334,3337,3333,-1,3333,3337,3338,-1,3333,3338,3332,-1,3332,3338,3339,-1,3332,3339,3331,-1,3331,3339,3340,-1,3331,3340,3330,-1,3330,3340,3341,-1,3330,3341,3329,-1,3342,3298,3343,-1,3343,3298,3299,-1,3343,3299,3344,-1,3344,3299,3300,-1,3344,3300,3345,-1,3345,3300,3301,-1,3345,3301,3346,-1,3347,3342,3348,-1,3348,3342,3343,-1,3348,3343,3349,-1,3349,3343,3344,-1,3349,3344,3350,-1,3350,3344,3345,-1,3350,3345,3351,-1,3351,3345,3346,-1,3274,3352,3275,-1,3275,3352,3353,-1,3275,3353,3354,-1,3302,3328,3303,-1,3303,3328,3355,-1,3303,3355,3304,-1,3304,3355,3356,-1,3304,3356,3305,-1,3305,3356,3357,-1,3305,3357,3306,-1,3306,3357,3358,-1,3306,3358,3307,-1,3307,3358,3359,-1,3307,3359,3308,-1,3308,3359,3360,-1,3308,3360,3309,-1,3309,3360,3316,-1,3309,3316,3310,-1,3310,3316,3318,-1,3310,3318,3311,-1,3311,3318,3320,-1,3311,3320,3312,-1,3312,3320,3322,-1,3312,3322,3313,-1,3313,3322,3324,-1,3313,3324,3314,-1,3314,3324,3326,-1,3314,3326,3315,-1,3361,3362,3363,-1,3363,3362,3364,-1,3363,3364,3365,-1,3365,3364,3366,-1,3365,3366,3367,-1,3367,3366,3368,-1,3367,3368,3369,-1,3369,3368,3370,-1,3369,3370,3371,-1,3341,3372,3329,-1,3329,3372,3327,-1,3329,3327,3285,-1,3285,3327,3302,-1,3285,3302,3286,-1,3286,3302,3276,-1,3286,3276,3288,-1,3288,3276,3264,-1,3288,3264,3290,-1,3290,3264,1110,-1,3290,1110,3292,-1,3292,1110,1109,-1,3292,1109,3294,-1,3294,1109,3233,-1,3294,3233,3296,-1,3373,3347,1116,-1,1116,3347,3348,-1,1116,3348,1117,-1,1117,3348,3349,-1,1117,3349,3374,-1,3374,3349,3350,-1,3374,3350,3375,-1,3375,3350,3351,-1,3375,3351,3376,-1,3376,3351,3346,-1,3376,3346,3377,-1,3353,3378,3354,-1,3354,3378,3379,-1,3354,3379,3380,-1,3372,3381,3327,-1,3327,3381,3382,-1,3327,3382,3328,-1,3328,3382,3383,-1,3328,3383,3355,-1,3355,3383,3384,-1,3355,3384,3356,-1,3356,3384,3385,-1,3356,3385,3357,-1,3357,3385,3386,-1,3357,3386,3358,-1,3358,3386,3387,-1,3358,3387,3359,-1,3359,3387,3388,-1,3359,3388,3360,-1,3360,3388,3361,-1,3360,3361,3316,-1,3316,3361,3363,-1,3316,3363,3317,-1,3317,3363,3365,-1,3317,3365,3319,-1,3319,3365,3367,-1,3319,3367,3321,-1,3321,3367,3369,-1,3321,3369,3323,-1,3323,3369,3371,-1,3323,3371,3325,-1,3389,3390,3391,-1,3391,3390,3392,-1,3391,3392,3393,-1,3393,3392,3394,-1,3393,3394,3395,-1,3395,3394,3396,-1,3395,3396,3397,-1,3397,3396,3398,-1,3397,3398,3399,-1,3381,3400,3401,-1,3402,3403,3404,-1,3404,3403,3405,-1,3404,3405,3406,-1,3406,3405,3407,-1,3406,3407,3373,-1,514,516,1119,-1,1119,516,3408,-1,1119,3408,1121,-1,1121,3408,3409,-1,1121,3409,1123,-1,1123,3409,3410,-1,1123,3410,1125,-1,515,1117,516,-1,516,1117,3374,-1,516,3374,3408,-1,3408,3374,3375,-1,3408,3375,3409,-1,3409,3375,3376,-1,3409,3376,3410,-1,3410,3376,3377,-1,3410,3377,1125,-1,1125,3377,3411,-1,1125,3411,1126,-1,3379,3412,3380,-1,3380,3412,3413,-1,3380,3413,3414,-1,3414,3413,3415,-1,3414,3415,3416,-1,3381,3401,3382,-1,3382,3401,3417,-1,3382,3417,3383,-1,3383,3417,3418,-1,3383,3418,3384,-1,3384,3418,3419,-1,3384,3419,3385,-1,3385,3419,3420,-1,3385,3420,3386,-1,3386,3420,3421,-1,3386,3421,3387,-1,3387,3421,3422,-1,3387,3422,3388,-1,3388,3422,3389,-1,3388,3389,3361,-1,3361,3389,3391,-1,3361,3391,3362,-1,3362,3391,3393,-1,3362,3393,3364,-1,3364,3393,3395,-1,3364,3395,3366,-1,3366,3395,3397,-1,3366,3397,3368,-1,3368,3397,3399,-1,3368,3399,3370,-1,3423,3424,3425,-1,3425,3424,3426,-1,3425,3426,3427,-1,3427,3426,3428,-1,3427,3428,3429,-1,3429,3428,3430,-1,3429,3430,3402,-1,3402,3430,3431,-1,3402,3431,3403,-1,3373,1116,3406,-1,3406,1116,515,-1,3406,515,3404,-1,3404,515,514,-1,3404,514,3402,-1,3402,514,1118,-1,3402,1118,3429,-1,3429,1118,1120,-1,3429,1120,3427,-1,3427,1120,1122,-1,3427,1122,3425,-1,3425,1122,1124,-1,3425,1124,3423,-1,3423,1124,1126,-1,3423,1126,3432,-1,3432,1126,3411,-1,3432,3411,3433,-1,3434,3435,3436,-1,3436,3435,3437,-1,3436,3437,3438,-1,3438,3437,3439,-1,3438,3439,3440,-1,3440,3439,3441,-1,3440,3441,3442,-1,1107,3193,1105,-1,1105,3193,3192,-1,1105,3192,3443,-1,3443,3192,3229,-1,3443,3229,3444,-1,3444,3229,3228,-1,3444,3228,3445,-1,3445,3228,3263,-1,3445,3263,3446,-1,3446,3263,3262,-1,3446,3262,3447,-1,3447,3262,3315,-1,3447,3315,3448,-1,3448,3315,3326,-1,3448,3326,3449,-1,3449,3326,3325,-1,3449,3325,3450,-1,3450,3325,3371,-1,3450,3371,3451,-1,3451,3371,3370,-1,3451,3370,3452,-1,3452,3370,3399,-1,3452,3399,3442,-1,3442,3399,3398,-1,3442,3398,3440,-1,3440,3398,3396,-1,3440,3396,3438,-1,3438,3396,3394,-1,3438,3394,3436,-1,3436,3394,3392,-1,3436,3392,3434,-1,3434,3392,3390,-1,3434,3390,3453,-1,3453,3390,3389,-1,3453,3389,3454,-1,3454,3389,3422,-1,3454,3422,3455,-1,3455,3422,3421,-1,3455,3421,3456,-1,3456,3421,3420,-1,3456,3420,3457,-1,3457,3420,3419,-1,3457,3419,3458,-1,3458,3419,3418,-1,3458,3418,3459,-1,3459,3418,3417,-1,3459,3417,3460,-1,3460,3417,3401,-1,3460,3401,3461,-1,3461,3401,3400,-1,3461,3400,3462,-1,3463,3464,3465,-1,3465,3464,3466,-1,3465,3466,3467,-1,3467,3466,3468,-1,3467,3468,3469,-1,3469,3468,3470,-1,3469,3470,3471,-1,3471,3470,3472,-1,3471,3472,3473,-1,3473,3472,3474,-1,3473,3474,3475,-1,3476,3433,3477,-1,1975,1887,2063,-1,2063,1887,1886,-1,2063,1886,2086,-1,2086,1886,1888,-1,2086,1888,2103,-1,2103,1888,1891,-1,2103,1891,2123,-1,2123,1891,1908,-1,2123,1908,1932,-1,1932,1908,1909,-1,1932,1909,1930,-1,1930,1909,1910,-1,1930,1910,1952,-1,1952,1910,1911,-1,1952,1911,642,-1,642,1911,1912,-1,642,1912,643,-1,643,1912,1913,-1,643,1913,639,-1,639,1913,1914,-1,639,1914,640,-1,640,1914,1915,-1,640,1915,2064,-1,2064,1915,3478,-1,2064,3478,1977,-1,1977,3478,2124,-1,1977,2124,1978,-1,1978,2124,2125,-1,1978,2125,1980,-1,1980,2125,2126,-1,1980,2126,1982,-1,1982,2126,2127,-1,1982,2127,1984,-1,1984,2127,2128,-1,1984,2128,1986,-1,1986,2128,2129,-1,1986,2129,1987,-1,1987,2129,2130,-1,1987,2130,2071,-1,2071,2130,2131,-1,2071,2131,2072,-1,2072,2131,2104,-1,2072,2104,2527,-1,2527,2104,2106,-1,2527,2106,2528,-1,2528,2106,610,-1,2528,610,2529,-1,2529,610,2293,-1,2529,2293,2530,-1,2530,2293,2295,-1,2530,2295,2531,-1,2531,2295,2297,-1,2531,2297,2532,-1,2532,2297,2299,-1,2532,2299,2533,-1,2533,2299,2301,-1,2533,2301,2488,-1,2488,2301,2381,-1,2488,2381,2486,-1,2486,2381,2406,-1,2486,2406,2484,-1,2484,2406,2405,-1,2484,2405,2482,-1,2482,2405,2518,-1,2482,2518,2480,-1,2480,2518,2456,-1,2480,2456,2478,-1,2478,2456,2455,-1,2478,2455,2476,-1,2476,2455,2490,-1,2476,2490,2474,-1,2474,2490,2489,-1,2474,2489,2534,-1,2534,2489,2549,-1,2534,2549,2597,-1,2597,2549,2548,-1,2597,2548,2598,-1,2598,2548,2546,-1,2598,2546,2684,-1,2684,2546,2544,-1,2684,2544,2685,-1,2685,2544,2542,-1,2685,2542,2705,-1,2705,2542,2540,-1,2705,2540,2706,-1,2706,2540,2538,-1,2706,2538,2730,-1,2730,2538,2536,-1,2730,2536,2603,-1,2603,2536,2535,-1,2603,2535,2601,-1,2601,2535,2595,-1,2601,2595,2604,-1,2604,2595,2594,-1,2604,2594,578,-1,578,2594,2593,-1,578,2593,579,-1,579,2593,2592,-1,579,2592,2638,-1,2638,2592,2591,-1,2638,2591,2659,-1,2659,2591,2590,-1,2659,2590,2749,-1,2749,2590,2589,-1,2749,2589,2773,-1,2773,2589,2573,-1,2773,2573,2802,-1,2802,2573,2575,-1,2802,2575,2825,-1,2825,2575,2577,-1,2825,2577,2826,-1,2826,2577,2579,-1,2826,2579,575,-1,575,2579,2581,-1,575,2581,576,-1,576,2581,2583,-1,576,2583,2631,-1,2631,2583,2585,-1,2631,2585,572,-1,572,2585,2587,-1,572,2587,573,-1,573,2587,2588,-1,573,2588,2639,-1,2639,2588,2784,-1,2639,2784,3094,-1,3094,2784,2750,-1,3094,2750,3095,-1,3095,2750,2751,-1,3095,2751,3096,-1,3096,2751,2752,-1,3096,2752,3097,-1,3097,2752,2753,-1,3097,2753,3098,-1,3098,2753,2754,-1,3098,2754,3099,-1,3099,2754,2755,-1,3099,2755,3100,-1,3100,2755,2756,-1,3100,2756,3101,-1,3101,2756,2758,-1,3101,2758,3103,-1,3103,2758,2803,-1,3103,2803,3105,-1,3105,2803,2805,-1,3105,2805,3107,-1,3107,2805,549,-1,3107,549,3109,-1,3109,549,2944,-1,3109,2944,3111,-1,3111,2944,2946,-1,3111,2946,3113,-1,3113,2946,2948,-1,3113,2948,3115,-1,3115,2948,2950,-1,3115,2950,3035,-1,3035,2950,2952,-1,3035,2952,3033,-1,3033,2952,3042,-1,3033,3042,3031,-1,3031,3042,3037,-1,3031,3037,3029,-1,3029,3037,3036,-1,3029,3036,3027,-1,3027,3036,3067,-1,3027,3067,3025,-1,3025,3067,3066,-1,3025,3066,519,-1,519,3066,3123,-1,519,3123,517,-1,517,3123,3122,-1,517,3122,3144,-1,3144,3122,3159,-1,3144,3159,3218,-1,3218,3159,3158,-1,3218,3158,1108,-1,1108,3158,3156,-1,1108,3156,1107,-1,1107,3156,3154,-1,1107,3154,3193,-1,3193,3154,3152,-1,3193,3152,3191,-1,3191,3152,3150,-1,3191,3150,3189,-1,3189,3150,3148,-1,3189,3148,3187,-1,3187,3148,3146,-1,3187,3146,3185,-1,3185,3146,3145,-1,3185,3145,3183,-1,3183,3145,3216,-1,3183,3216,3252,-1,3252,3216,3215,-1,3252,3215,3250,-1,3250,3215,3214,-1,3250,3214,3248,-1,3248,3214,3213,-1,3248,3213,3246,-1,3246,3213,3212,-1,3246,3212,3244,-1,3244,3212,3211,-1,3244,3211,3242,-1,3242,3211,3210,-1,3242,3210,3240,-1,3240,3210,3194,-1,3240,3194,3230,-1,3230,3194,3196,-1,3230,3196,3237,-1,3237,3196,3198,-1,3237,3198,3236,-1,3236,3198,3200,-1,3236,3200,3235,-1,3235,3200,3202,-1,3235,3202,3234,-1,3234,3202,3204,-1,3234,3204,3233,-1,3233,3204,3206,-1,3233,3206,3296,-1,3296,3206,3208,-1,3296,3208,3297,-1,3297,3208,3209,-1,3297,3209,3335,-1,3335,3209,3266,-1,3335,3266,3336,-1,3336,3266,3268,-1,3336,3268,3337,-1,3337,3268,3270,-1,3337,3270,3338,-1,3338,3270,3298,-1,3338,3298,3339,-1,3339,3298,3342,-1,3339,3342,3340,-1,3340,3342,3347,-1,3340,3347,3341,-1,3341,3347,3373,-1,3341,3373,3372,-1,3372,3373,3407,-1,3372,3407,3381,-1,3381,3407,3405,-1,3381,3405,3400,-1,3400,3405,3403,-1,3400,3403,3462,-1,3462,3403,3431,-1,3462,3431,3479,-1,3479,3431,3430,-1,3479,3430,3480,-1,3480,3430,3428,-1,3480,3428,3481,-1,3481,3428,3426,-1,3481,3426,3482,-1,3482,3426,3424,-1,3482,3424,3483,-1,3483,3424,3423,-1,3483,3423,3484,-1,3484,3423,3432,-1,3484,3432,3476,-1,3476,3432,3433,-1,3415,3485,3416,-1,3416,3485,3486,-1,3416,3486,3487,-1,3488,3489,3490,-1,3490,3489,3491,-1,3490,3491,3492,-1,3492,3491,3493,-1,3492,3493,3494,-1,3494,3493,3495,-1,3494,3495,3496,-1,3496,3495,513,-1,3496,513,3497,-1,3497,513,512,-1,3497,512,3498,-1,3499,3500,3501,-1,3501,3500,3502,-1,3501,3502,3503,-1,3503,3502,3504,-1,3503,3504,3505,-1,3505,3504,3506,-1,3505,3506,3507,-1,3507,3506,3508,-1,3507,3508,3509,-1,3509,3508,3510,-1,3509,3510,3511,-1,3511,3510,3512,-1,3511,3512,3513,-1,3514,3513,3477,-1,3477,3513,3512,-1,3477,3512,3476,-1,3476,3512,3510,-1,3476,3510,3484,-1,3484,3510,3508,-1,3484,3508,3483,-1,3483,3508,3506,-1,3483,3506,3482,-1,3482,3506,3504,-1,3482,3504,3481,-1,3481,3504,3502,-1,3481,3502,3480,-1,3480,3502,3500,-1,3480,3500,3479,-1,3479,3500,3499,-1,3479,3499,3462,-1,3462,3499,3515,-1,3462,3515,3461,-1,3461,3515,3516,-1,3461,3516,3460,-1,3460,3516,3517,-1,3460,3517,3459,-1,3459,3517,3518,-1,3459,3518,3458,-1,3458,3518,3519,-1,3458,3519,3457,-1,3457,3519,3520,-1,3457,3520,3456,-1,3456,3520,3521,-1,3456,3521,3455,-1,3455,3521,3463,-1,3455,3463,3454,-1,3454,3463,3465,-1,3454,3465,3453,-1,3453,3465,3467,-1,3453,3467,3434,-1,3434,3467,3469,-1,3434,3469,3435,-1,3435,3469,3471,-1,3435,3471,3437,-1,3437,3471,3473,-1,3437,3473,3439,-1,3439,3473,3475,-1,3439,3475,3441,-1,3486,3522,3487,-1,3487,3522,3523,-1,3487,3523,3524,-1,3525,3526,3527,-1,3527,3526,3528,-1,3527,3528,3529,-1,3529,3528,3530,-1,3529,3530,3531,-1,3531,3530,3532,-1,3531,3532,3533,-1,3533,3532,3534,-1,3533,3534,3535,-1,3536,3537,3538,-1,3538,3537,3539,-1,3538,3539,3540,-1,3540,3539,3541,-1,3540,3541,3542,-1,3542,3541,3543,-1,3542,3543,3544,-1,3544,3543,3545,-1,3544,3545,3546,-1,3546,3545,3547,-1,3546,3547,3548,-1,3548,3547,3549,-1,3548,3549,3550,-1,3551,3550,3514,-1,3514,3550,3549,-1,3514,3549,3513,-1,3513,3549,3547,-1,3513,3547,3511,-1,3511,3547,3545,-1,3511,3545,3509,-1,3509,3545,3543,-1,3509,3543,3507,-1,3507,3543,3541,-1,3507,3541,3505,-1,3505,3541,3539,-1,3505,3539,3503,-1,3503,3539,3537,-1,3503,3537,3501,-1,3501,3537,3536,-1,3501,3536,3499,-1,3499,3536,3552,-1,3499,3552,3515,-1,3515,3552,3553,-1,3515,3553,3516,-1,3516,3553,3554,-1,3516,3554,3517,-1,3517,3554,3555,-1,3517,3555,3518,-1,3518,3555,3556,-1,3518,3556,3519,-1,3519,3556,3557,-1,3519,3557,3520,-1,3520,3557,3558,-1,3520,3558,3521,-1,3521,3558,3488,-1,3521,3488,3463,-1,3463,3488,3490,-1,3463,3490,3464,-1,3464,3490,3492,-1,3464,3492,3466,-1,3466,3492,3494,-1,3466,3494,3468,-1,3468,3494,3496,-1,3468,3496,3470,-1,3470,3496,3497,-1,3470,3497,3472,-1,3472,3497,3498,-1,3472,3498,3474,-1,3523,3559,3524,-1,3524,3559,3560,-1,3524,3560,3561,-1,3562,3563,3564,-1,3564,3563,3565,-1,3564,3565,3566,-1,3566,3565,3567,-1,3566,3567,3568,-1,3568,3567,3569,-1,3568,3569,3570,-1,3570,3569,3571,-1,3570,3571,3572,-1,3573,3574,3575,-1,3576,1127,3577,-1,3577,1127,1129,-1,3577,1129,3578,-1,3578,1129,1131,-1,3578,1131,3579,-1,3579,1131,1133,-1,3579,1133,3580,-1,3560,3581,3561,-1,3561,3581,3582,-1,3561,3582,3583,-1,3573,3575,3584,-1,3584,3575,3585,-1,3584,3585,3586,-1,3586,3585,3587,-1,3586,3587,3588,-1,3588,3587,3589,-1,3588,3589,3590,-1,3590,3589,3591,-1,3590,3591,3592,-1,3592,3591,3593,-1,3592,3593,3594,-1,3594,3593,3595,-1,3594,3595,3596,-1,3596,3595,3562,-1,3596,3562,3525,-1,3525,3562,3564,-1,3525,3564,3526,-1,3526,3564,3566,-1,3526,3566,3528,-1,3528,3566,3568,-1,3528,3568,3530,-1,3530,3568,3570,-1,3530,3570,3532,-1,3532,3570,3572,-1,3532,3572,3534,-1,3597,3598,3599,-1,3599,3598,3600,-1,3599,3600,3601,-1,3601,3600,3602,-1,3601,3602,3603,-1,3603,3602,3604,-1,3603,3604,3605,-1,3605,3604,3606,-1,3605,3606,3607,-1,1128,3608,1130,-1,1130,3608,3609,-1,1130,3609,1132,-1,1132,3609,3574,-1,1132,3574,1133,-1,1133,3574,3573,-1,1133,3573,3580,-1,3610,3611,3612,-1,3612,3611,3613,-1,3612,3613,3614,-1,3582,3615,3583,-1,3583,3615,3616,-1,3583,3616,3617,-1,3617,3616,3618,-1,3617,3618,3619,-1,3608,3620,3609,-1,3609,3620,3621,-1,3609,3621,3574,-1,3574,3621,3622,-1,3574,3622,3575,-1,3575,3622,3623,-1,3575,3623,3585,-1,3585,3623,3624,-1,3585,3624,3587,-1,3587,3624,3625,-1,3587,3625,3589,-1,3589,3625,3626,-1,3589,3626,3591,-1,3591,3626,3627,-1,3591,3627,3593,-1,3593,3627,3628,-1,3593,3628,3595,-1,3595,3628,3597,-1,3595,3597,3562,-1,3562,3597,3599,-1,3562,3599,3563,-1,3563,3599,3601,-1,3563,3601,3565,-1,3565,3601,3603,-1,3565,3603,3567,-1,3567,3603,3605,-1,3567,3605,3569,-1,3569,3605,3607,-1,3569,3607,3571,-1,3629,3630,3631,-1,3631,3630,3632,-1,3631,3632,3633,-1,3633,3632,3634,-1,3633,3634,3635,-1,3635,3634,3636,-1,3635,3636,3637,-1,3637,3636,3638,-1,3637,3638,3639,-1,3639,3638,3640,-1,3639,3640,3641,-1,3642,3614,3643,-1,3643,3614,3613,-1,3643,3613,3644,-1,3644,3613,3611,-1,3644,3611,3645,-1,3620,3646,3621,-1,3621,3646,3647,-1,3621,3647,3622,-1,3622,3647,3648,-1,3622,3648,3623,-1,3623,3648,3649,-1,3623,3649,3624,-1,3624,3649,3650,-1,3624,3650,3625,-1,3625,3650,3651,-1,3625,3651,3626,-1,3626,3651,3652,-1,3626,3652,3627,-1,3627,3652,3653,-1,3627,3653,3628,-1,3628,3653,3654,-1,3628,3654,3597,-1,3597,3654,3655,-1,3597,3655,3598,-1,3598,3655,3656,-1,3598,3656,3600,-1,3600,3656,3657,-1,3600,3657,3602,-1,3602,3657,3658,-1,3602,3658,3604,-1,3604,3658,3659,-1,3604,3659,3606,-1,3660,3661,3662,-1,3662,3661,3663,-1,3662,3663,3664,-1,3664,3663,3665,-1,3664,3665,3666,-1,3666,3665,3667,-1,3666,3667,3668,-1,3668,3667,3669,-1,3668,3669,3670,-1,3646,3671,3672,-1,3673,3629,3674,-1,3674,3629,3631,-1,3674,3631,3675,-1,3675,3631,3633,-1,3675,3633,3676,-1,3676,3633,3635,-1,3676,3635,3677,-1,3677,3635,3637,-1,3677,3637,3678,-1,3678,3637,3639,-1,3678,3639,3679,-1,3679,3639,3641,-1,3679,3680,3678,-1,3678,3680,3681,-1,3678,3681,3677,-1,3677,3681,3682,-1,3677,3682,3676,-1,3676,3682,3683,-1,3676,3683,3675,-1,3675,3683,3684,-1,3675,3684,3674,-1,3674,3684,3685,-1,3674,3685,3673,-1,3686,3642,3687,-1,3687,3642,3643,-1,3687,3643,3688,-1,3688,3643,3644,-1,3688,3644,3689,-1,3689,3644,3645,-1,3689,3645,3690,-1,3691,3686,3692,-1,3692,3686,3687,-1,3692,3687,3693,-1,3693,3687,3688,-1,3693,3688,3694,-1,3694,3688,3689,-1,3694,3689,3695,-1,3695,3689,3690,-1,3618,3696,3619,-1,3619,3696,3697,-1,3619,3697,3698,-1,3646,3672,3647,-1,3647,3672,3699,-1,3647,3699,3648,-1,3648,3699,3700,-1,3648,3700,3649,-1,3649,3700,3701,-1,3649,3701,3650,-1,3650,3701,3702,-1,3650,3702,3651,-1,3651,3702,3703,-1,3651,3703,3652,-1,3652,3703,3704,-1,3652,3704,3653,-1,3653,3704,3660,-1,3653,3660,3654,-1,3654,3660,3662,-1,3654,3662,3655,-1,3655,3662,3664,-1,3655,3664,3656,-1,3656,3664,3666,-1,3656,3666,3657,-1,3657,3666,3668,-1,3657,3668,3658,-1,3658,3668,3670,-1,3658,3670,3659,-1,3705,3706,3707,-1,3707,3706,3708,-1,3707,3708,3709,-1,3709,3708,3710,-1,3709,3710,3711,-1,3711,3710,3712,-1,3711,3712,3713,-1,3713,3712,3714,-1,3713,3714,3715,-1,3685,3716,3673,-1,3673,3716,3671,-1,3673,3671,3629,-1,3629,3671,3646,-1,3629,3646,3630,-1,3630,3646,3620,-1,3630,3620,3632,-1,3632,3620,3608,-1,3632,3608,3634,-1,3634,3608,1128,-1,3634,1128,3636,-1,3636,1128,1127,-1,3636,1127,3638,-1,3638,1127,3576,-1,3638,3576,3640,-1,3717,3691,3718,-1,3718,3691,3692,-1,3718,3692,3719,-1,3719,3692,3693,-1,3719,3693,3720,-1,3720,3693,3694,-1,3720,3694,3721,-1,3721,3694,3695,-1,3721,3695,3722,-1,3722,3695,3690,-1,3722,3690,3723,-1,3697,3724,3698,-1,3698,3724,3725,-1,3698,3725,3726,-1,3716,3727,3671,-1,3671,3727,3728,-1,3671,3728,3672,-1,3672,3728,3729,-1,3672,3729,3699,-1,3699,3729,3730,-1,3699,3730,3700,-1,3700,3730,3731,-1,3700,3731,3701,-1,3701,3731,3732,-1,3701,3732,3702,-1,3702,3732,3733,-1,3702,3733,3703,-1,3703,3733,3734,-1,3703,3734,3704,-1,3704,3734,3705,-1,3704,3705,3660,-1,3660,3705,3707,-1,3660,3707,3661,-1,3661,3707,3709,-1,3661,3709,3663,-1,3663,3709,3711,-1,3663,3711,3665,-1,3665,3711,3713,-1,3665,3713,3667,-1,3667,3713,3715,-1,3667,3715,3669,-1,3735,3736,3737,-1,3737,3736,3738,-1,3737,3738,3739,-1,3739,3738,3740,-1,3739,3740,3741,-1,3741,3740,3742,-1,3741,3742,3743,-1,3743,3742,3744,-1,3743,3744,3745,-1,3727,3746,3747,-1,508,510,3748,-1,3748,510,3749,-1,3748,3749,3750,-1,3750,3749,3751,-1,3750,3751,3752,-1,3752,3751,3753,-1,3752,3753,3754,-1,3754,3753,3755,-1,3754,3755,3756,-1,3756,3755,3757,-1,3756,3757,3758,-1,509,3717,510,-1,510,3717,3718,-1,510,3718,3749,-1,3749,3718,3719,-1,3749,3719,3751,-1,3751,3719,3720,-1,3751,3720,3753,-1,3753,3720,3721,-1,3753,3721,3755,-1,3755,3721,3722,-1,3755,3722,3757,-1,3757,3722,3723,-1,3757,3723,3758,-1,3758,3723,3759,-1,3725,3760,3726,-1,3726,3760,3761,-1,3726,3761,3762,-1,3762,3761,3763,-1,3762,3763,3764,-1,3727,3747,3728,-1,3728,3747,3765,-1,3728,3765,3729,-1,3729,3765,3766,-1,3729,3766,3730,-1,3730,3766,3767,-1,3730,3767,3731,-1,3731,3767,3768,-1,3731,3768,3732,-1,3732,3768,3769,-1,3732,3769,3733,-1,3733,3769,3770,-1,3733,3770,3734,-1,3734,3770,3735,-1,3734,3735,3705,-1,3705,3735,3737,-1,3705,3737,3706,-1,3706,3737,3739,-1,3706,3739,3708,-1,3708,3739,3741,-1,3708,3741,3710,-1,3710,3741,3743,-1,3710,3743,3712,-1,3712,3743,3745,-1,3712,3745,3714,-1,505,507,3771,-1,3771,507,3772,-1,3771,3772,3773,-1,3773,3772,3774,-1,3773,3774,3775,-1,3775,3774,3776,-1,3775,3776,3777,-1,3777,3776,3778,-1,3777,3778,3779,-1,3779,3778,3780,-1,3779,3780,3781,-1,3782,3781,3759,-1,3759,3781,3780,-1,3759,3780,3758,-1,3758,3780,3778,-1,3758,3778,3756,-1,3756,3778,3776,-1,3756,3776,3754,-1,3754,3776,3774,-1,3754,3774,3752,-1,3752,3774,3772,-1,3752,3772,3750,-1,3750,3772,507,-1,3750,507,3748,-1,3748,507,506,-1,3748,506,508,-1,3783,3784,3785,-1,3785,3784,3786,-1,3785,3786,3787,-1,3787,3786,504,-1,3787,504,3788,-1,3788,504,503,-1,3788,503,3789,-1,511,3535,3790,-1,3790,3535,3534,-1,3790,3534,3791,-1,3791,3534,3572,-1,3791,3572,3792,-1,3792,3572,3571,-1,3792,3571,3793,-1,3793,3571,3607,-1,3793,3607,3794,-1,3794,3607,3606,-1,3794,3606,3795,-1,3795,3606,3659,-1,3795,3659,3796,-1,3796,3659,3670,-1,3796,3670,3797,-1,3797,3670,3669,-1,3797,3669,3798,-1,3798,3669,3715,-1,3798,3715,3799,-1,3799,3715,3714,-1,3799,3714,3800,-1,3800,3714,3745,-1,3800,3745,3789,-1,3789,3745,3744,-1,3789,3744,3788,-1,3788,3744,3742,-1,3788,3742,3787,-1,3787,3742,3740,-1,3787,3740,3785,-1,3785,3740,3738,-1,3785,3738,3783,-1,3783,3738,3736,-1,3783,3736,3801,-1,3801,3736,3735,-1,3801,3735,3802,-1,3802,3735,3770,-1,3802,3770,3803,-1,3803,3770,3769,-1,3803,3769,3804,-1,3804,3769,3768,-1,3804,3768,3805,-1,3805,3768,3767,-1,3805,3767,3806,-1,3806,3767,3766,-1,3806,3766,3807,-1,3807,3766,3765,-1,3807,3765,3808,-1,3808,3765,3747,-1,3808,3747,3809,-1,3809,3747,3746,-1,3809,3746,3810,-1,3811,3812,3813,-1,3813,3812,3814,-1,3813,3814,3815,-1,3815,3814,3816,-1,3815,3816,3817,-1,3817,3816,3818,-1,3817,3818,3819,-1,3819,3818,3820,-1,3819,3820,3821,-1,3821,3820,3822,-1,3821,3822,502,-1,511,513,3535,-1,3535,513,3495,-1,3535,3495,3533,-1,3533,3495,3493,-1,3533,3493,3531,-1,3531,3493,3491,-1,3531,3491,3529,-1,3529,3491,3489,-1,3529,3489,3527,-1,3527,3489,3488,-1,3527,3488,3525,-1,3525,3488,3558,-1,3525,3558,3596,-1,3596,3558,3557,-1,3596,3557,3594,-1,3594,3557,3556,-1,3594,3556,3592,-1,3592,3556,3555,-1,3592,3555,3590,-1,3590,3555,3554,-1,3590,3554,3588,-1,3588,3554,3553,-1,3588,3553,3586,-1,3586,3553,3552,-1,3586,3552,3584,-1,3584,3552,3536,-1,3584,3536,3573,-1,3573,3536,3538,-1,3573,3538,3580,-1,3580,3538,3540,-1,3580,3540,3579,-1,3579,3540,3542,-1,3579,3542,3578,-1,3578,3542,3544,-1,3578,3544,3577,-1,3577,3544,3546,-1,3577,3546,3576,-1,3576,3546,3548,-1,3576,3548,3640,-1,3640,3548,3550,-1,3640,3550,3641,-1,3641,3550,3551,-1,3641,3551,3679,-1,3679,3551,3610,-1,3679,3610,3680,-1,3680,3610,3612,-1,3680,3612,3681,-1,3681,3612,3614,-1,3681,3614,3682,-1,3682,3614,3642,-1,3682,3642,3683,-1,3683,3642,3686,-1,3683,3686,3684,-1,3684,3686,3691,-1,3684,3691,3685,-1,3685,3691,3717,-1,3685,3717,3716,-1,3716,3717,509,-1,3716,509,3727,-1,3727,509,508,-1,3727,508,3746,-1,3746,508,506,-1,3746,506,3810,-1,3810,506,505,-1,3810,505,3823,-1,3823,505,3771,-1,3823,3771,3824,-1,3824,3771,3773,-1,3824,3773,3825,-1,3825,3773,3775,-1,3825,3775,3826,-1,3826,3775,3777,-1,3826,3777,3827,-1,3827,3777,3779,-1,3827,3779,3828,-1,3828,3779,3781,-1,3828,3781,3829,-1,3829,3781,3782,-1,3829,3782,3830,-1,3763,3831,3764,-1,3764,3831,3832,-1,3764,3832,3833,-1,3834,3835,3836,-1,3836,3835,3837,-1,3836,3837,3838,-1,3838,3837,3839,-1,3838,3839,3840,-1,3840,3839,3841,-1,3840,3841,3842,-1,3842,3841,3843,-1,3842,3843,3844,-1,3844,3843,3845,-1,3844,3845,3846,-1,500,3847,3848,-1,3848,3847,3849,-1,3848,3849,3850,-1,3850,3849,3851,-1,3832,3852,3833,-1,3833,3852,3853,-1,3833,3853,3854,-1,3847,3855,3849,-1,3849,3855,3856,-1,3849,3856,3851,-1,3851,3856,3857,-1,3851,3857,3858,-1,3858,3857,3859,-1,3858,3859,3860,-1,3860,3859,3861,-1,3860,3861,3862,-1,3862,3861,3863,-1,3862,3863,3864,-1,3864,3863,3865,-1,3864,3865,3866,-1,3866,3865,3867,-1,3866,3867,3868,-1,3868,3867,3869,-1,3868,3869,3870,-1,3870,3869,3834,-1,3870,3834,3811,-1,3811,3834,3836,-1,3811,3836,3812,-1,3812,3836,3838,-1,3812,3838,3814,-1,3814,3838,3840,-1,3814,3840,3816,-1,3816,3840,3842,-1,3816,3842,3818,-1,3818,3842,3844,-1,3818,3844,3820,-1,3820,3844,3846,-1,3820,3846,3822,-1,3871,3872,3873,-1,3873,3872,3874,-1,3873,3874,3875,-1,3875,3874,3876,-1,3875,3876,3877,-1,3877,3876,3878,-1,3877,3878,3879,-1,3879,3878,3880,-1,3879,3880,3881,-1,3881,3880,3882,-1,3881,3882,3883,-1,500,499,3847,-1,3847,499,3884,-1,3847,3884,3855,-1,3855,3884,3885,-1,3855,3885,3856,-1,3886,3887,3888,-1,3888,3887,3889,-1,3888,3889,3890,-1,3890,3889,3891,-1,3890,3891,3892,-1,3892,3891,3893,-1,3892,3893,3894,-1,3894,3893,3895,-1,3894,3895,3896,-1,3897,3898,3899,-1,3899,3898,3900,-1,3899,3900,3901,-1,3853,3902,3854,-1,3854,3902,3903,-1,3854,3903,3904,-1,3885,3905,3856,-1,3856,3905,3906,-1,3856,3906,3857,-1,3857,3906,3907,-1,3857,3907,3859,-1,3859,3907,3908,-1,3859,3908,3861,-1,3861,3908,3909,-1,3861,3909,3863,-1,3863,3909,3910,-1,3863,3910,3865,-1,3865,3910,3911,-1,3865,3911,3867,-1,3867,3911,3912,-1,3867,3912,3869,-1,3869,3912,3871,-1,3869,3871,3834,-1,3834,3871,3873,-1,3834,3873,3835,-1,3835,3873,3875,-1,3835,3875,3837,-1,3837,3875,3877,-1,3837,3877,3839,-1,3839,3877,3879,-1,3839,3879,3841,-1,3841,3879,3881,-1,3841,3881,3843,-1,3843,3881,3883,-1,3843,3883,3845,-1,3913,3914,3915,-1,3915,3914,3916,-1,3915,3916,3917,-1,3917,3916,3918,-1,3917,3918,3919,-1,3919,3918,3920,-1,3919,3920,3921,-1,3921,3920,3922,-1,3921,3922,3923,-1,3923,3922,3924,-1,3923,3924,3925,-1,3905,3926,3927,-1,3928,3886,3929,-1,3929,3886,3888,-1,3929,3888,3930,-1,3930,3888,3890,-1,3930,3890,3931,-1,3931,3890,3892,-1,3931,3892,3932,-1,3932,3892,3894,-1,3932,3894,3933,-1,3933,3894,3896,-1,3933,3896,3934,-1,3934,3935,3933,-1,3933,3935,3936,-1,3933,3936,3932,-1,3932,3936,3937,-1,3932,3937,3931,-1,3931,3937,3938,-1,3931,3938,3930,-1,3930,3938,3939,-1,3930,3939,3929,-1,3929,3939,3940,-1,3929,3940,3928,-1,3935,3941,3936,-1,3936,3941,3942,-1,3936,3942,3937,-1,3937,3942,3943,-1,3937,3943,3938,-1,3938,3943,3944,-1,3938,3944,3939,-1,3939,3944,3945,-1,3939,3945,3940,-1,3946,3901,3947,-1,3947,3901,3900,-1,3947,3900,3948,-1,3948,3900,3898,-1,3948,3898,3949,-1,3950,3946,3951,-1,3951,3946,3947,-1,3951,3947,3952,-1,3952,3947,3948,-1,3952,3948,3953,-1,3953,3948,3949,-1,3903,3954,3904,-1,3904,3954,3955,-1,3904,3955,3956,-1,3905,3927,3906,-1,3906,3927,3957,-1,3906,3957,3907,-1,3907,3957,3958,-1,3907,3958,3908,-1,3908,3958,3959,-1,3908,3959,3909,-1,3909,3959,3960,-1,3909,3960,3910,-1,3910,3960,3961,-1,3910,3961,3911,-1,3911,3961,3962,-1,3911,3962,3912,-1,3912,3962,3913,-1,3912,3913,3871,-1,3871,3913,3915,-1,3871,3915,3872,-1,3872,3915,3917,-1,3872,3917,3874,-1,3874,3917,3919,-1,3874,3919,3876,-1,3876,3919,3921,-1,3876,3921,3878,-1,3878,3921,3923,-1,3878,3923,3880,-1,3880,3923,3925,-1,3880,3925,3882,-1,3945,3963,3940,-1,3940,3963,3964,-1,3940,3964,3928,-1,3928,3964,3926,-1,3928,3926,3886,-1,3886,3926,3905,-1,3886,3905,3887,-1,3887,3905,3885,-1,3887,3885,3889,-1,3889,3885,3884,-1,3889,3884,3891,-1,3891,3884,499,-1,3891,499,3893,-1,3893,499,501,-1,3893,501,3895,-1,3965,3950,3966,-1,3966,3950,3951,-1,3966,3951,3967,-1,3967,3951,3952,-1,3967,3952,3968,-1,3968,3952,3953,-1,3968,3953,3969,-1,3969,3953,3949,-1,3969,3949,3970,-1,3955,3971,3956,-1,3956,3971,3972,-1,3956,3972,3973,-1,3973,3972,3974,-1,3973,3974,3975,-1,3963,3976,3964,-1,3964,3976,3977,-1,3964,3977,3926,-1,3926,3977,3978,-1,3926,3978,3927,-1,3927,3978,3979,-1,3927,3979,3957,-1,3957,3979,3980,-1,3957,3980,3958,-1,3958,3980,3981,-1,3958,3981,3959,-1,3959,3981,3982,-1,3959,3982,3960,-1,3960,3982,3983,-1,3960,3983,3961,-1,3961,3983,3984,-1,3961,3984,3962,-1,3962,3984,3985,-1,3962,3985,3913,-1,3913,3985,3986,-1,3913,3986,3914,-1,3914,3986,3987,-1,3914,3987,3916,-1,3916,3987,3988,-1,3916,3988,3918,-1,3918,3988,3989,-1,3918,3989,3920,-1,3920,3989,3990,-1,3920,3990,3922,-1,3922,3990,3991,-1,3922,3991,3924,-1,3976,3992,3977,-1,3977,3992,3993,-1,3977,3993,3978,-1,3978,3993,3994,-1,3978,3994,3979,-1,3979,3994,3995,-1,3979,3995,3980,-1,3980,3995,3996,-1,3980,3996,3981,-1,3981,3996,3997,-1,3981,3997,3982,-1,3982,3997,3998,-1,3982,3998,3983,-1,3983,3998,498,-1,3983,498,3984,-1,3984,498,497,-1,3984,497,3985,-1,494,3999,495,-1,495,3999,4000,-1,495,4000,4001,-1,4001,4000,4002,-1,4001,4002,4003,-1,4003,4002,4004,-1,4003,4004,4005,-1,4005,4004,4006,-1,4005,4006,4007,-1,4007,4006,4008,-1,4007,4008,4009,-1,4010,4011,4012,-1,4012,4011,4013,-1,4012,4013,4014,-1,4014,4013,4015,-1,4014,4015,4016,-1,4016,4015,4017,-1,4016,4017,4018,-1,496,498,4019,-1,4019,498,3998,-1,4019,3998,4020,-1,4020,3998,3997,-1,4020,3997,4021,-1,4021,3997,3996,-1,4021,3996,4022,-1,4022,3996,3995,-1,4022,3995,4023,-1,4023,3995,3994,-1,4023,3994,4024,-1,4024,3994,3993,-1,4024,3993,4025,-1,4025,3993,3992,-1,4025,3992,4026,-1,493,495,1135,-1,1135,495,4001,-1,1135,4001,1137,-1,1137,4001,4003,-1,1137,4003,1139,-1,1139,4003,4005,-1,1139,4005,1141,-1,1141,4005,4007,-1,1141,4007,1143,-1,1143,4007,4009,-1,1143,4009,1145,-1,3999,3965,4000,-1,4000,3965,3966,-1,4000,3966,4002,-1,4002,3966,3967,-1,4002,3967,4004,-1,4004,3967,3968,-1,4004,3968,4006,-1,4006,3968,3969,-1,4006,3969,4008,-1,4008,3969,3970,-1,4008,3970,4009,-1,4009,3970,4027,-1,4009,4027,1145,-1,1145,4027,4028,-1,1145,4028,1146,-1,3974,4029,3975,-1,3975,4029,4030,-1,3975,4030,4031,-1,4032,4033,4034,-1,4034,4033,4035,-1,4034,4035,4036,-1,4036,4035,4037,-1,4036,4037,4038,-1,4038,4037,4039,-1,4038,4039,4040,-1,4040,4039,4041,-1,4040,4041,4042,-1,4042,4041,4043,-1,4042,4043,4044,-1,4033,4010,4035,-1,4035,4010,4012,-1,4035,4012,4037,-1,4037,4012,4014,-1,4037,4014,4039,-1,4039,4014,4016,-1,4039,4016,4041,-1,4041,4016,4018,-1,4041,4018,4043,-1,759,758,4045,-1,502,504,3821,-1,3821,504,3786,-1,3821,3786,3819,-1,3819,3786,3784,-1,3819,3784,3817,-1,3817,3784,3783,-1,3817,3783,3815,-1,3815,3783,3801,-1,3815,3801,3813,-1,3813,3801,3802,-1,3813,3802,3811,-1,3811,3802,3803,-1,3811,3803,3870,-1,3870,3803,3804,-1,3870,3804,3868,-1,3868,3804,3805,-1,3868,3805,3866,-1,3866,3805,3806,-1,3866,3806,3864,-1,3864,3806,3807,-1,3864,3807,3862,-1,3862,3807,3808,-1,3862,3808,3860,-1,3860,3808,3809,-1,3860,3809,3858,-1,3858,3809,3810,-1,3858,3810,3851,-1,3851,3810,3823,-1,3851,3823,3850,-1,3850,3823,3824,-1,3850,3824,3848,-1,3848,3824,3825,-1,3848,3825,500,-1,500,3825,3826,-1,500,3826,501,-1,501,3826,3827,-1,501,3827,3895,-1,3895,3827,3828,-1,3895,3828,3896,-1,3896,3828,3829,-1,3896,3829,3934,-1,3934,3829,3830,-1,3934,3830,3935,-1,3935,3830,3897,-1,3935,3897,3941,-1,3941,3897,3899,-1,3941,3899,3942,-1,3942,3899,3901,-1,3942,3901,3943,-1,3943,3901,3946,-1,3943,3946,3944,-1,3944,3946,3950,-1,3944,3950,3945,-1,3945,3950,3965,-1,3945,3965,3963,-1,3963,3965,3999,-1,3963,3999,3976,-1,3976,3999,494,-1,3976,494,3992,-1,3992,494,493,-1,3992,493,4026,-1,4026,493,1134,-1,4026,1134,4046,-1,4046,1134,1136,-1,4046,1136,4047,-1,4047,1136,1138,-1,4047,1138,4048,-1,4048,1138,1140,-1,4048,1140,4049,-1,4049,1140,1142,-1,4049,1142,4050,-1,4050,1142,1144,-1,4050,1144,4051,-1,4051,1144,1146,-1,4051,1146,4052,-1,4052,1146,4028,-1,4052,4028,4053,-1,4030,4054,4031,-1,4031,4054,4055,-1,4031,4055,4056,-1,4057,4058,4059,-1,4059,4058,4060,-1,4059,4060,4061,-1,4061,4060,4062,-1,4061,4062,4063,-1,4063,4062,4064,-1,4058,760,4060,-1,4060,760,759,-1,4060,759,4062,-1,4062,759,4045,-1,4062,4045,4064,-1,4064,4045,4065,-1,4064,4065,4066,-1,4066,4065,4067,-1,4066,4067,4068,-1,4068,4067,4069,-1,4068,4069,4070,-1,4070,4069,4071,-1,4070,4071,4072,-1,4072,4071,4073,-1,4072,4073,4074,-1,4074,4073,4075,-1,4074,4075,4076,-1,4076,4075,4077,-1,4076,4077,4078,-1,4078,4077,4079,-1,4078,4079,4080,-1,4080,4079,4081,-1,4080,4081,4082,-1,4082,4081,4083,-1,4082,4083,4084,-1,4084,4083,4085,-1,491,4085,4086,-1,4086,4085,4083,-1,4086,4083,4087,-1,4087,4083,4081,-1,4087,4081,4088,-1,4088,4081,4079,-1,4055,4089,4056,-1,4056,4089,4090,-1,4056,4090,4091,-1,4091,4090,4092,-1,4091,4092,4093,-1,4094,4032,4095,-1,4095,4032,4034,-1,4095,4034,4096,-1,4096,4034,4036,-1,4096,4036,4097,-1,4097,4036,4038,-1,4097,4038,4098,-1,4098,4038,4040,-1,4098,4040,4099,-1,4099,4040,4042,-1,4099,4042,4100,-1,4100,4042,4044,-1,4100,4044,4101,-1,4102,4103,4104,-1,4104,4103,4105,-1,4104,4105,4106,-1,4084,4107,4082,-1,4082,4107,4108,-1,4082,4108,4080,-1,4080,4108,4109,-1,4080,4109,4078,-1,4078,4109,4110,-1,4078,4110,4076,-1,4076,4110,4111,-1,4076,4111,4074,-1,4074,4111,4112,-1,4074,4112,4072,-1,4072,4112,4113,-1,4072,4113,4070,-1,4070,4113,4114,-1,4070,4114,4068,-1,4068,4114,4115,-1,4068,4115,4066,-1,4066,4115,4116,-1,4066,4116,4064,-1,4064,4116,4117,-1,4064,4117,4063,-1,4063,4117,4102,-1,4063,4102,4061,-1,4061,4102,4104,-1,4061,4104,4059,-1,4059,4104,4106,-1,4059,4106,4057,-1,4118,4119,4120,-1,4121,4122,4123,-1,4123,4122,4124,-1,4123,4124,4125,-1,4125,4124,489,-1,4125,489,4126,-1,4126,489,488,-1,4126,488,4127,-1,491,490,4085,-1,4085,490,4128,-1,4085,4128,4084,-1,4084,4128,4129,-1,4084,4129,4107,-1,4107,4129,4130,-1,4107,4130,4108,-1,4130,4131,4108,-1,4108,4131,4132,-1,4108,4132,4109,-1,4109,4132,4133,-1,4109,4133,4110,-1,4110,4133,4134,-1,4110,4134,4111,-1,4111,4134,4135,-1,4111,4135,4112,-1,4112,4135,4136,-1,4112,4136,4113,-1,4113,4136,4137,-1,4113,4137,4114,-1,4114,4137,4138,-1,4114,4138,4115,-1,4115,4138,4121,-1,4115,4121,4116,-1,4116,4121,4123,-1,4116,4123,4117,-1,4117,4123,4125,-1,4117,4125,4102,-1,4102,4125,4126,-1,4102,4126,4103,-1,4103,4126,4127,-1,4103,4127,4105,-1,4139,4140,4141,-1,4141,4140,4142,-1,4141,4142,4143,-1,4143,4142,4144,-1,4143,4144,4145,-1,4145,4144,4146,-1,4145,4146,4147,-1,4147,4146,4148,-1,4147,4148,4149,-1,4149,4148,4150,-1,4149,4150,4151,-1,4152,756,4153,-1,4153,756,755,-1,4153,755,4120,-1,4120,4119,4153,-1,4153,4119,4154,-1,4153,4154,4152,-1,4092,4155,4093,-1,4093,4155,4156,-1,4093,4156,4157,-1,4158,4159,4160,-1,4160,4159,4161,-1,4160,4161,4162,-1,4162,4161,4163,-1,4162,4163,4164,-1,4164,4163,4165,-1,4164,4165,487,-1,487,489,4164,-1,4164,489,4124,-1,4164,4124,4162,-1,4162,4124,4122,-1,4162,4122,4160,-1,4160,4122,4121,-1,4160,4121,4158,-1,4158,4121,4138,-1,4158,4138,4166,-1,4166,4138,4137,-1,4166,4137,4167,-1,4167,4137,4136,-1,4167,4136,4168,-1,4168,4136,4135,-1,4168,4135,4169,-1,4169,4135,4134,-1,4169,4134,4170,-1,4170,4134,4133,-1,4170,4133,4171,-1,4171,4133,4132,-1,4171,4132,4172,-1,4172,4132,4131,-1,4172,4131,4173,-1,4174,4139,4175,-1,4175,4139,4141,-1,4175,4141,4176,-1,4176,4141,4143,-1,4176,4143,4177,-1,4177,4143,4145,-1,4177,4145,4178,-1,4178,4145,4147,-1,4178,4147,4179,-1,4179,4147,4149,-1,4179,4149,4180,-1,4180,4149,4151,-1,4180,4181,4179,-1,4179,4181,4182,-1,4179,4182,4178,-1,4178,4182,4183,-1,4178,4183,4177,-1,4177,4183,4184,-1,4177,4184,4176,-1,4176,4184,4185,-1,4176,4185,4175,-1,4175,4185,4186,-1,4175,4186,4174,-1,4187,757,4188,-1,4188,757,756,-1,4188,756,4189,-1,4189,756,4152,-1,4189,4152,4190,-1,4190,4152,4154,-1,4190,4154,4191,-1,4192,4187,4193,-1,4193,4187,4188,-1,4193,4188,4194,-1,4194,4188,4189,-1,4194,4189,4195,-1,4195,4189,4190,-1,4195,4190,4196,-1,4196,4190,4191,-1,4156,4197,4157,-1,4157,4197,4198,-1,4157,4198,4199,-1,4200,4201,4202,-1,4202,4201,4203,-1,4202,4203,4204,-1,4204,4203,486,-1,4204,486,4205,-1,4205,486,485,-1,4205,485,4206,-1,4186,4207,4174,-1,4174,4207,4173,-1,4174,4173,4139,-1,4139,4173,4131,-1,4139,4131,4140,-1,4140,4131,4130,-1,4140,4130,4142,-1,4142,4130,4129,-1,4142,4129,4144,-1,4144,4129,4128,-1,4144,4128,4146,-1,4146,4128,490,-1,4146,490,4148,-1,4148,490,492,-1,4148,492,4150,-1,4207,4208,4173,-1,4173,4208,4209,-1,4173,4209,4172,-1,4172,4209,4210,-1,4172,4210,4171,-1,4171,4210,4211,-1,4171,4211,4170,-1,4170,4211,4212,-1,4170,4212,4169,-1,4169,4212,4213,-1,4169,4213,4168,-1,4168,4213,4214,-1,4168,4214,4167,-1,4167,4214,4215,-1,4167,4215,4166,-1,4166,4215,4200,-1,4166,4200,4158,-1,4158,4200,4202,-1,4158,4202,4159,-1,4159,4202,4204,-1,4159,4204,4161,-1,4161,4204,4205,-1,4161,4205,4163,-1,4163,4205,4206,-1,4163,4206,4165,-1,4216,4192,4217,-1,4217,4192,4193,-1,4217,4193,4218,-1,4218,4193,4194,-1,4218,4194,4219,-1,4219,4194,4195,-1,4219,4195,4220,-1,4220,4195,4196,-1,4220,4196,4221,-1,4221,4196,4191,-1,4221,4191,4222,-1,4198,4223,4199,-1,4199,4223,4224,-1,4199,4224,4225,-1,4226,4227,4228,-1,4228,4227,4229,-1,4228,4229,4230,-1,4230,4229,4231,-1,4230,4231,4232,-1,4232,4231,4233,-1,4232,4233,484,-1,484,486,4232,-1,4232,486,4203,-1,4232,4203,4230,-1,4230,4203,4201,-1,4230,4201,4228,-1,4228,4201,4200,-1,4228,4200,4226,-1,4226,4200,4215,-1,4226,4215,4234,-1,4234,4215,4214,-1,4234,4214,4235,-1,4235,4214,4213,-1,4235,4213,4236,-1,4236,4213,4212,-1,4236,4212,4237,-1,4237,4212,4211,-1,4237,4211,4238,-1,4238,4211,4210,-1,4238,4210,4239,-1,4239,4210,4209,-1,4239,4209,4240,-1,4240,4209,4208,-1,4240,4208,4241,-1,481,483,1148,-1,1148,483,4242,-1,1148,4242,1150,-1,1150,4242,4243,-1,1150,4243,1152,-1,1152,4243,4244,-1,1152,4244,1154,-1,1154,4244,4245,-1,1154,4245,1156,-1,1156,4245,4246,-1,1156,4246,1158,-1,482,4216,483,-1,483,4216,4217,-1,483,4217,4242,-1,4242,4217,4218,-1,4242,4218,4243,-1,4243,4218,4219,-1,4243,4219,4244,-1,4244,4219,4220,-1,4244,4220,4245,-1,4245,4220,4221,-1,4245,4221,4246,-1,4246,4221,4222,-1,4246,4222,1158,-1,1158,4222,4247,-1,1158,4247,1159,-1,4224,4248,4225,-1,4225,4248,4249,-1,4225,4249,4250,-1,4251,4252,4253,-1,4253,4252,4254,-1,4253,4254,4255,-1,4255,4254,480,-1,4255,480,4256,-1,4256,480,479,-1,4256,479,4257,-1,758,496,4045,-1,4045,496,4019,-1,4045,4019,4065,-1,4065,4019,4020,-1,4065,4020,4067,-1,4067,4020,4021,-1,4067,4021,4069,-1,4069,4021,4022,-1,4069,4022,4071,-1,4071,4022,4023,-1,4071,4023,4073,-1,4073,4023,4024,-1,4073,4024,4075,-1,4075,4024,4025,-1,4075,4025,4077,-1,4077,4025,4026,-1,4077,4026,4079,-1,4079,4026,4046,-1,4079,4046,4088,-1,4088,4046,4047,-1,4088,4047,4087,-1,4087,4047,4048,-1,4087,4048,4086,-1,4086,4048,4049,-1,4086,4049,491,-1,491,4049,4050,-1,491,4050,492,-1,492,4050,4051,-1,492,4051,4150,-1,4150,4051,4052,-1,4150,4052,4151,-1,4151,4052,4053,-1,4151,4053,4180,-1,4180,4053,4118,-1,4180,4118,4181,-1,4181,4118,4120,-1,4181,4120,4182,-1,4182,4120,755,-1,4182,755,4183,-1,4183,755,757,-1,4183,757,4184,-1,4184,757,4187,-1,4184,4187,4185,-1,4185,4187,4192,-1,4185,4192,4186,-1,4186,4192,4216,-1,4186,4216,4207,-1,4207,4216,482,-1,4207,482,4208,-1,4208,482,481,-1,4208,481,4241,-1,4241,481,1147,-1,4241,1147,4258,-1,4258,1147,1149,-1,4258,1149,4259,-1,4259,1149,1151,-1,4259,1151,4260,-1,4260,1151,1153,-1,4260,1153,4261,-1,4261,1153,1155,-1,4261,1155,4262,-1,4262,1155,1157,-1,4262,1157,4263,-1,4263,1157,1159,-1,4263,1159,4264,-1,4264,1159,4247,-1,4264,4247,4265,-1,4249,4266,4250,-1,4250,4266,4267,-1,4250,4267,4268,-1,4268,4267,4269,-1,4268,4269,4270,-1,474,480,475,-1,475,480,4254,-1,475,4254,4271,-1,4271,4254,4252,-1,4271,4252,4272,-1,4272,4252,4251,-1,4272,4251,4273,-1,4273,4251,4274,-1,4273,4274,4275,-1,4275,4274,4276,-1,4275,4276,4277,-1,4277,4276,4278,-1,4277,4278,4279,-1,4279,4278,4280,-1,4279,4280,4281,-1,4281,4280,4282,-1,4281,4282,4283,-1,4283,4282,4284,-1,4283,4284,4285,-1,4285,4284,4286,-1,4285,4286,4287,-1,4287,4286,4288,-1,4287,4288,4289,-1,476,478,4290,-1,4290,478,4291,-1,4290,4291,4292,-1,4292,4291,4293,-1,4292,4293,4294,-1,4294,4293,4295,-1,4294,4295,4296,-1,4296,4295,4297,-1,4296,4297,4298,-1,4298,4297,4299,-1,4298,4299,4300,-1,4301,4302,4303,-1,4303,4302,4304,-1,4303,4304,4305,-1,4305,4304,4306,-1,4305,4306,4307,-1,4307,4306,4308,-1,4307,4308,473,-1,4288,477,4289,-1,4289,477,476,-1,4289,476,4309,-1,4309,476,4290,-1,4309,4290,4310,-1,4310,4290,4292,-1,4310,4292,4311,-1,4311,4292,4294,-1,4311,4294,4312,-1,4312,4294,4296,-1,4312,4296,4313,-1,4313,4296,4298,-1,4313,4298,4314,-1,4314,4298,4300,-1,4314,4300,4315,-1,4316,4315,4317,-1,4317,4315,4300,-1,4317,4300,4265,-1,4265,4300,4299,-1,4265,4299,4264,-1,4264,4299,4297,-1,4264,4297,4263,-1,4263,4297,4295,-1,4263,4295,4262,-1,4262,4295,4293,-1,4262,4293,4261,-1,4261,4293,4291,-1,4261,4291,4260,-1,4260,4291,478,-1,4260,478,4259,-1,4259,478,477,-1,4259,477,4258,-1,4258,477,4288,-1,4258,4288,4241,-1,4241,4288,4286,-1,4241,4286,4240,-1,4240,4286,4284,-1,4240,4284,4239,-1,4239,4284,4282,-1,4239,4282,4238,-1,4238,4282,4280,-1,4238,4280,4237,-1,4237,4280,4278,-1,4237,4278,4236,-1,4236,4278,4276,-1,4236,4276,4235,-1,4235,4276,4274,-1,4235,4274,4234,-1,4234,4274,4251,-1,4234,4251,4226,-1,4226,4251,4253,-1,4226,4253,4227,-1,4227,4253,4255,-1,4227,4255,4229,-1,4229,4255,4256,-1,4229,4256,4231,-1,4231,4256,4257,-1,4231,4257,4233,-1,4269,4318,4270,-1,4270,4318,4319,-1,4270,4319,4320,-1,4321,4322,4323,-1,4323,4322,4324,-1,4323,4324,4325,-1,4325,4324,469,-1,4325,469,4326,-1,4326,469,468,-1,4326,468,4327,-1,4328,4329,4330,-1,4330,4329,4331,-1,4330,4331,4332,-1,4332,4331,4333,-1,4332,4333,4334,-1,4334,4333,4335,-1,4334,4335,4336,-1,4336,4335,4337,-1,4336,4337,4338,-1,4338,4337,4339,-1,4338,4339,4340,-1,4340,4339,4341,-1,4340,4341,4342,-1,4342,4341,4343,-1,4342,4343,4344,-1,4344,4343,4345,-1,4344,4345,4346,-1,4346,4345,4321,-1,4346,4321,4301,-1,4301,4321,4323,-1,4301,4323,4302,-1,4302,4323,4325,-1,4302,4325,4304,-1,4304,4325,4326,-1,4304,4326,4306,-1,4306,4326,4327,-1,4306,4327,4308,-1,471,4328,4347,-1,4347,4328,4330,-1,4347,4330,4348,-1,4348,4330,4332,-1,4319,4349,4320,-1,4320,4349,4350,-1,4320,4350,4351,-1,4352,4353,4354,-1,4354,4353,4355,-1,4354,4355,4356,-1,4356,4355,4357,-1,4356,4357,4358,-1,4358,4357,4359,-1,4358,4359,467,-1,471,470,4328,-1,4328,470,4360,-1,4328,4360,4329,-1,4329,4360,4361,-1,4329,4361,4331,-1,467,469,4358,-1,4358,469,4324,-1,4358,4324,4356,-1,4356,4324,4322,-1,4356,4322,4354,-1,4354,4322,4321,-1,4354,4321,4352,-1,4352,4321,4345,-1,4352,4345,4362,-1,4362,4345,4343,-1,4362,4343,4363,-1,4363,4343,4341,-1,4363,4341,4364,-1,4364,4341,4339,-1,4364,4339,4365,-1,4365,4339,4337,-1,4365,4337,4366,-1,4366,4337,4335,-1,4366,4335,4367,-1,4367,4335,4333,-1,4367,4333,4368,-1,4368,4333,4331,-1,4368,4331,4369,-1,4369,4331,4361,-1,4369,4361,4370,-1,4370,4361,4371,-1,4371,4361,4360,-1,4371,4360,4372,-1,4372,4360,470,-1,4372,470,4373,-1,4373,470,472,-1,4373,472,4374,-1,4375,4376,4377,-1,4377,4376,4378,-1,4377,4378,4379,-1,4350,4380,4351,-1,4351,4380,4381,-1,4351,4381,4382,-1,4382,4381,4383,-1,4382,4383,4384,-1,4370,4385,4369,-1,4369,4385,4386,-1,4369,4386,4368,-1,4368,4386,4387,-1,4368,4387,4367,-1,4367,4387,4388,-1,4367,4388,4366,-1,4366,4388,4389,-1,4366,4389,4365,-1,4365,4389,4390,-1,4365,4390,4364,-1,4364,4390,4391,-1,4364,4391,4363,-1,4363,4391,4392,-1,4363,4392,4362,-1,4362,4392,4393,-1,4362,4393,4352,-1,4352,4393,4394,-1,4352,4394,4353,-1,4353,4394,4395,-1,4353,4395,4355,-1,4355,4395,466,-1,4355,466,4357,-1,4357,466,465,-1,4357,465,4359,-1,4396,4397,4398,-1,4398,4397,4399,-1,4398,4399,4400,-1,4400,4399,4401,-1,4400,4401,4402,-1,4402,4401,4403,-1,4402,4403,4404,-1,4404,4403,4405,-1,4404,4405,4406,-1,4406,4405,4407,-1,4406,4407,4408,-1,4409,4379,4410,-1,4410,4379,4378,-1,4410,4378,4411,-1,4411,4378,4376,-1,4411,4376,4412,-1,4413,4414,4415,-1,4415,4414,4416,-1,4415,4416,4417,-1,4417,4416,4418,-1,4417,4418,4419,-1,4419,4418,4420,-1,4419,4420,464,-1,464,466,4419,-1,4419,466,4395,-1,4419,4395,4417,-1,4417,4395,4394,-1,4417,4394,4415,-1,4415,4394,4393,-1,4415,4393,4413,-1,4413,4393,4392,-1,4413,4392,4421,-1,4421,4392,4391,-1,4421,4391,4422,-1,4422,4391,4390,-1,4422,4390,4423,-1,4423,4390,4389,-1,4423,4389,4424,-1,4424,4389,4388,-1,4424,4388,4425,-1,4425,4388,4387,-1,4425,4387,4426,-1,4426,4387,4386,-1,4426,4386,4427,-1,4427,4386,4385,-1,4427,4385,4428,-1,4429,4396,4430,-1,4430,4396,4398,-1,4430,4398,4431,-1,4431,4398,4400,-1,4431,4400,4432,-1,4432,4400,4402,-1,4432,4402,4433,-1,4433,4402,4404,-1,4433,4404,4434,-1,4434,4404,4406,-1,4434,4406,4435,-1,4435,4406,4408,-1,4435,4436,4434,-1,4434,4436,4437,-1,4434,4437,4433,-1,4433,4437,4438,-1,4433,4438,4432,-1,4432,4438,4439,-1,4432,4439,4431,-1,4431,4439,4440,-1,4431,4440,4430,-1,4430,4440,4441,-1,4430,4441,4429,-1,4442,4409,4443,-1,4443,4409,4410,-1,4443,4410,4444,-1,4444,4410,4411,-1,4444,4411,4445,-1,4445,4411,4412,-1,4445,4412,4446,-1,4447,4442,4448,-1,4448,4442,4443,-1,4448,4443,4449,-1,4449,4443,4444,-1,4449,4444,4450,-1,4450,4444,4445,-1,4450,4445,4451,-1,4451,4445,4446,-1,4383,4452,4384,-1,4384,4452,4453,-1,4384,4453,4454,-1,4455,4456,4457,-1,4457,4456,4458,-1,4457,4458,4459,-1,4459,4458,463,-1,4459,463,4460,-1,4460,463,462,-1,4460,462,4461,-1,4441,4462,4429,-1,4429,4462,4428,-1,4429,4428,4396,-1,4396,4428,4385,-1,4396,4385,4397,-1,4397,4385,4370,-1,4397,4370,4399,-1,4399,4370,4371,-1,4399,4371,4401,-1,4401,4371,4372,-1,4401,4372,4403,-1,4403,4372,4373,-1,4403,4373,4405,-1,4405,4373,4374,-1,4405,4374,4407,-1,4462,4463,4428,-1,4428,4463,4464,-1,4428,4464,4427,-1,4427,4464,4465,-1,4427,4465,4426,-1,4426,4465,4466,-1,4426,4466,4425,-1,4425,4466,4467,-1,4425,4467,4424,-1,4424,4467,4468,-1,4424,4468,4423,-1,4423,4468,4469,-1,4423,4469,4422,-1,4422,4469,4470,-1,4422,4470,4421,-1,4421,4470,4455,-1,4421,4455,4413,-1,4413,4455,4457,-1,4413,4457,4414,-1,4414,4457,4459,-1,4414,4459,4416,-1,4416,4459,4460,-1,4416,4460,4418,-1,4418,4460,4461,-1,4418,4461,4420,-1,4471,4447,4472,-1,4472,4447,4448,-1,4472,4448,4473,-1,4473,4448,4449,-1,4473,4449,4474,-1,4474,4449,4450,-1,4474,4450,4475,-1,4475,4450,4451,-1,4475,4451,4476,-1,4476,4451,4446,-1,4476,4446,4477,-1,4453,4478,4454,-1,4454,4478,4479,-1,4454,4479,4480,-1,4481,4482,4483,-1,4483,4482,4484,-1,4483,4484,4485,-1,4485,4484,457,-1,4485,457,4486,-1,4486,457,456,-1,4486,456,461,-1,461,463,4486,-1,4486,463,4458,-1,4486,4458,4485,-1,4485,4458,4456,-1,4485,4456,4483,-1,4483,4456,4455,-1,4483,4455,4481,-1,4481,4455,4470,-1,4481,4470,4487,-1,4487,4470,4469,-1,4487,4469,4488,-1,4488,4469,4468,-1,4488,4468,4489,-1,4489,4468,4467,-1,4489,4467,4490,-1,4490,4467,4466,-1,4490,4466,4491,-1,4491,4466,4465,-1,4491,4465,4492,-1,4492,4465,4464,-1,4492,4464,4493,-1,4493,4464,4463,-1,4493,4463,4494,-1,458,460,1161,-1,1161,460,4495,-1,1161,4495,1163,-1,1163,4495,4496,-1,1163,4496,1165,-1,1165,4496,4497,-1,1165,4497,1167,-1,1167,4497,4498,-1,1167,4498,1169,-1,1169,4498,4499,-1,1169,4499,1171,-1,459,4471,460,-1,460,4471,4472,-1,460,4472,4495,-1,4495,4472,4473,-1,4495,4473,4496,-1,4496,4473,4474,-1,4496,4474,4497,-1,4497,4474,4475,-1,4497,4475,4498,-1,4498,4475,4476,-1,4498,4476,4499,-1,4499,4476,4477,-1,4499,4477,1171,-1,1171,4477,4500,-1,1171,4500,1172,-1,4479,4501,4480,-1,4480,4501,4502,-1,4480,4502,4503,-1,4504,4505,4506,-1,4506,4505,4507,-1,4506,4507,4508,-1,4508,4507,4509,-1,4508,4509,4510,-1,4510,4509,4511,-1,4510,4511,455,-1,473,475,4307,-1,4307,475,4271,-1,4307,4271,4305,-1,4305,4271,4272,-1,4305,4272,4303,-1,4303,4272,4273,-1,4303,4273,4301,-1,4301,4273,4275,-1,4301,4275,4346,-1,4346,4275,4277,-1,4346,4277,4344,-1,4344,4277,4279,-1,4344,4279,4342,-1,4342,4279,4281,-1,4342,4281,4340,-1,4340,4281,4283,-1,4340,4283,4338,-1,4338,4283,4285,-1,4338,4285,4336,-1,4336,4285,4287,-1,4336,4287,4334,-1,4334,4287,4289,-1,4334,4289,4332,-1,4332,4289,4309,-1,4332,4309,4348,-1,4348,4309,4310,-1,4348,4310,4347,-1,4347,4310,4311,-1,4347,4311,471,-1,471,4311,4312,-1,471,4312,472,-1,472,4312,4313,-1,472,4313,4374,-1,4374,4313,4314,-1,4374,4314,4407,-1,4407,4314,4315,-1,4407,4315,4408,-1,4408,4315,4316,-1,4408,4316,4435,-1,4435,4316,4375,-1,4435,4375,4436,-1,4436,4375,4377,-1,4436,4377,4437,-1,4437,4377,4379,-1,4437,4379,4438,-1,4438,4379,4409,-1,4438,4409,4439,-1,4439,4409,4442,-1,4439,4442,4440,-1,4440,4442,4447,-1,4440,4447,4441,-1,4441,4447,4471,-1,4441,4471,4462,-1,4462,4471,459,-1,4462,459,4463,-1,4463,459,458,-1,4463,458,4494,-1,4494,458,1160,-1,4494,1160,4512,-1,4512,1160,1162,-1,4512,1162,4513,-1,4513,1162,1164,-1,4513,1164,4514,-1,4514,1164,1166,-1,4514,1166,4515,-1,4515,1166,1168,-1,4515,1168,4516,-1,4516,1168,1170,-1,4516,1170,4517,-1,4517,1170,1172,-1,4517,1172,4518,-1,4518,1172,4500,-1,4518,4500,4519,-1,4502,4520,4503,-1,4503,4520,4521,-1,4503,4521,4522,-1,4523,4524,4525,-1,4525,4524,4526,-1,4525,4526,4527,-1,4527,4526,4528,-1,4527,4528,4529,-1,4529,4528,4530,-1,4529,4530,4531,-1,4532,4533,4534,-1,4534,4533,4535,-1,4534,4535,4536,-1,4536,4535,4537,-1,4536,4537,4538,-1,4538,4537,4539,-1,4538,4539,4540,-1,4540,4539,4541,-1,4540,4541,4542,-1,4542,4541,4543,-1,4542,4543,4544,-1,4544,4543,4545,-1,4544,4545,4546,-1,4546,4545,4547,-1,4546,4547,4548,-1,4548,4547,4549,-1,4548,4549,4550,-1,4550,4549,4551,-1,4550,4551,4552,-1,4552,4551,4523,-1,4552,4523,4504,-1,4504,4523,4525,-1,4504,4525,4505,-1,4505,4525,4527,-1,4505,4527,4507,-1,4507,4527,4529,-1,4507,4529,4509,-1,4509,4529,4531,-1,4509,4531,4511,-1,453,4532,4553,-1,4553,4532,4534,-1,4553,4534,4554,-1,4554,4534,4536,-1,4554,4536,4555,-1,4555,4536,4538,-1,4521,4556,4522,-1,4522,4556,4557,-1,4522,4557,4558,-1,4558,4557,4559,-1,4558,4559,4560,-1,4533,4561,4535,-1,4535,4561,4562,-1,4535,4562,4537,-1,4537,4562,4563,-1,4537,4563,4539,-1,4539,4563,4564,-1,4539,4564,4541,-1,4541,4564,4565,-1,4541,4565,4543,-1,4543,4565,4566,-1,4543,4566,4545,-1,4545,4566,4567,-1,4545,4567,4547,-1,4547,4567,4568,-1,4547,4568,4549,-1,4549,4568,4569,-1,4549,4569,4551,-1,4551,4569,4570,-1,4551,4570,4523,-1,4523,4570,4571,-1,4523,4571,4524,-1,4524,4571,4572,-1,4524,4572,4526,-1,4526,4572,4573,-1,4526,4573,4528,-1,4528,4573,4574,-1,4528,4574,4530,-1,4575,4576,4577,-1,4578,4579,4580,-1,4580,4579,4581,-1,4580,4581,4582,-1,4582,4581,451,-1,4582,451,4583,-1,4583,451,450,-1,4583,450,4584,-1,453,452,4532,-1,4532,452,4585,-1,4532,4585,4533,-1,4533,4585,4586,-1,4533,4586,4561,-1,4561,4586,4587,-1,4561,4587,4562,-1,4587,4588,4562,-1,4562,4588,4589,-1,4562,4589,4563,-1,4563,4589,4590,-1,4563,4590,4564,-1,4564,4590,4591,-1,4564,4591,4565,-1,4565,4591,4592,-1,4565,4592,4566,-1,4566,4592,4593,-1,4566,4593,4567,-1,4567,4593,4594,-1,4567,4594,4568,-1,4568,4594,4595,-1,4568,4595,4569,-1,4569,4595,4578,-1,4569,4578,4570,-1,4570,4578,4580,-1,4570,4580,4571,-1,4571,4580,4582,-1,4571,4582,4572,-1,4572,4582,4583,-1,4572,4583,4573,-1,4573,4583,4584,-1,4573,4584,4574,-1,4596,4597,4598,-1,4598,4597,4599,-1,4598,4599,4600,-1,4600,4599,4601,-1,4600,4601,4602,-1,4602,4601,4603,-1,4602,4603,4604,-1,4604,4603,4605,-1,4604,4605,4606,-1,4606,4605,4607,-1,4606,4607,4608,-1,4609,753,4610,-1,4610,753,752,-1,4610,752,4577,-1,4577,4576,4610,-1,4610,4576,4611,-1,4610,4611,4609,-1,4559,4612,4560,-1,4560,4612,4613,-1,4560,4613,4614,-1,4615,4616,4617,-1,4617,4616,4618,-1,4617,4618,4619,-1,4619,4618,4620,-1,4619,4620,4621,-1,4621,4620,4622,-1,4621,4622,449,-1,449,451,4621,-1,4621,451,4581,-1,4621,4581,4619,-1,4619,4581,4579,-1,4619,4579,4617,-1,4617,4579,4578,-1,4617,4578,4615,-1,4615,4578,4595,-1,4615,4595,4623,-1,4623,4595,4594,-1,4623,4594,4624,-1,4624,4594,4593,-1,4624,4593,4625,-1,4625,4593,4592,-1,4625,4592,4626,-1,4626,4592,4591,-1,4626,4591,4627,-1,4627,4591,4590,-1,4627,4590,4628,-1,4628,4590,4589,-1,4628,4589,4629,-1,4629,4589,4588,-1,4629,4588,4630,-1,4631,4596,4632,-1,4632,4596,4598,-1,4632,4598,4633,-1,4633,4598,4600,-1,4633,4600,4634,-1,4634,4600,4602,-1,4634,4602,4635,-1,4635,4602,4604,-1,4635,4604,4636,-1,4636,4604,4606,-1,4636,4606,4637,-1,4637,4606,4608,-1,4637,4638,4636,-1,4636,4638,4639,-1,4636,4639,4635,-1,4635,4639,4640,-1,4635,4640,4634,-1,4634,4640,4641,-1,4634,4641,4633,-1,4633,4641,4642,-1,4633,4642,4632,-1,4632,4642,4643,-1,4632,4643,4631,-1,4644,754,4645,-1,4645,754,753,-1,4645,753,4646,-1,4646,753,4609,-1,4646,4609,4647,-1,4647,4609,4611,-1,4647,4611,4648,-1,4649,4644,4650,-1,4650,4644,4645,-1,4650,4645,4651,-1,4651,4645,4646,-1,4651,4646,4652,-1,4652,4646,4647,-1,4652,4647,4653,-1,4653,4647,4648,-1,4613,4654,4614,-1,4614,4654,4655,-1,4614,4655,4656,-1,4657,4658,4659,-1,4659,4658,4660,-1,4659,4660,4661,-1,4661,4660,448,-1,4661,448,4662,-1,4662,448,447,-1,4662,447,4663,-1,4643,4664,4631,-1,4631,4664,4630,-1,4631,4630,4596,-1,4596,4630,4588,-1,4596,4588,4597,-1,4597,4588,4587,-1,4597,4587,4599,-1,4599,4587,4586,-1,4599,4586,4601,-1,4601,4586,4585,-1,4601,4585,4603,-1,4603,4585,452,-1,4603,452,4605,-1,4605,452,454,-1,4605,454,4607,-1,4664,4665,4630,-1,4630,4665,4666,-1,4630,4666,4629,-1,4629,4666,4667,-1,4629,4667,4628,-1,4628,4667,4668,-1,4628,4668,4627,-1,4627,4668,4669,-1,4627,4669,4626,-1,4626,4669,4670,-1,4626,4670,4625,-1,4625,4670,4671,-1,4625,4671,4624,-1,4624,4671,4672,-1,4624,4672,4623,-1,4623,4672,4657,-1,4623,4657,4615,-1,4615,4657,4659,-1,4615,4659,4616,-1,4616,4659,4661,-1,4616,4661,4618,-1,4618,4661,4662,-1,4618,4662,4620,-1,4620,4662,4663,-1,4620,4663,4622,-1,4673,4649,4674,-1,4674,4649,4650,-1,4674,4650,4675,-1,4675,4650,4651,-1,4675,4651,4676,-1,4676,4651,4652,-1,4676,4652,4677,-1,4677,4652,4653,-1,4677,4653,4678,-1,4678,4653,4648,-1,4678,4648,4679,-1,4655,4680,4656,-1,4656,4680,4681,-1,4656,4681,4682,-1,4683,4684,4685,-1,4685,4684,4686,-1,4685,4686,4687,-1,4687,4686,4688,-1,4687,4688,4689,-1,4689,4688,4690,-1,4689,4690,446,-1,446,448,4689,-1,4689,448,4660,-1,4689,4660,4687,-1,4687,4660,4658,-1,4687,4658,4685,-1,4685,4658,4657,-1,4685,4657,4683,-1,4683,4657,4672,-1,4683,4672,4691,-1,4691,4672,4671,-1,4691,4671,4692,-1,4692,4671,4670,-1,4692,4670,4693,-1,4693,4670,4669,-1,4693,4669,4694,-1,4694,4669,4668,-1,4694,4668,4695,-1,4695,4668,4667,-1,4695,4667,4696,-1,4696,4667,4666,-1,4696,4666,4697,-1,4697,4666,4665,-1,4697,4665,4698,-1,443,445,1174,-1,1174,445,4699,-1,1174,4699,1176,-1,1176,4699,4700,-1,1176,4700,1178,-1,1178,4700,4701,-1,1178,4701,1180,-1,1180,4701,4702,-1,1180,4702,1182,-1,1182,4702,4703,-1,1182,4703,1184,-1,444,4673,445,-1,445,4673,4674,-1,445,4674,4699,-1,4699,4674,4675,-1,4699,4675,4700,-1,4700,4675,4676,-1,4700,4676,4701,-1,4701,4676,4677,-1,4701,4677,4702,-1,4702,4677,4678,-1,4702,4678,4703,-1,4703,4678,4679,-1,4703,4679,1184,-1,1184,4679,4704,-1,1184,4704,1185,-1,4681,4705,4682,-1,4682,4705,4706,-1,4682,4706,4707,-1,4708,4709,4710,-1,4710,4709,4711,-1,4710,4711,4712,-1,4712,4711,4713,-1,4712,4713,4714,-1,4714,4713,4715,-1,4714,4715,4716,-1,455,457,4510,-1,4510,457,4484,-1,4510,4484,4508,-1,4508,4484,4482,-1,4508,4482,4506,-1,4506,4482,4481,-1,4506,4481,4504,-1,4504,4481,4487,-1,4504,4487,4552,-1,4552,4487,4488,-1,4552,4488,4550,-1,4550,4488,4489,-1,4550,4489,4548,-1,4548,4489,4490,-1,4548,4490,4546,-1,4546,4490,4491,-1,4546,4491,4544,-1,4544,4491,4492,-1,4544,4492,4542,-1,4542,4492,4493,-1,4542,4493,4540,-1,4540,4493,4494,-1,4540,4494,4538,-1,4538,4494,4512,-1,4538,4512,4555,-1,4555,4512,4513,-1,4555,4513,4554,-1,4554,4513,4514,-1,4554,4514,4553,-1,4553,4514,4515,-1,4553,4515,453,-1,453,4515,4516,-1,453,4516,454,-1,454,4516,4517,-1,454,4517,4607,-1,4607,4517,4518,-1,4607,4518,4608,-1,4608,4518,4519,-1,4608,4519,4637,-1,4637,4519,4575,-1,4637,4575,4638,-1,4638,4575,4577,-1,4638,4577,4639,-1,4639,4577,752,-1,4639,752,4640,-1,4640,752,754,-1,4640,754,4641,-1,4641,754,4644,-1,4641,4644,4642,-1,4642,4644,4649,-1,4642,4649,4643,-1,4643,4649,4673,-1,4643,4673,4664,-1,4664,4673,444,-1,4664,444,4665,-1,4665,444,443,-1,4665,443,4698,-1,4698,443,1173,-1,4698,1173,4717,-1,4717,1173,1175,-1,4717,1175,4718,-1,4718,1175,1177,-1,4718,1177,4719,-1,4719,1177,1179,-1,4719,1179,4720,-1,4720,1179,1181,-1,4720,1181,4721,-1,4721,1181,1183,-1,4721,1183,4722,-1,4722,1183,1185,-1,4722,1185,4723,-1,4723,1185,4704,-1,4723,4704,4724,-1,4706,4725,4707,-1,4707,4725,4726,-1,4707,4726,4727,-1,4728,4729,4730,-1,4730,4729,4731,-1,4730,4731,4732,-1,4732,4731,4733,-1,4732,4733,4734,-1,4734,4733,4735,-1,4734,4735,4736,-1,4737,4738,4739,-1,4739,4738,4740,-1,4739,4740,4741,-1,4741,4740,4742,-1,4741,4742,4743,-1,4743,4742,4744,-1,4743,4744,4745,-1,4745,4744,4746,-1,4745,4746,4747,-1,4747,4746,4748,-1,4747,4748,4749,-1,4749,4748,4750,-1,4749,4750,4751,-1,4752,4751,4724,-1,4724,4751,4750,-1,4724,4750,4723,-1,4723,4750,4748,-1,4723,4748,4722,-1,4722,4748,4746,-1,4722,4746,4721,-1,4721,4746,4744,-1,4721,4744,4720,-1,4720,4744,4742,-1,4720,4742,4719,-1,4719,4742,4740,-1,4719,4740,4718,-1,4718,4740,4738,-1,4718,4738,4717,-1,4717,4738,4737,-1,4717,4737,4698,-1,4698,4737,4753,-1,4698,4753,4697,-1,4697,4753,4754,-1,4697,4754,4696,-1,4696,4754,4755,-1,4696,4755,4695,-1,4695,4755,4756,-1,4695,4756,4694,-1,4694,4756,4757,-1,4694,4757,4693,-1,4693,4757,4758,-1,4693,4758,4692,-1,4692,4758,4759,-1,4692,4759,4691,-1,4691,4759,4708,-1,4691,4708,4683,-1,4683,4708,4710,-1,4683,4710,4684,-1,4684,4710,4712,-1,4684,4712,4686,-1,4686,4712,4714,-1,4686,4714,4688,-1,4688,4714,4716,-1,4688,4716,4690,-1,4726,4760,4727,-1,4727,4760,4761,-1,4727,4761,4762,-1,4763,4764,4765,-1,4765,4764,4766,-1,4765,4766,4767,-1,4767,4766,4768,-1,4767,4768,4769,-1,4769,4768,4770,-1,4769,4770,4771,-1,4772,4773,4774,-1,4774,4773,4775,-1,4774,4775,4776,-1,4776,4775,4777,-1,4776,4777,4778,-1,4778,4777,4779,-1,4778,4779,4780,-1,4780,4779,4781,-1,4780,4781,4782,-1,4782,4781,4783,-1,4782,4783,4784,-1,4784,4783,4785,-1,4784,4785,4786,-1,4787,4786,4752,-1,4752,4786,4785,-1,4752,4785,4751,-1,4751,4785,4783,-1,4751,4783,4749,-1,4749,4783,4781,-1,4749,4781,4747,-1,4747,4781,4779,-1,4747,4779,4745,-1,4745,4779,4777,-1,4745,4777,4743,-1,4743,4777,4775,-1,4743,4775,4741,-1,4741,4775,4773,-1,4741,4773,4739,-1,4739,4773,4772,-1,4739,4772,4737,-1,4737,4772,4788,-1,4737,4788,4753,-1,4753,4788,4789,-1,4753,4789,4754,-1,4754,4789,4790,-1,4754,4790,4755,-1,4755,4790,4791,-1,4755,4791,4756,-1,4756,4791,4792,-1,4756,4792,4757,-1,4757,4792,4793,-1,4757,4793,4758,-1,4758,4793,4794,-1,4758,4794,4759,-1,4759,4794,4728,-1,4759,4728,4708,-1,4708,4728,4730,-1,4708,4730,4709,-1,4709,4730,4732,-1,4709,4732,4711,-1,4711,4732,4734,-1,4711,4734,4713,-1,4713,4734,4736,-1,4713,4736,4715,-1,4761,4795,4762,-1,4762,4795,4796,-1,4762,4796,4797,-1,4798,4799,4800,-1,4800,4799,4801,-1,4800,4801,4802,-1,4802,4801,4803,-1,4802,4803,4804,-1,4804,4803,4805,-1,4804,4805,4806,-1,4807,4808,4809,-1,4809,4808,4810,-1,4809,4810,4811,-1,4811,4810,4812,-1,4811,4812,4813,-1,4813,4812,4814,-1,4813,4814,4815,-1,4815,4814,4816,-1,4815,4816,4817,-1,4817,4816,4818,-1,4817,4818,4819,-1,4819,4818,4820,-1,4819,4820,4821,-1,4822,4821,4787,-1,4787,4821,4820,-1,4787,4820,4786,-1,4786,4820,4818,-1,4786,4818,4784,-1,4784,4818,4816,-1,4784,4816,4782,-1,4782,4816,4814,-1,4782,4814,4780,-1,4780,4814,4812,-1,4780,4812,4778,-1,4778,4812,4810,-1,4778,4810,4776,-1,4776,4810,4808,-1,4776,4808,4774,-1,4774,4808,4807,-1,4774,4807,4772,-1,4772,4807,4823,-1,4772,4823,4788,-1,4788,4823,4824,-1,4788,4824,4789,-1,4789,4824,4825,-1,4789,4825,4790,-1,4790,4825,4826,-1,4790,4826,4791,-1,4791,4826,4827,-1,4791,4827,4792,-1,4792,4827,4828,-1,4792,4828,4793,-1,4793,4828,4829,-1,4793,4829,4794,-1,4794,4829,4763,-1,4794,4763,4728,-1,4728,4763,4765,-1,4728,4765,4729,-1,4729,4765,4767,-1,4729,4767,4731,-1,4731,4767,4769,-1,4731,4769,4733,-1,4733,4769,4771,-1,4733,4771,4735,-1,4796,4830,4797,-1,4797,4830,4831,-1,4797,4831,4832,-1,4833,4834,4835,-1,4835,4834,4836,-1,4835,4836,4837,-1,4837,4836,4838,-1,4837,4838,4839,-1,4839,4838,4840,-1,4839,4840,4841,-1,4842,4843,4844,-1,4844,4843,4845,-1,4844,4845,4846,-1,4846,4845,4847,-1,4846,4847,4848,-1,4848,4847,4849,-1,4848,4849,4850,-1,4850,4849,4851,-1,4850,4851,4852,-1,4852,4851,4853,-1,4852,4853,4854,-1,4854,4853,4855,-1,4854,4855,4856,-1,4857,4856,4822,-1,4822,4856,4855,-1,4822,4855,4821,-1,4821,4855,4853,-1,4821,4853,4819,-1,4819,4853,4851,-1,4819,4851,4817,-1,4817,4851,4849,-1,4817,4849,4815,-1,4815,4849,4847,-1,4815,4847,4813,-1,4813,4847,4845,-1,4813,4845,4811,-1,4811,4845,4843,-1,4811,4843,4809,-1,4809,4843,4842,-1,4809,4842,4807,-1,4807,4842,4858,-1,4807,4858,4823,-1,4823,4858,4859,-1,4823,4859,4824,-1,4824,4859,4860,-1,4824,4860,4825,-1,4825,4860,4861,-1,4825,4861,4826,-1,4826,4861,4862,-1,4826,4862,4827,-1,4827,4862,4863,-1,4827,4863,4828,-1,4828,4863,4864,-1,4828,4864,4829,-1,4829,4864,4798,-1,4829,4798,4763,-1,4763,4798,4800,-1,4763,4800,4764,-1,4764,4800,4802,-1,4764,4802,4766,-1,4766,4802,4804,-1,4766,4804,4768,-1,4768,4804,4806,-1,4768,4806,4770,-1,4831,4865,4832,-1,4832,4865,4866,-1,4832,4866,4867,-1,4868,4869,4870,-1,4870,4869,4871,-1,4870,4871,4872,-1,4872,4871,442,-1,4872,442,4873,-1,4873,442,441,-1,4873,441,4874,-1,4875,4876,4877,-1,4877,4876,4878,-1,4877,4878,4879,-1,4879,4878,4880,-1,4879,4880,4881,-1,4881,4880,4882,-1,4881,4882,4883,-1,4883,4882,4884,-1,4883,4884,4885,-1,4885,4884,4886,-1,4885,4886,4887,-1,4887,4886,4888,-1,4887,4888,4889,-1,4890,4889,4857,-1,4857,4889,4888,-1,4857,4888,4856,-1,4856,4888,4886,-1,4856,4886,4854,-1,4854,4886,4884,-1,4854,4884,4852,-1,4852,4884,4882,-1,4852,4882,4850,-1,4850,4882,4880,-1,4850,4880,4848,-1,4848,4880,4878,-1,4848,4878,4846,-1,4846,4878,4876,-1,4846,4876,4844,-1,4844,4876,4875,-1,4844,4875,4842,-1,4842,4875,4891,-1,4842,4891,4858,-1,4858,4891,4892,-1,4858,4892,4859,-1,4859,4892,4893,-1,4859,4893,4860,-1,4860,4893,4894,-1,4860,4894,4861,-1,4861,4894,4895,-1,4861,4895,4862,-1,4862,4895,4896,-1,4862,4896,4863,-1,4863,4896,4897,-1,4863,4897,4864,-1,4864,4897,4833,-1,4864,4833,4798,-1,4798,4833,4835,-1,4798,4835,4799,-1,4799,4835,4837,-1,4799,4837,4801,-1,4801,4837,4839,-1,4801,4839,4803,-1,4803,4839,4841,-1,4803,4841,4805,-1,4866,4898,4867,-1,4867,4898,4899,-1,4867,4899,4900,-1,4901,4902,4903,-1,4903,4902,4904,-1,4903,4904,4905,-1,4905,4904,439,-1,4905,439,4906,-1,4906,439,438,-1,4906,438,440,-1,4907,4908,4909,-1,4909,4908,4910,-1,4909,4910,4911,-1,4911,4910,4912,-1,4911,4912,4913,-1,4913,4912,4914,-1,4913,4914,4915,-1,4915,4914,4916,-1,4915,4916,4917,-1,4917,4916,4918,-1,4917,4918,4919,-1,4919,4918,4920,-1,4919,4920,4921,-1,4922,4921,4890,-1,4890,4921,4920,-1,4890,4920,4889,-1,4889,4920,4918,-1,4889,4918,4887,-1,4887,4918,4916,-1,4887,4916,4885,-1,4885,4916,4914,-1,4885,4914,4883,-1,4883,4914,4912,-1,4883,4912,4881,-1,4881,4912,4910,-1,4881,4910,4879,-1,4879,4910,4908,-1,4879,4908,4877,-1,4877,4908,4907,-1,4877,4907,4875,-1,4875,4907,4923,-1,4875,4923,4891,-1,4891,4923,4924,-1,4891,4924,4892,-1,4892,4924,4925,-1,4892,4925,4893,-1,4893,4925,4926,-1,4893,4926,4894,-1,4894,4926,4927,-1,4894,4927,4895,-1,4895,4927,4928,-1,4895,4928,4896,-1,4896,4928,4929,-1,4896,4929,4897,-1,4897,4929,4868,-1,4897,4868,4833,-1,4833,4868,4870,-1,4833,4870,4834,-1,4834,4870,4872,-1,4834,4872,4836,-1,4836,4872,4873,-1,4836,4873,4838,-1,4838,4873,4874,-1,4838,4874,4840,-1,4899,4930,4900,-1,4900,4930,4931,-1,4900,4931,4932,-1,4933,4934,4935,-1,4935,4934,4936,-1,4935,4936,4937,-1,4937,4936,4938,-1,4937,4938,4939,-1,4939,4938,4940,-1,4939,4940,437,-1,437,439,4939,-1,4939,439,4904,-1,4939,4904,4937,-1,4937,4904,4902,-1,4937,4902,4935,-1,4935,4902,4901,-1,4935,4901,4933,-1,4933,4901,4941,-1,4933,4941,4942,-1,4942,4941,4943,-1,4942,4943,4944,-1,4944,4943,4945,-1,4944,4945,4946,-1,4946,4945,4947,-1,4946,4947,4948,-1,4948,4947,4949,-1,4948,4949,4950,-1,4950,4949,4951,-1,4950,4951,4952,-1,4952,4951,4953,-1,4952,4953,4954,-1,4954,4953,4955,-1,4954,4955,4956,-1,4955,4957,4958,-1,4959,4960,4961,-1,4961,4960,4962,-1,4961,4962,4963,-1,4963,4962,4964,-1,4963,4964,4965,-1,4931,4966,4932,-1,4932,4966,4967,-1,4932,4967,4968,-1,4969,4970,4971,-1,4971,4970,4972,-1,4971,4972,4973,-1,4973,4972,436,-1,4973,436,4974,-1,4974,436,435,-1,4974,435,4975,-1,4955,4958,4956,-1,4956,4958,4976,-1,4956,4976,4977,-1,4977,4978,4956,-1,4956,4978,4979,-1,4956,4979,4954,-1,4954,4979,4980,-1,4954,4980,4952,-1,4952,4980,4981,-1,4952,4981,4950,-1,4950,4981,4982,-1,4950,4982,4948,-1,4948,4982,4983,-1,4948,4983,4946,-1,4946,4983,4984,-1,4946,4984,4944,-1,4944,4984,4985,-1,4944,4985,4942,-1,4942,4985,4969,-1,4942,4969,4933,-1,4933,4969,4971,-1,4933,4971,4934,-1,4934,4971,4973,-1,4934,4973,4936,-1,4936,4973,4974,-1,4936,4974,4938,-1,4938,4974,4975,-1,4938,4975,4940,-1,4986,4987,4988,-1,4988,4987,4989,-1,4988,4989,4990,-1,4990,4989,4991,-1,4990,4991,4992,-1,4992,4991,4993,-1,4992,4993,4994,-1,4994,4993,4995,-1,4994,4995,4996,-1,4987,4959,4989,-1,4989,4959,4961,-1,4989,4961,4991,-1,4991,4961,4963,-1,4991,4963,4993,-1,4993,4963,4965,-1,4993,4965,4995,-1,4997,4998,4999,-1,4999,4998,5000,-1,4999,5000,5001,-1,4967,5002,4968,-1,4968,5002,5003,-1,4968,5003,5004,-1,5005,5006,5007,-1,5007,5006,5008,-1,5007,5008,5009,-1,5009,5008,433,-1,5009,433,5010,-1,5010,433,432,-1,5010,432,434,-1,434,436,5010,-1,5010,436,4972,-1,5010,4972,5009,-1,5009,4972,4970,-1,5009,4970,5007,-1,5007,4970,4969,-1,5007,4969,5005,-1,5005,4969,4985,-1,5005,4985,5011,-1,5011,4985,4984,-1,5011,4984,5012,-1,5012,4984,4983,-1,5012,4983,5013,-1,5013,4983,4982,-1,5013,4982,5014,-1,5014,4982,4981,-1,5014,4981,5015,-1,5015,4981,4980,-1,5015,4980,5016,-1,5016,4980,4979,-1,5016,4979,5017,-1,5017,4979,4978,-1,5017,4978,5018,-1,5019,5020,5021,-1,5021,5020,5022,-1,5021,5022,5023,-1,5023,5022,5024,-1,5023,5024,5025,-1,5025,5024,5026,-1,5025,5026,5027,-1,5027,5026,5028,-1,5027,5028,5029,-1,5029,5028,5030,-1,5029,5030,5031,-1,5031,5030,5032,-1,5031,5032,5033,-1,5020,4986,5022,-1,5022,4986,4988,-1,5022,4988,5024,-1,5024,4988,4990,-1,5024,4990,5026,-1,5026,4990,4992,-1,5026,4992,5028,-1,5028,4992,4994,-1,5028,4994,5030,-1,5030,4994,4996,-1,5030,4996,5032,-1,5034,5001,5035,-1,5035,5001,5000,-1,5035,5000,5036,-1,5036,5000,4998,-1,5036,4998,5037,-1,5038,5034,5039,-1,5039,5034,5035,-1,5039,5035,5040,-1,5040,5035,5036,-1,5040,5036,5041,-1,5041,5036,5037,-1,5003,5042,5004,-1,5004,5042,5043,-1,5004,5043,5044,-1,5045,5046,5047,-1,5047,5046,5048,-1,5047,5048,5049,-1,5049,5048,5050,-1,5049,5050,5051,-1,5051,5050,5052,-1,5051,5052,431,-1,4977,5053,4978,-1,4978,5053,5054,-1,4978,5054,5018,-1,5018,5054,5055,-1,5018,5055,5056,-1,431,433,5051,-1,5051,433,5008,-1,5051,5008,5049,-1,5049,5008,5006,-1,5049,5006,5047,-1,5047,5006,5005,-1,5047,5005,5045,-1,5045,5005,5011,-1,5045,5011,5057,-1,5057,5011,5012,-1,5057,5012,5058,-1,5058,5012,5013,-1,5058,5013,5059,-1,5059,5013,5014,-1,5059,5014,5060,-1,5060,5014,5015,-1,5060,5015,5061,-1,5061,5015,5016,-1,5061,5016,5062,-1,5062,5016,5017,-1,5062,5017,5063,-1,5063,5017,5018,-1,5063,5018,5064,-1,5064,5018,5056,-1,5064,5056,5065,-1,4957,5019,4958,-1,4958,5019,5021,-1,4958,5021,4976,-1,4976,5021,5023,-1,4976,5023,4977,-1,4977,5023,5025,-1,4977,5025,5053,-1,5053,5025,5027,-1,5053,5027,5054,-1,5054,5027,5029,-1,5054,5029,5055,-1,5055,5029,5031,-1,5055,5031,5056,-1,5056,5031,5033,-1,5056,5033,5065,-1,5066,5038,5067,-1,5067,5038,5039,-1,5067,5039,5068,-1,5068,5039,5040,-1,5068,5040,5069,-1,5069,5040,5041,-1,5069,5041,5070,-1,5070,5041,5037,-1,5070,5037,5071,-1,5043,5072,5044,-1,5044,5072,5073,-1,5044,5073,5074,-1,5074,5073,5075,-1,5074,5075,5076,-1,5077,4094,5078,-1,5078,4094,4095,-1,5078,4095,5079,-1,5079,4095,4096,-1,5079,4096,5080,-1,5080,4096,4097,-1,5080,4097,5081,-1,5081,4097,4098,-1,5081,4098,5082,-1,5082,4098,4099,-1,5082,4099,5083,-1,5083,4099,4100,-1,5083,4100,5084,-1,5084,4100,4101,-1,5084,4101,5085,-1,5085,4101,5086,-1,5085,5086,5087,-1,5087,5086,5088,-1,5087,5088,5089,-1,5089,5088,5090,-1,5089,5090,5091,-1,5091,5090,5092,-1,5091,5092,5093,-1,5093,5092,5094,-1,5093,5094,5095,-1,5095,5094,5096,-1,5095,5096,5097,-1,5097,5096,5098,-1,5097,5098,5099,-1,5099,5098,5100,-1,5099,5100,5101,-1,5101,5100,5102,-1,5101,5102,5103,-1,5103,5102,5104,-1,5103,5104,5105,-1,5105,5104,5106,-1,5105,5106,5107,-1,5107,5106,5108,-1,5107,5108,5109,-1,5109,5108,5110,-1,5109,5110,5111,-1,5111,5110,5112,-1,5111,5112,5113,-1,5113,5112,5114,-1,5113,5114,5115,-1,5115,5114,5116,-1,5115,5116,5117,-1,5117,5116,5118,-1,5117,5118,5119,-1,5119,5118,5120,-1,5119,5120,5121,-1,5121,5120,5122,-1,5121,5122,5123,-1,5123,5122,5124,-1,5123,5124,5125,-1,5125,5124,5126,-1,5125,5126,5127,-1,5127,5126,5128,-1,5127,5128,5129,-1,5129,5128,5130,-1,5129,5130,5131,-1,5131,5130,5132,-1,5131,5132,5133,-1,5133,5132,5134,-1,5133,5134,5135,-1,5135,5134,5136,-1,5135,5136,5137,-1,5137,5136,5138,-1,5137,5138,5139,-1,5139,5138,5140,-1,5139,5140,5141,-1,5141,5140,5142,-1,5141,5142,5143,-1,5143,5142,5144,-1,5143,5144,5145,-1,5145,5144,5146,-1,5145,5146,5147,-1,5147,5146,5148,-1,5147,5148,5149,-1,5149,5148,5150,-1,5149,5150,5151,-1,5151,5150,5152,-1,5151,5152,5153,-1,5153,5152,5154,-1,5153,5154,5155,-1,5155,5154,5156,-1,5155,5156,5157,-1,5157,5156,5158,-1,5157,5158,5159,-1,5159,5158,5160,-1,5159,5160,5161,-1,5161,5160,5162,-1,5161,5162,5163,-1,5163,5162,5164,-1,5163,5164,5165,-1,5165,5164,5166,-1,5165,5166,5167,-1,5167,5166,5168,-1,5167,5168,5169,-1,5169,5168,5170,-1,5169,5170,5171,-1,5171,5170,5172,-1,5171,5172,5173,-1,5173,5172,5174,-1,5173,5174,5175,-1,5175,5174,5176,-1,5175,5176,5177,-1,5177,5176,5178,-1,5177,5178,5179,-1,5179,5178,5180,-1,5179,5180,5181,-1,5181,5180,5182,-1,5181,5182,5183,-1,5183,5182,5184,-1,5183,5184,5185,-1,5185,5184,5186,-1,5185,5186,5187,-1,5187,5186,5188,-1,5187,5188,5189,-1,5189,5188,5190,-1,5189,5190,5191,-1,5191,5190,5192,-1,5191,5192,5193,-1,5193,5192,5194,-1,5193,5194,5195,-1,5195,5194,5196,-1,5195,5196,5197,-1,5197,5196,5198,-1,5197,5198,5199,-1,5199,5198,5200,-1,5199,5200,5201,-1,5201,5200,5202,-1,5201,5202,5203,-1,5204,1186,5205,-1,5205,1186,1188,-1,5205,1188,5206,-1,5065,5207,5064,-1,5064,5207,5208,-1,5064,5208,5063,-1,5063,5208,5209,-1,5063,5209,5062,-1,5062,5209,5210,-1,5062,5210,5061,-1,5061,5210,5211,-1,5061,5211,5060,-1,5060,5211,5212,-1,5060,5212,5059,-1,5059,5212,5213,-1,5059,5213,5058,-1,5058,5213,5214,-1,5058,5214,5057,-1,5057,5214,5215,-1,5057,5215,5045,-1,5045,5215,5216,-1,5045,5216,5046,-1,5046,5216,5206,-1,5046,5206,5048,-1,5048,5206,1188,-1,5048,1188,5050,-1,5050,1188,1187,-1,5050,1187,5052,-1,429,5217,430,-1,430,5217,5218,-1,430,5218,5219,-1,5219,5218,5220,-1,5219,5220,5221,-1,5221,5220,5222,-1,5221,5222,5223,-1,5223,5222,5224,-1,5217,5225,5218,-1,5218,5225,5226,-1,5218,5226,5220,-1,5220,5226,5227,-1,5220,5227,5222,-1,5222,5227,5228,-1,5222,5228,5224,-1,5224,5228,5229,-1,5224,5229,5230,-1,5231,5232,5233,-1,5233,5232,5234,-1,5233,5234,5235,-1,5235,5234,427,-1,5235,427,5236,-1,5236,427,426,-1,5236,426,5204,-1,5204,5205,5236,-1,5236,5205,5206,-1,5236,5206,5235,-1,5235,5206,5216,-1,5235,5216,5233,-1,5233,5216,5215,-1,5233,5215,5231,-1,5231,5215,5214,-1,5231,5214,5237,-1,5237,5214,5213,-1,5237,5213,5238,-1,5238,5213,5212,-1,5238,5212,5239,-1,5239,5212,5211,-1,5239,5211,5240,-1,5240,5211,5210,-1,5240,5210,5241,-1,5241,5210,5209,-1,5241,5209,5242,-1,5242,5209,5208,-1,5242,5208,5243,-1,5243,5208,5207,-1,5243,5207,5244,-1,428,430,1190,-1,1190,430,5219,-1,1190,5219,1192,-1,1192,5219,5221,-1,1192,5221,1194,-1,1194,5221,5223,-1,1194,5223,1196,-1,1196,5223,5224,-1,1196,5224,1198,-1,1198,5224,5230,-1,1198,5230,1200,-1,5217,5066,5225,-1,5225,5066,5067,-1,5225,5067,5226,-1,5226,5067,5068,-1,5226,5068,5227,-1,5227,5068,5069,-1,5227,5069,5228,-1,5228,5069,5070,-1,5228,5070,5229,-1,5229,5070,5071,-1,5229,5071,5230,-1,5230,5071,5245,-1,5230,5245,1200,-1,1200,5245,5246,-1,1200,5246,1201,-1,5075,5247,5076,-1,5076,5247,5248,-1,5076,5248,5249,-1,5250,5251,5252,-1,440,442,4906,-1,4906,442,4871,-1,4906,4871,4905,-1,4905,4871,4869,-1,4905,4869,4903,-1,4903,4869,4868,-1,4903,4868,4901,-1,4901,4868,4929,-1,4901,4929,4941,-1,4941,4929,4928,-1,4941,4928,4943,-1,4943,4928,4927,-1,4943,4927,4945,-1,4945,4927,4926,-1,4945,4926,4947,-1,4947,4926,4925,-1,4947,4925,4949,-1,4949,4925,4924,-1,4949,4924,4951,-1,4951,4924,4923,-1,4951,4923,4953,-1,4953,4923,4907,-1,4953,4907,4955,-1,4955,4907,4909,-1,4955,4909,4957,-1,4957,4909,4911,-1,4957,4911,5019,-1,5019,4911,4913,-1,5019,4913,5020,-1,5020,4913,4915,-1,5020,4915,4986,-1,4986,4915,4917,-1,4986,4917,4987,-1,4987,4917,4919,-1,4987,4919,4959,-1,4959,4919,4921,-1,4959,4921,4960,-1,4960,4921,4922,-1,4960,4922,4962,-1,4962,4922,4997,-1,4962,4997,4964,-1,4964,4997,4999,-1,4964,4999,4965,-1,4965,4999,5001,-1,4965,5001,4995,-1,4995,5001,5034,-1,4995,5034,4996,-1,4996,5034,5038,-1,4996,5038,5032,-1,5032,5038,5066,-1,5032,5066,5033,-1,5033,5066,5217,-1,5033,5217,5065,-1,5065,5217,429,-1,5065,429,5207,-1,5207,429,428,-1,5207,428,5244,-1,5244,428,1189,-1,5244,1189,5253,-1,5253,1189,1191,-1,5253,1191,5254,-1,5254,1191,1193,-1,5254,1193,5255,-1,5255,1193,1195,-1,5255,1195,5256,-1,5256,1195,1197,-1,5256,1197,5257,-1,5257,1197,1199,-1,5257,1199,5258,-1,5258,1199,1201,-1,5258,1201,5259,-1,5259,1201,5246,-1,5259,5246,5260,-1,5248,5261,5249,-1,5249,5261,5262,-1,5249,5262,5263,-1,5264,5265,5266,-1,5266,5265,5267,-1,5268,5269,5270,-1,5270,5269,5271,-1,5270,5271,5272,-1,5272,5271,5273,-1,5272,5273,5274,-1,5274,5273,5275,-1,5274,5275,5276,-1,5276,5275,5277,-1,5276,5277,5278,-1,5278,5277,5279,-1,5278,5279,5280,-1,5280,5279,5281,-1,5280,5281,5282,-1,5282,5281,5283,-1,5282,5283,5284,-1,5284,5283,5285,-1,5284,5285,5286,-1,5286,5285,5266,-1,5286,5266,5250,-1,5250,5266,5267,-1,5250,5267,5251,-1,423,5268,5287,-1,5287,5268,5270,-1,5287,5270,5288,-1,5288,5270,5272,-1,5262,5289,5263,-1,5263,5289,5290,-1,5263,5290,5291,-1,5292,5293,5264,-1,423,422,5268,-1,5268,422,5294,-1,5268,5294,5269,-1,5269,5294,5295,-1,5269,5295,5271,-1,5264,5266,5292,-1,5292,5266,5285,-1,5292,5285,5296,-1,5296,5285,5283,-1,5296,5283,5297,-1,5297,5283,5281,-1,5297,5281,5298,-1,5298,5281,5279,-1,5298,5279,5299,-1,5299,5279,5277,-1,5299,5277,5300,-1,5300,5277,5275,-1,5300,5275,5301,-1,5301,5275,5273,-1,5301,5273,5302,-1,5302,5273,5271,-1,5302,5271,5303,-1,5303,5271,5295,-1,5303,5295,5304,-1,5304,5295,5305,-1,5305,5295,5294,-1,5305,5294,5306,-1,5306,5294,422,-1,5306,422,5307,-1,5307,422,424,-1,5307,424,5308,-1,5309,5310,5311,-1,5311,5310,5312,-1,5311,5312,5313,-1,5290,5314,5291,-1,5291,5314,5315,-1,5291,5315,5316,-1,5316,5315,5317,-1,5316,5317,5318,-1,5304,5319,5303,-1,5303,5319,5320,-1,5303,5320,5302,-1,5302,5320,5321,-1,5302,5321,5301,-1,5301,5321,5322,-1,5301,5322,5300,-1,5300,5322,5323,-1,5300,5323,5299,-1,5299,5323,5324,-1,5299,5324,5298,-1,5298,5324,5325,-1,5298,5325,5297,-1,5297,5325,5326,-1,5297,5326,5296,-1,5296,5326,421,-1,5296,421,5292,-1,5292,421,420,-1,5292,420,5293,-1,5327,5328,5329,-1,5329,5328,5330,-1,5329,5330,5331,-1,5331,5330,5332,-1,5331,5332,5333,-1,5333,5332,5334,-1,5333,5334,5335,-1,5335,5334,5336,-1,5335,5336,5337,-1,5337,5336,5338,-1,5337,5338,5339,-1,5340,5313,5341,-1,5341,5313,5312,-1,5341,5312,5342,-1,5342,5312,5310,-1,5342,5310,5343,-1,5344,5345,419,-1,419,421,5344,-1,5344,421,5326,-1,5344,5326,5346,-1,5346,5326,5325,-1,5346,5325,5347,-1,5347,5325,5324,-1,5347,5324,5348,-1,5348,5324,5323,-1,5348,5323,5349,-1,5349,5323,5322,-1,5349,5322,5350,-1,5350,5322,5321,-1,5350,5321,5351,-1,5351,5321,5320,-1,5351,5320,5352,-1,5352,5320,5319,-1,5352,5319,5353,-1,5354,5327,5355,-1,5355,5327,5329,-1,5355,5329,5356,-1,5356,5329,5331,-1,5356,5331,5357,-1,5357,5331,5333,-1,5357,5333,5358,-1,5358,5333,5335,-1,5358,5335,5359,-1,5359,5335,5337,-1,5359,5337,5360,-1,5360,5337,5339,-1,5360,5361,5359,-1,5359,5361,5362,-1,5359,5362,5358,-1,5358,5362,5363,-1,5358,5363,5357,-1,5357,5363,5364,-1,5357,5364,5356,-1,5356,5364,5365,-1,5356,5365,5355,-1,5355,5365,5366,-1,5355,5366,5354,-1,5367,5340,5368,-1,5368,5340,5341,-1,5368,5341,5369,-1,5369,5341,5342,-1,5369,5342,5370,-1,5370,5342,5343,-1,5370,5343,5371,-1,5372,5367,5373,-1,5373,5367,5368,-1,5373,5368,5374,-1,5374,5368,5369,-1,5374,5369,5375,-1,5375,5369,5370,-1,5375,5370,5376,-1,5376,5370,5371,-1,5317,5377,5318,-1,5318,5377,5378,-1,5318,5378,5379,-1,5380,5381,5382,-1,5382,5381,5383,-1,5366,5384,5354,-1,5354,5384,5353,-1,5354,5353,5327,-1,5327,5353,5319,-1,5327,5319,5328,-1,5328,5319,5304,-1,5328,5304,5330,-1,5330,5304,5305,-1,5330,5305,5332,-1,5332,5305,5306,-1,5332,5306,5334,-1,5334,5306,5307,-1,5334,5307,5336,-1,5336,5307,5308,-1,5336,5308,5338,-1,5384,5385,5353,-1,5353,5385,5386,-1,5353,5386,5352,-1,5352,5386,5387,-1,5352,5387,5351,-1,5351,5387,5388,-1,5351,5388,5350,-1,5350,5388,5389,-1,5350,5389,5349,-1,5349,5389,5390,-1,5349,5390,5348,-1,5348,5390,5391,-1,5348,5391,5347,-1,5347,5391,5392,-1,5347,5392,5346,-1,5346,5392,5382,-1,5346,5382,5344,-1,5344,5382,5383,-1,5344,5383,5345,-1,5393,5372,5394,-1,5394,5372,5373,-1,5394,5373,5395,-1,5395,5373,5374,-1,5395,5374,5396,-1,5396,5374,5375,-1,5396,5375,5397,-1,5397,5375,5376,-1,5397,5376,5398,-1,5398,5376,5371,-1,5398,5371,5399,-1,5378,5400,5379,-1,5379,5400,5401,-1,5379,5401,5402,-1,909,911,907,-1,907,911,5403,-1,907,5403,5380,-1,5380,5382,907,-1,907,5382,5392,-1,907,5392,913,-1,913,5392,5391,-1,913,5391,915,-1,915,5391,5390,-1,915,5390,920,-1,920,5390,5389,-1,920,5389,924,-1,924,5389,5388,-1,924,5388,927,-1,927,5388,5387,-1,927,5387,931,-1,931,5387,5386,-1,931,5386,929,-1,929,5386,5385,-1,929,5385,936,-1,416,418,1203,-1,1203,418,5404,-1,1203,5404,1205,-1,1205,5404,5405,-1,1205,5405,1207,-1,1207,5405,5406,-1,1207,5406,1209,-1,1209,5406,5407,-1,1209,5407,1211,-1,1211,5407,5408,-1,1211,5408,1213,-1,417,5393,418,-1,418,5393,5394,-1,418,5394,5404,-1,5404,5394,5395,-1,5404,5395,5405,-1,5405,5395,5396,-1,5405,5396,5406,-1,5406,5396,5397,-1,5406,5397,5407,-1,5407,5397,5398,-1,5407,5398,5408,-1,5408,5398,5399,-1,5408,5399,1213,-1,1213,5399,5409,-1,1213,5409,1214,-1,5401,5410,5402,-1,5402,5410,5411,-1,5402,5411,5412,-1,425,5413,5414,-1,5414,5413,5415,-1,5414,5415,5416,-1,5416,5415,5417,-1,5416,5417,5418,-1,5418,5417,5419,-1,5418,5419,5420,-1,5420,5419,5421,-1,5420,5421,5422,-1,5422,5421,5423,-1,5422,5423,5424,-1,5424,5423,5425,-1,5424,5425,5426,-1,5426,5425,5427,-1,5426,5427,5428,-1,5428,5427,5429,-1,5428,5429,5430,-1,5430,5429,5431,-1,5430,5431,5432,-1,5432,5431,5433,-1,5432,5433,5434,-1,5434,5433,5435,-1,5434,5435,5436,-1,5436,5435,5437,-1,5436,5437,895,-1,895,5437,900,-1,895,900,893,-1,893,900,902,-1,5413,5438,5415,-1,5415,5438,5439,-1,5415,5439,5417,-1,5417,5439,5440,-1,5417,5440,5419,-1,5419,5440,5441,-1,5419,5441,5421,-1,5421,5441,5442,-1,5421,5442,5423,-1,5423,5442,5443,-1,5423,5443,5425,-1,5425,5443,5444,-1,5425,5444,5427,-1,5427,5444,5445,-1,5427,5445,5429,-1,5429,5445,5446,-1,5429,5446,5431,-1,5431,5446,5447,-1,5431,5447,5433,-1,5433,5447,5448,-1,5433,5448,5435,-1,5435,5448,5449,-1,5435,5449,5437,-1,5437,5449,5450,-1,5437,5450,900,-1,900,5450,905,-1,900,905,898,-1,898,905,904,-1,5438,5252,5439,-1,5439,5252,5251,-1,5439,5251,5440,-1,5440,5251,5267,-1,5440,5267,5441,-1,5441,5267,5265,-1,5441,5265,5442,-1,5442,5265,5264,-1,5442,5264,5443,-1,5443,5264,5293,-1,5443,5293,5444,-1,5444,5293,420,-1,5444,420,5445,-1,5445,420,419,-1,5445,419,5446,-1,5446,419,5345,-1,5446,5345,5447,-1,5447,5345,5383,-1,5447,5383,5448,-1,5448,5383,5381,-1,5448,5381,5449,-1,5449,5381,5380,-1,5449,5380,5450,-1,5450,5380,5403,-1,5450,5403,905,-1,905,5403,911,-1,905,911,906,-1,906,911,910,-1,425,427,5413,-1,5413,427,5234,-1,5413,5234,5438,-1,5438,5234,5232,-1,5438,5232,5252,-1,5252,5232,5231,-1,5252,5231,5250,-1,5250,5231,5237,-1,5250,5237,5286,-1,5286,5237,5238,-1,5286,5238,5284,-1,5284,5238,5239,-1,5284,5239,5282,-1,5282,5239,5240,-1,5282,5240,5280,-1,5280,5240,5241,-1,5280,5241,5278,-1,5278,5241,5242,-1,5278,5242,5276,-1,5276,5242,5243,-1,5276,5243,5274,-1,5274,5243,5244,-1,5274,5244,5272,-1,5272,5244,5253,-1,5272,5253,5288,-1,5288,5253,5254,-1,5288,5254,5287,-1,5287,5254,5255,-1,5287,5255,423,-1,423,5255,5256,-1,423,5256,424,-1,424,5256,5257,-1,424,5257,5308,-1,5308,5257,5258,-1,5308,5258,5338,-1,5338,5258,5259,-1,5338,5259,5339,-1,5339,5259,5260,-1,5339,5260,5360,-1,5360,5260,5309,-1,5360,5309,5361,-1,5361,5309,5311,-1,5361,5311,5362,-1,5362,5311,5313,-1,5362,5313,5363,-1,5363,5313,5340,-1,5363,5340,5364,-1,5364,5340,5367,-1,5364,5367,5365,-1,5365,5367,5372,-1,5365,5372,5366,-1,5366,5372,5393,-1,5366,5393,5384,-1,5384,5393,417,-1,5384,417,5385,-1,5385,417,416,-1,5385,416,936,-1,936,416,1202,-1,936,1202,940,-1,940,1202,1204,-1,940,1204,944,-1,944,1204,1206,-1,944,1206,948,-1,948,1206,1208,-1,948,1208,952,-1,952,1208,1210,-1,952,1210,5451,-1,5451,1210,1212,-1,5451,1212,5452,-1,5452,1212,1214,-1,5452,1214,5453,-1,5453,1214,5409,-1,5453,5409,5454,-1,5411,5455,5412,-1,5412,5455,5456,-1,5412,5456,5457,-1,5202,5458,5203,-1,5203,5458,5459,-1,5203,5459,5460,-1,5460,5459,5461,-1,5460,5461,5462,-1,5462,5461,5463,-1,5462,5463,5464,-1,5464,5463,5465,-1,5464,5465,5466,-1,5466,5465,5467,-1,5466,5467,5468,-1,5468,5467,5469,-1,5468,5469,5470,-1,5470,5469,5471,-1,5470,5471,5472,-1,5472,5471,5473,-1,5472,5473,5474,-1,5474,5473,5475,-1,5474,5475,5476,-1,5476,5475,5477,-1,5476,5477,5478,-1,5478,5477,5479,-1,5478,5479,5480,-1,5480,5479,5481,-1,5480,5481,5482,-1,5482,5481,5483,-1,5482,5483,5484,-1,5484,5483,5485,-1,5484,5485,5486,-1,5486,5485,5487,-1,5486,5487,5488,-1,5488,5487,5489,-1,5488,5489,5490,-1,5490,5489,5491,-1,5490,5491,5492,-1,5492,5491,891,-1,5492,891,1223,-1,1223,891,883,-1,1223,883,1221,-1,1221,883,888,-1,897,889,895,-1,895,889,891,-1,895,891,5436,-1,5436,891,5491,-1,5436,5491,5434,-1,5434,5491,5489,-1,5434,5489,5432,-1,5432,5489,5487,-1,5432,5487,5430,-1,5430,5487,5485,-1,5430,5485,5428,-1,5428,5485,5483,-1,5428,5483,5426,-1,5426,5483,5481,-1,5426,5481,5424,-1,5424,5481,5479,-1,5424,5479,5422,-1,5422,5479,5477,-1,5422,5477,5420,-1,5420,5477,5475,-1,5420,5475,5418,-1,5418,5475,5473,-1,5418,5473,5416,-1,5416,5473,5471,-1,5416,5471,5414,-1,5414,5471,5469,-1,5414,5469,425,-1,425,5469,5467,-1,425,5467,426,-1,426,5467,5465,-1,426,5465,5204,-1,5204,5465,5463,-1,5204,5463,1186,-1,1186,5463,5461,-1,1186,5461,1187,-1,1187,5461,5459,-1,1187,5459,5052,-1,5052,5459,5458,-1,5052,5458,431,-1,431,5458,5202,-1,431,5202,432,-1,432,5202,5200,-1,432,5200,434,-1,434,5200,5198,-1,434,5198,435,-1,435,5198,5196,-1,435,5196,4975,-1,4975,5196,5194,-1,4975,5194,4940,-1,4940,5194,5192,-1,4940,5192,437,-1,437,5192,5190,-1,437,5190,438,-1,438,5190,5188,-1,438,5188,440,-1,440,5188,5186,-1,440,5186,441,-1,441,5186,5184,-1,441,5184,4874,-1,4874,5184,5182,-1,4874,5182,4840,-1,4840,5182,5180,-1,4840,5180,4841,-1,4841,5180,5178,-1,4841,5178,4805,-1,4805,5178,5176,-1,4805,5176,4806,-1,4806,5176,5174,-1,4806,5174,4770,-1,4770,5174,5172,-1,4770,5172,4771,-1,4771,5172,5170,-1,4771,5170,4735,-1,4735,5170,5168,-1,4735,5168,4736,-1,4736,5168,5166,-1,4736,5166,4715,-1,4715,5166,5164,-1,4715,5164,4716,-1,4716,5164,5162,-1,4716,5162,4690,-1,4690,5162,5160,-1,4690,5160,446,-1,446,5160,5158,-1,446,5158,447,-1,447,5158,5156,-1,447,5156,4663,-1,4663,5156,5154,-1,4663,5154,4622,-1,4622,5154,5152,-1,4622,5152,449,-1,449,5152,5150,-1,449,5150,450,-1,450,5150,5148,-1,450,5148,4584,-1,4584,5148,5146,-1,4584,5146,4574,-1,4574,5146,5144,-1,4574,5144,4530,-1,4530,5144,5142,-1,4530,5142,4531,-1,4531,5142,5140,-1,4531,5140,4511,-1,4511,5140,5138,-1,4511,5138,455,-1,455,5138,5136,-1,455,5136,456,-1,456,5136,5134,-1,456,5134,461,-1,461,5134,5132,-1,461,5132,462,-1,462,5132,5130,-1,462,5130,4461,-1,4461,5130,5128,-1,4461,5128,4420,-1,4420,5128,5126,-1,4420,5126,464,-1,464,5126,5124,-1,464,5124,465,-1,465,5124,5122,-1,465,5122,4359,-1,4359,5122,5120,-1,4359,5120,467,-1,467,5120,5118,-1,467,5118,468,-1,468,5118,5116,-1,468,5116,4327,-1,4327,5116,5114,-1,4327,5114,4308,-1,4308,5114,5112,-1,4308,5112,473,-1,473,5112,5110,-1,473,5110,474,-1,474,5110,5108,-1,474,5108,479,-1,479,5108,5106,-1,479,5106,4257,-1,4257,5106,5104,-1,4257,5104,4233,-1,4233,5104,5102,-1,4233,5102,484,-1,484,5102,5100,-1,484,5100,485,-1,485,5100,5098,-1,485,5098,4206,-1,4206,5098,5096,-1,4206,5096,4165,-1,4165,5096,5094,-1,4165,5094,487,-1,487,5094,5092,-1,487,5092,488,-1,488,5092,5090,-1,488,5090,4127,-1,4127,5090,5088,-1,4127,5088,4105,-1,4105,5088,5086,-1,4105,5086,4106,-1,4106,5086,4101,-1,4106,4101,4057,-1,4057,4101,4044,-1,4057,4044,4058,-1,4058,4044,4043,-1,4058,4043,760,-1,760,4043,4018,-1,760,4018,758,-1,758,4018,4017,-1,758,4017,496,-1,496,4017,4015,-1,496,4015,497,-1,497,4015,4013,-1,497,4013,3985,-1,3985,4013,4011,-1,3985,4011,3986,-1,3986,4011,4010,-1,3986,4010,3987,-1,3987,4010,4033,-1,3987,4033,3988,-1,3988,4033,4032,-1,3988,4032,3989,-1,3989,4032,4094,-1,3989,4094,3990,-1,3990,4094,5077,-1,3990,5077,3991,-1,965,955,960,-1,960,955,5493,-1,960,5493,1217,-1,1217,5493,5494,-1,1217,5494,1219,-1,950,952,957,-1,957,952,5451,-1,957,5451,955,-1,955,5451,5452,-1,955,5452,5493,-1,5493,5452,5453,-1,5493,5453,5494,-1,5494,5453,5454,-1,5494,5454,1219,-1,1219,5454,5495,-1,1219,5495,1220,-1,5456,5496,5457,-1,5457,5496,5497,-1,5457,5497,5498,-1,5499,5500,5501,-1,5501,5500,5502,-1,5501,5502,5503,-1,5503,5502,5504,-1,989,983,990,-1,990,983,985,-1,990,985,5505,-1,5505,985,981,-1,5505,981,5506,-1,5506,981,979,-1,5506,979,5507,-1,5507,979,1215,-1,5507,1215,5508,-1,5508,1215,1216,-1,5508,1216,5509,-1,5509,1216,1218,-1,5509,1218,5510,-1,5510,1218,1220,-1,5510,1220,5511,-1,5511,1220,5495,-1,5511,5495,5512,-1,1228,5513,1229,-1,1229,5513,5498,-1,1229,5498,5514,-1,5514,5498,5497,-1,1106,1105,3238,-1,3238,1105,3443,-1,3238,3443,3271,-1,3271,3443,3444,-1,3271,3444,3272,-1,3272,3444,3445,-1,3272,3445,3274,-1,3274,3445,3446,-1,3274,3446,3352,-1,3352,3446,3447,-1,3352,3447,3353,-1,3353,3447,3448,-1,3353,3448,3378,-1,3378,3448,3449,-1,3378,3449,3379,-1,3379,3449,3450,-1,3379,3450,3412,-1,3412,3450,3451,-1,3412,3451,3413,-1,3413,3451,3452,-1,3413,3452,3415,-1,3415,3452,3442,-1,3415,3442,3485,-1,3485,3442,3441,-1,3485,3441,3486,-1,3486,3441,3475,-1,3486,3475,3522,-1,3522,3475,3474,-1,3522,3474,3523,-1,3523,3474,3498,-1,3523,3498,3559,-1,3559,3498,512,-1,3559,512,3560,-1,3560,512,511,-1,3560,511,3581,-1,3581,511,3790,-1,3581,3790,3582,-1,3582,3790,3791,-1,3582,3791,3615,-1,3615,3791,3792,-1,3615,3792,3616,-1,3616,3792,3793,-1,3616,3793,3618,-1,3618,3793,3794,-1,3618,3794,3696,-1,3696,3794,3795,-1,3696,3795,3697,-1,3697,3795,3796,-1,3697,3796,3724,-1,3724,3796,3797,-1,3724,3797,3725,-1,3725,3797,3798,-1,3725,3798,3760,-1,3760,3798,3799,-1,3760,3799,3761,-1,3761,3799,3800,-1,3761,3800,3763,-1,3763,3800,3789,-1,3763,3789,3831,-1,3831,3789,503,-1,3831,503,3832,-1,3832,503,502,-1,3832,502,3852,-1,3852,502,3822,-1,3852,3822,3853,-1,3853,3822,3846,-1,3853,3846,3902,-1,3902,3846,3845,-1,3902,3845,3903,-1,3903,3845,3883,-1,3903,3883,3954,-1,3954,3883,3882,-1,3954,3882,3955,-1,3955,3882,3925,-1,3955,3925,3971,-1,3971,3925,3924,-1,3971,3924,3972,-1,3972,3924,3991,-1,3972,3991,3974,-1,3974,3991,5077,-1,3974,5077,4029,-1,4029,5077,5078,-1,4029,5078,4030,-1,4030,5078,5079,-1,4030,5079,4054,-1,4054,5079,5080,-1,4054,5080,4055,-1,4055,5080,5081,-1,4055,5081,4089,-1,4089,5081,5082,-1,4089,5082,4090,-1,4090,5082,5083,-1,4090,5083,4092,-1,4092,5083,5084,-1,4092,5084,4155,-1,4155,5084,5085,-1,4155,5085,4156,-1,4156,5085,5087,-1,4156,5087,4197,-1,4197,5087,5089,-1,4197,5089,4198,-1,4198,5089,5091,-1,4198,5091,4223,-1,4223,5091,5093,-1,4223,5093,4224,-1,4224,5093,5095,-1,4224,5095,4248,-1,4248,5095,5097,-1,4248,5097,4249,-1,4249,5097,5099,-1,4249,5099,4266,-1,4266,5099,5101,-1,4266,5101,4267,-1,4267,5101,5103,-1,4267,5103,4269,-1,4269,5103,5105,-1,4269,5105,4318,-1,4318,5105,5107,-1,4318,5107,4319,-1,4319,5107,5109,-1,4319,5109,4349,-1,4349,5109,5111,-1,4349,5111,4350,-1,4350,5111,5113,-1,4350,5113,4380,-1,4380,5113,5115,-1,4380,5115,4381,-1,4381,5115,5117,-1,4381,5117,4383,-1,4383,5117,5119,-1,4383,5119,4452,-1,4452,5119,5121,-1,4452,5121,4453,-1,4453,5121,5123,-1,4453,5123,4478,-1,4478,5123,5125,-1,4478,5125,4479,-1,4479,5125,5127,-1,4479,5127,4501,-1,4501,5127,5129,-1,4501,5129,4502,-1,4502,5129,5131,-1,4502,5131,4520,-1,4520,5131,5133,-1,4520,5133,4521,-1,4521,5133,5135,-1,4521,5135,4556,-1,4556,5135,5137,-1,4556,5137,4557,-1,4557,5137,5139,-1,4557,5139,4559,-1,4559,5139,5141,-1,4559,5141,4612,-1,4612,5141,5143,-1,4612,5143,4613,-1,4613,5143,5145,-1,4613,5145,4654,-1,4654,5145,5147,-1,4654,5147,4655,-1,4655,5147,5149,-1,4655,5149,4680,-1,4680,5149,5151,-1,4680,5151,4681,-1,4681,5151,5153,-1,4681,5153,4705,-1,4705,5153,5155,-1,4705,5155,4706,-1,4706,5155,5157,-1,4706,5157,4725,-1,4725,5157,5159,-1,4725,5159,4726,-1,4726,5159,5161,-1,4726,5161,4760,-1,4760,5161,5163,-1,4760,5163,4761,-1,4761,5163,5165,-1,4761,5165,4795,-1,4795,5165,5167,-1,4795,5167,4796,-1,4796,5167,5169,-1,4796,5169,4830,-1,4830,5169,5171,-1,4830,5171,4831,-1,4831,5171,5173,-1,4831,5173,4865,-1,4865,5173,5175,-1,4865,5175,4866,-1,4866,5175,5177,-1,4866,5177,4898,-1,4898,5177,5179,-1,4898,5179,4899,-1,4899,5179,5181,-1,4899,5181,4930,-1,4930,5181,5183,-1,4930,5183,4931,-1,4931,5183,5185,-1,4931,5185,4966,-1,4966,5185,5187,-1,4966,5187,4967,-1,4967,5187,5189,-1,4967,5189,5002,-1,5002,5189,5191,-1,5002,5191,5003,-1,5003,5191,5193,-1,5003,5193,5042,-1,5042,5193,5195,-1,5042,5195,5043,-1,5043,5195,5197,-1,5043,5197,5072,-1,5072,5197,5199,-1,5072,5199,5073,-1,5073,5199,5201,-1,5073,5201,5075,-1,5075,5201,5203,-1,5075,5203,5247,-1,5247,5203,5460,-1,5247,5460,5248,-1,5248,5460,5462,-1,5248,5462,5261,-1,5261,5462,5464,-1,5261,5464,5262,-1,5262,5464,5466,-1,5262,5466,5289,-1,5289,5466,5468,-1,5289,5468,5290,-1,5290,5468,5470,-1,5290,5470,5314,-1,5314,5470,5472,-1,5314,5472,5315,-1,5315,5472,5474,-1,5315,5474,5317,-1,5317,5474,5476,-1,5317,5476,5377,-1,5377,5476,5478,-1,5377,5478,5378,-1,5378,5478,5480,-1,5378,5480,5400,-1,5400,5480,5482,-1,5400,5482,5401,-1,5401,5482,5484,-1,5401,5484,5410,-1,5410,5484,5486,-1,5410,5486,5411,-1,5411,5486,5488,-1,5411,5488,5455,-1,5455,5488,5490,-1,5455,5490,5456,-1,5456,5490,5492,-1,5456,5492,5496,-1,5496,5492,1223,-1,5496,1223,5497,-1,5497,1223,1224,-1,5497,1224,5514,-1,5514,1224,1225,-1,5514,1225,1229,-1,1229,1225,1226,-1,5515,5516,5517,-1,5517,5516,5518,-1,5517,5518,5519,-1,5519,5518,5520,-1,5519,5520,5521,-1,5521,5520,5522,-1,5521,5522,5523,-1,5523,5522,5524,-1,5525,5526,5527,-1,5527,5526,5528,-1,5527,5528,5529,-1,5529,5528,5530,-1,5529,5530,5531,-1,5531,5530,5532,-1,5531,5532,5533,-1,5533,5532,5534,-1,5533,5534,5535,-1,5535,5534,5536,-1,5535,5536,5537,-1,5537,5536,5538,-1,5537,5538,5539,-1,5500,1012,5502,-1,5502,1012,1017,-1,5502,1017,5504,-1,5504,1017,1009,-1,5504,1009,5540,-1,5540,1009,1004,-1,5540,1004,5541,-1,5541,1004,1001,-1,5541,1001,5542,-1,5542,1001,996,-1,5542,996,5543,-1,5543,996,998,-1,5543,998,5544,-1,5544,998,994,-1,5544,994,5545,-1,5545,994,992,-1,5545,992,5546,-1,5546,992,990,-1,5546,990,5525,-1,5525,990,5505,-1,5525,5505,5526,-1,5526,5505,5506,-1,5526,5506,5528,-1,5528,5506,5507,-1,5528,5507,5530,-1,5530,5507,5508,-1,5530,5508,5532,-1,5532,5508,5509,-1,5532,5509,5534,-1,5534,5509,5510,-1,5534,5510,5536,-1,5536,5510,5511,-1,5536,5511,5538,-1,5538,5511,5512,-1,5538,5512,5539,-1,5539,5512,5547,-1,5548,5513,5549,-1,5549,5513,1228,-1,5549,1228,5550,-1,5550,1228,1226,-1,5550,1226,5551,-1,5551,1226,1227,-1,5551,1227,5552,-1,5552,1227,1029,-1,5552,1029,791,-1,791,1029,1030,-1,791,1030,789,-1,5553,5554,5555,-1,5555,5554,5556,-1,5555,5556,5557,-1,5557,5556,5558,-1,5557,5558,5559,-1,5559,5558,5560,-1,5559,5560,5561,-1,5561,5560,1026,-1,5561,1026,1021,-1,1021,1026,1025,-1,1021,1025,1023,-1,5562,5563,5564,-1,5564,5563,5565,-1,5564,5565,5566,-1,5566,5565,5567,-1,5566,5567,5568,-1,5568,5567,5569,-1,5568,5569,5570,-1,5570,5569,5571,-1,5570,5571,5572,-1,5572,5571,5573,-1,5572,5573,5574,-1,5574,5573,5575,-1,5576,5577,5578,-1,5578,5577,5579,-1,5578,5579,5580,-1,5580,5579,5581,-1,5580,5581,5582,-1,5582,5581,5583,-1,5582,5583,5584,-1,5584,5583,5585,-1,5584,5585,5586,-1,5586,5585,5587,-1,5586,5587,5588,-1,5588,5587,5589,-1,5588,5589,5590,-1,5516,5499,5518,-1,5518,5499,5501,-1,5518,5501,5520,-1,5520,5501,5503,-1,5520,5503,5522,-1,5522,5503,5504,-1,5522,5504,5524,-1,5524,5504,5540,-1,5524,5540,5591,-1,5591,5540,5541,-1,5591,5541,5592,-1,5592,5541,5542,-1,5592,5542,5593,-1,5593,5542,5543,-1,5593,5543,5594,-1,5594,5543,5544,-1,5594,5544,5595,-1,5595,5544,5545,-1,5595,5545,5596,-1,5596,5545,5546,-1,5596,5546,5597,-1,5597,5546,5525,-1,5597,5525,5576,-1,5576,5525,5527,-1,5576,5527,5577,-1,5577,5527,5529,-1,5577,5529,5579,-1,5579,5529,5531,-1,5579,5531,5581,-1,5581,5531,5533,-1,5581,5533,5583,-1,5583,5533,5535,-1,5583,5535,5585,-1,5585,5535,5537,-1,5585,5537,5587,-1,5587,5537,5539,-1,5587,5539,5589,-1,5589,5539,5547,-1,5589,5547,5590,-1,5590,5547,5598,-1,790,1024,791,-1,791,1024,1026,-1,791,1026,5552,-1,5552,1026,5560,-1,5552,5560,5551,-1,5551,5560,5558,-1,5551,5558,5550,-1,5550,5558,5556,-1,5550,5556,5549,-1,5549,5556,5554,-1,5549,5554,5548,-1,5548,5554,5553,-1,5548,5553,5599,-1,5600,5601,5602,-1,5602,5601,5603,-1,5602,5603,5604,-1,5604,5603,5605,-1,5604,5605,5606,-1,5606,5605,5607,-1,5606,5607,5608,-1,5608,5607,5609,-1,5608,5609,5610,-1,5610,5609,5611,-1,5610,5611,5612,-1,5612,5611,5613,-1,5612,5613,5614,-1,5615,5616,5617,-1,5617,5616,5618,-1,5617,5618,5619,-1,5619,5618,5620,-1,5619,5620,5621,-1,5621,5620,5622,-1,5621,5622,5623,-1,5623,5622,5624,-1,5623,5624,5625,-1,5625,5624,5626,-1,5625,5626,5627,-1,5627,5626,5628,-1,5627,5628,5629,-1,5563,5515,5565,-1,5565,5515,5517,-1,5565,5517,5567,-1,5567,5517,5519,-1,5567,5519,5569,-1,5569,5519,5521,-1,5569,5521,5571,-1,5571,5521,5523,-1,5571,5523,5573,-1,5573,5523,5524,-1,5573,5524,5575,-1,5575,5524,5591,-1,5575,5591,5630,-1,5630,5591,5592,-1,5630,5592,5631,-1,5631,5592,5593,-1,5631,5593,5632,-1,5632,5593,5594,-1,5632,5594,5633,-1,5633,5594,5595,-1,5633,5595,5634,-1,5634,5595,5596,-1,5634,5596,5635,-1,5635,5596,5597,-1,5635,5597,5636,-1,5636,5597,5576,-1,5636,5576,5615,-1,5615,5576,5578,-1,5615,5578,5616,-1,5616,5578,5580,-1,5616,5580,5618,-1,5618,5580,5582,-1,5618,5582,5620,-1,5620,5582,5584,-1,5620,5584,5622,-1,5622,5584,5586,-1,5622,5586,5624,-1,5624,5586,5588,-1,5624,5588,5626,-1,5626,5588,5590,-1,5626,5590,5628,-1,5628,5590,5598,-1,5628,5598,5629,-1,5629,5598,5637,-1,5638,5639,5640,-1,5640,5639,5641,-1,5640,5641,5642,-1,5642,5641,5643,-1,5642,5643,5644,-1,5644,5643,5645,-1,5644,5645,5646,-1,5646,5645,5647,-1,5646,5647,5648,-1,5648,5647,5649,-1,5648,5649,5650,-1,5650,5649,5651,-1,5650,5651,5652,-1,5653,5652,5637,-1,5637,5652,5651,-1,5637,5651,5629,-1,5629,5651,5649,-1,5629,5649,5627,-1,5627,5649,5647,-1,5627,5647,5625,-1,5625,5647,5645,-1,5625,5645,5623,-1,5623,5645,5643,-1,5623,5643,5621,-1,5621,5643,5641,-1,5621,5641,5619,-1,5619,5641,5639,-1,5619,5639,5617,-1,5617,5639,5638,-1,5617,5638,5615,-1,5615,5638,5654,-1,5615,5654,5636,-1,5636,5654,5655,-1,5636,5655,5635,-1,5635,5655,5656,-1,5635,5656,5634,-1,5634,5656,5657,-1,5634,5657,5633,-1,5633,5657,5658,-1,5633,5658,5632,-1,5632,5658,5659,-1,5632,5659,5631,-1,5631,5659,5660,-1,5631,5660,5630,-1,5630,5660,5600,-1,5630,5600,5575,-1,5575,5600,5602,-1,5575,5602,5574,-1,5574,5602,5604,-1,5574,5604,5572,-1,5572,5604,5606,-1,5572,5606,5570,-1,5570,5606,5608,-1,5570,5608,5568,-1,5568,5608,5610,-1,5568,5610,5566,-1,5566,5610,5612,-1,5566,5612,5564,-1,5564,5612,5614,-1,5564,5614,5562,-1,5661,5662,5663,-1,413,415,5664,-1,5664,415,5665,-1,5664,5665,5666,-1,5666,5665,5667,-1,5666,5667,5668,-1,5669,5668,5670,-1,5670,5668,5667,-1,5670,5667,5671,-1,5671,5667,5665,-1,5671,5665,5672,-1,5672,5665,415,-1,5672,415,5673,-1,5673,415,414,-1,5673,414,5674,-1,5675,412,5676,-1,5676,412,411,-1,5676,411,5677,-1,406,403,5678,-1,5678,403,405,-1,5678,405,402,-1,1444,1417,1570,-1,1570,1417,5679,-1,1570,5679,1569,-1,1569,5679,5680,-1,1569,5680,1568,-1,1568,5680,5681,-1,1568,5681,5682,-1,5682,5681,5683,-1,5682,5683,5684,-1,5684,5683,5685,-1,5684,5685,5686,-1,5686,5685,5687,-1,5686,5687,5688,-1,5688,5687,5689,-1,5688,5689,5690,-1,5690,5689,5691,-1,5690,5691,5692,-1,5692,5691,5693,-1,5692,5693,5694,-1,5694,5693,5695,-1,5694,5695,5696,-1,5696,5695,5697,-1,5696,5697,5698,-1,5698,5697,5699,-1,5698,5699,5700,-1,5700,5699,5701,-1,5700,5701,5702,-1,5702,5701,5703,-1,5702,5703,5704,-1,5704,5703,5705,-1,5704,5705,5706,-1,5706,5705,5707,-1,5706,5707,5708,-1,5708,5707,5709,-1,5708,5709,5710,-1,5710,5709,5711,-1,5710,5711,5712,-1,5712,5711,5713,-1,5712,5713,5714,-1,5714,5713,5715,-1,5714,5715,5716,-1,5716,5715,5717,-1,5716,5717,5718,-1,5718,5717,5719,-1,5718,5719,5720,-1,5720,5719,5721,-1,5720,5721,5722,-1,5722,5721,5723,-1,5722,5723,5724,-1,5724,5723,5725,-1,5724,5725,5726,-1,5726,5725,5727,-1,5726,5727,5728,-1,5728,5727,5729,-1,5728,5729,5730,-1,5730,5729,5731,-1,5730,5731,5732,-1,5732,5731,5733,-1,5732,5733,5734,-1,5734,5733,5735,-1,5734,5735,5736,-1,5736,5735,5737,-1,5736,5737,5738,-1,5738,5737,5739,-1,5738,5739,5740,-1,5740,5739,5741,-1,5740,5741,5742,-1,5742,5741,5743,-1,5742,5743,5744,-1,5744,5743,5745,-1,5744,5745,5746,-1,5746,5745,5747,-1,5746,5747,5748,-1,5748,5747,5749,-1,5748,5749,5750,-1,5750,5749,5751,-1,5750,5751,5752,-1,5752,5751,5753,-1,5752,5753,5754,-1,5754,5753,5755,-1,5754,5755,5756,-1,5756,5755,5757,-1,5756,5757,5758,-1,5758,5757,5759,-1,5758,5759,5760,-1,5760,5759,5761,-1,5760,5761,5762,-1,5762,5761,5763,-1,5762,5763,5764,-1,5764,5763,5765,-1,5764,5765,5766,-1,5766,5765,5767,-1,5766,5767,5768,-1,5768,5767,5769,-1,5768,5769,5770,-1,5770,5769,5771,-1,5770,5771,5772,-1,5772,5771,5773,-1,5772,5773,5774,-1,5774,5773,5775,-1,5774,5775,5776,-1,5776,5775,5777,-1,5776,5777,5778,-1,5778,5777,5779,-1,5778,5779,5780,-1,5780,5779,5781,-1,5780,5781,5782,-1,5782,5781,5783,-1,5782,5783,5784,-1,5784,5783,5785,-1,5784,5785,5786,-1,5786,5785,5787,-1,5786,5787,5788,-1,5788,5787,5789,-1,5788,5789,5790,-1,5790,5789,5791,-1,5790,5791,5792,-1,5792,5791,5793,-1,5792,5793,5794,-1,5794,5793,5795,-1,5794,5795,5796,-1,5796,5795,5797,-1,5796,5797,5798,-1,5798,5797,5799,-1,5798,5799,5800,-1,5800,5799,5801,-1,5800,5801,5802,-1,5802,5801,5803,-1,5802,5803,5804,-1,5804,5803,5805,-1,5804,5805,5806,-1,5806,5805,5807,-1,5806,5807,5808,-1,5808,5807,5809,-1,5808,5809,5810,-1,5810,5809,5811,-1,5810,5811,5812,-1,5812,5811,5813,-1,5812,5813,5814,-1,5814,5813,5815,-1,5814,5815,5816,-1,5816,5815,5817,-1,5816,5817,5818,-1,5818,5817,5819,-1,5818,5819,5820,-1,5820,5819,5821,-1,5820,5821,5822,-1,5822,5821,5823,-1,5822,5823,5824,-1,5824,5823,5825,-1,5824,5825,5826,-1,5826,5825,5827,-1,5826,5827,5828,-1,5828,5827,5829,-1,5828,5829,5830,-1,5830,5829,5831,-1,5830,5831,5832,-1,5832,5831,5833,-1,5832,5833,5834,-1,5834,5833,5835,-1,5834,5835,5836,-1,5836,5835,5837,-1,5836,5837,5838,-1,5838,5837,5839,-1,5838,5839,5840,-1,5840,5839,5841,-1,5840,5841,5842,-1,5842,5841,5843,-1,5842,5843,5844,-1,5844,5843,5845,-1,5844,5845,5846,-1,5846,5845,5847,-1,5846,5847,5848,-1,5848,5847,5849,-1,5848,5849,5850,-1,5850,5849,5851,-1,5850,5851,5852,-1,5852,5851,5853,-1,5852,5853,5854,-1,5854,5853,5855,-1,5854,5855,5856,-1,5856,5855,5857,-1,5856,5857,5858,-1,5858,5857,5859,-1,5858,5859,5860,-1,5860,5859,5861,-1,5860,5861,5862,-1,5862,5861,5863,-1,5862,5863,5864,-1,5864,5863,5865,-1,5864,5865,5866,-1,5866,5865,5867,-1,5866,5867,5868,-1,5868,5867,5869,-1,5868,5869,5870,-1,5870,5869,5871,-1,5870,5871,5872,-1,5872,5871,5873,-1,5872,5873,5874,-1,5874,5873,5875,-1,5874,5875,5876,-1,5876,5875,5877,-1,5876,5877,5878,-1,5878,5877,5879,-1,5878,5879,5880,-1,5880,5879,5881,-1,5880,5881,5882,-1,5882,5881,5883,-1,5882,5883,5884,-1,5884,5883,5885,-1,5884,5885,5886,-1,5886,5885,5887,-1,5886,5887,5888,-1,5888,5887,5889,-1,5888,5889,5890,-1,5890,5889,5891,-1,5890,5891,5892,-1,5892,5891,5893,-1,5892,5893,5894,-1,5894,5893,5895,-1,5894,5895,5896,-1,5896,5895,5897,-1,5896,5897,5898,-1,5898,5897,5899,-1,5898,5899,5900,-1,5900,5899,5901,-1,5900,5901,5902,-1,5902,5901,5903,-1,5902,5903,5904,-1,5904,5903,5905,-1,5904,5905,5906,-1,5906,5905,5907,-1,5906,5907,5908,-1,5908,5907,5909,-1,5908,5909,5910,-1,5910,5909,5911,-1,5910,5911,5912,-1,5912,5911,5913,-1,5912,5913,5914,-1,5914,5913,5915,-1,5914,5915,5916,-1,5916,5915,5917,-1,5916,5917,5918,-1,5918,5917,5919,-1,5918,5919,5920,-1,5920,5919,5921,-1,5920,5921,5922,-1,5922,5921,5923,-1,5922,5923,5924,-1,5924,5923,5925,-1,5924,5925,5926,-1,5926,5925,5927,-1,5926,5927,5928,-1,5928,5927,5929,-1,5928,5929,391,-1,391,5929,392,-1,5930,392,5931,-1,5931,392,5929,-1,5931,5929,5932,-1,5932,5929,5927,-1,5932,5927,5933,-1,5933,5927,5925,-1,5933,5925,5934,-1,5934,5925,5923,-1,5934,5923,5935,-1,5935,5923,5921,-1,5935,5921,5936,-1,5936,5921,5919,-1,5936,5919,5937,-1,5937,5919,5917,-1,5937,5917,5938,-1,5938,5917,5915,-1,5938,5915,5939,-1,5939,5915,5913,-1,5939,5913,5940,-1,5940,5913,5911,-1,5940,5911,5941,-1,5941,5911,5909,-1,5941,5909,5942,-1,5942,5909,5907,-1,5942,5907,5943,-1,5943,5907,5905,-1,5943,5905,5944,-1,5944,5905,5903,-1,5944,5903,5945,-1,5945,5903,5901,-1,5945,5901,5946,-1,5946,5901,5899,-1,5946,5899,5947,-1,5947,5899,5897,-1,5947,5897,5948,-1,5948,5897,5895,-1,5948,5895,5949,-1,5949,5895,5893,-1,5949,5893,5950,-1,5950,5893,5891,-1,5950,5891,5951,-1,5951,5891,5889,-1,5951,5889,5952,-1,5952,5889,5887,-1,5952,5887,5953,-1,5953,5887,5885,-1,5953,5885,5954,-1,5954,5885,5883,-1,5954,5883,5955,-1,5955,5883,5881,-1,5955,5881,5956,-1,5956,5881,5879,-1,5956,5879,5957,-1,5957,5879,5877,-1,5957,5877,5958,-1,5958,5877,5875,-1,5958,5875,5959,-1,5959,5875,5873,-1,5959,5873,5960,-1,5960,5873,5871,-1,5960,5871,5961,-1,5961,5871,5869,-1,5961,5869,5962,-1,5962,5869,5867,-1,5962,5867,5963,-1,5963,5867,5865,-1,5963,5865,5964,-1,5964,5865,5863,-1,5964,5863,5965,-1,5965,5863,5861,-1,5965,5861,5966,-1,5966,5861,5859,-1,5966,5859,5967,-1,5967,5859,5857,-1,5967,5857,5968,-1,5968,5857,5855,-1,5968,5855,5969,-1,5969,5855,5853,-1,5969,5853,5970,-1,5970,5853,5851,-1,5970,5851,5971,-1,5971,5851,5849,-1,5971,5849,5972,-1,5972,5849,5847,-1,5972,5847,5973,-1,5973,5847,5845,-1,5973,5845,5974,-1,5974,5845,5843,-1,5974,5843,5975,-1,5975,5843,5841,-1,5975,5841,5976,-1,5976,5841,5839,-1,5976,5839,5977,-1,5977,5839,5837,-1,5977,5837,5978,-1,5978,5837,5835,-1,5978,5835,5979,-1,5979,5835,5833,-1,5979,5833,5980,-1,5980,5833,5831,-1,5980,5831,5981,-1,5981,5831,5829,-1,5981,5829,5982,-1,5982,5829,5827,-1,5982,5827,5983,-1,5983,5827,5825,-1,5983,5825,5984,-1,5984,5825,5823,-1,5984,5823,5985,-1,5985,5823,5821,-1,5985,5821,5986,-1,5986,5821,5819,-1,5986,5819,5987,-1,5987,5819,5817,-1,5987,5817,5988,-1,5988,5817,5815,-1,5988,5815,5989,-1,5989,5815,5813,-1,5989,5813,5990,-1,5990,5813,5811,-1,5990,5811,5991,-1,5991,5811,5809,-1,5991,5809,5992,-1,5992,5809,5807,-1,5992,5807,5993,-1,5993,5807,5805,-1,5993,5805,5994,-1,5994,5805,5803,-1,5994,5803,5995,-1,5995,5803,5801,-1,5995,5801,5996,-1,5996,5801,5799,-1,5996,5799,5997,-1,5997,5799,5797,-1,5997,5797,5998,-1,5998,5797,5795,-1,5998,5795,5999,-1,5999,5795,5793,-1,5999,5793,6000,-1,6000,5793,5791,-1,6000,5791,6001,-1,6001,5791,5789,-1,6001,5789,6002,-1,6002,5789,5787,-1,6002,5787,6003,-1,6003,5787,5785,-1,6003,5785,6004,-1,6004,5785,5783,-1,6004,5783,6005,-1,6005,5783,5781,-1,6005,5781,6006,-1,6006,5781,5779,-1,6006,5779,6007,-1,6007,5779,5777,-1,6007,5777,6008,-1,6008,5777,5775,-1,6008,5775,6009,-1,6009,5775,5773,-1,6009,5773,6010,-1,6010,5773,5771,-1,6010,5771,6011,-1,6011,5771,5769,-1,6011,5769,6012,-1,6012,5769,5767,-1,6012,5767,6013,-1,6013,5767,5765,-1,6013,5765,6014,-1,6014,5765,5763,-1,6014,5763,6015,-1,6015,5763,5761,-1,6015,5761,6016,-1,6016,5761,5759,-1,6016,5759,6017,-1,6017,5759,5757,-1,6017,5757,6018,-1,6018,5757,5755,-1,6018,5755,6019,-1,6019,5755,5753,-1,6019,5753,6020,-1,6020,5753,5751,-1,6020,5751,6021,-1,6021,5751,5749,-1,6021,5749,6022,-1,6022,5749,5747,-1,6022,5747,6023,-1,6023,5747,5745,-1,6023,5745,6024,-1,6024,5745,5743,-1,6024,5743,6025,-1,6025,5743,5741,-1,6025,5741,6026,-1,6026,5741,5739,-1,6026,5739,6027,-1,6027,5739,5737,-1,6027,5737,6028,-1,6028,5737,5735,-1,6028,5735,6029,-1,6029,5735,5733,-1,6029,5733,6030,-1,6030,5733,5731,-1,6030,5731,6031,-1,6031,5731,5729,-1,6031,5729,6032,-1,6032,5729,5727,-1,6032,5727,6033,-1,6033,5727,5725,-1,6033,5725,6034,-1,6034,5725,5723,-1,6034,5723,6035,-1,6035,5723,5721,-1,6035,5721,6036,-1,6036,5721,5719,-1,6036,5719,6037,-1,6037,5719,5717,-1,6037,5717,6038,-1,6038,5717,5715,-1,6038,5715,6039,-1,6039,5715,5713,-1,6039,5713,6040,-1,6040,5713,5711,-1,6040,5711,6041,-1,6041,5711,5709,-1,6041,5709,6042,-1,6042,5709,5707,-1,6042,5707,6043,-1,6043,5707,5705,-1,6043,5705,6044,-1,6044,5705,5703,-1,6044,5703,6045,-1,6045,5703,5701,-1,6045,5701,6046,-1,6046,5701,5699,-1,6046,5699,6047,-1,6047,5699,5697,-1,6047,5697,6048,-1,6048,5697,5695,-1,6048,5695,6049,-1,6049,5695,5693,-1,6049,5693,6050,-1,6050,5693,5691,-1,6050,5691,6051,-1,6051,5691,5689,-1,6051,5689,6052,-1,6052,5689,5687,-1,6052,5687,6053,-1,6053,5687,5685,-1,6053,5685,6054,-1,6054,5685,5683,-1,6054,5683,6055,-1,6055,5683,5681,-1,6055,5681,6056,-1,6056,5681,5680,-1,6056,5680,6057,-1,6057,5680,5679,-1,6057,5679,1450,-1,1450,5679,1417,-1,6058,5930,6059,-1,6059,5930,5931,-1,6059,5931,6060,-1,6060,5931,5932,-1,6060,5932,6061,-1,6061,5932,5933,-1,6061,5933,6062,-1,6062,5933,5934,-1,6062,5934,6063,-1,6063,5934,5935,-1,6063,5935,6064,-1,6064,5935,5936,-1,6064,5936,6065,-1,6065,5936,5937,-1,6065,5937,6066,-1,6066,5937,5938,-1,6066,5938,6067,-1,6067,5938,5939,-1,6067,5939,6068,-1,6068,5939,5940,-1,6068,5940,6069,-1,6069,5940,5941,-1,6069,5941,6070,-1,6070,5941,5942,-1,6070,5942,6071,-1,6071,5942,5943,-1,6071,5943,6072,-1,6072,5943,5944,-1,6072,5944,6073,-1,6073,5944,5945,-1,6073,5945,6074,-1,6074,5945,5946,-1,6074,5946,6075,-1,6075,5946,5947,-1,6075,5947,6076,-1,6076,5947,5948,-1,6076,5948,6077,-1,6077,5948,5949,-1,6077,5949,6078,-1,6078,5949,5950,-1,6078,5950,6079,-1,6079,5950,5951,-1,6079,5951,6080,-1,6080,5951,5952,-1,6080,5952,6081,-1,6081,5952,5953,-1,6081,5953,6082,-1,6082,5953,5954,-1,6082,5954,6083,-1,6083,5954,5955,-1,6083,5955,6084,-1,6084,5955,5956,-1,6084,5956,6085,-1,6085,5956,5957,-1,6085,5957,6086,-1,6086,5957,5958,-1,6086,5958,6087,-1,6087,5958,5959,-1,6087,5959,6088,-1,6088,5959,5960,-1,6088,5960,6089,-1,6089,5960,5961,-1,6089,5961,6090,-1,6090,5961,5962,-1,6090,5962,6091,-1,6091,5962,5963,-1,6091,5963,6092,-1,6092,5963,5964,-1,6092,5964,6093,-1,6093,5964,5965,-1,6093,5965,6094,-1,6094,5965,5966,-1,6094,5966,6095,-1,6095,5966,5967,-1,6095,5967,6096,-1,6096,5967,5968,-1,6096,5968,6097,-1,6097,5968,5969,-1,6097,5969,6098,-1,6098,5969,5970,-1,6098,5970,6099,-1,6099,5970,5971,-1,6099,5971,6100,-1,6100,5971,5972,-1,6100,5972,6101,-1,6101,5972,5973,-1,6101,5973,6102,-1,6102,5973,5974,-1,6102,5974,6103,-1,6103,5974,5975,-1,6103,5975,6104,-1,6104,5975,5976,-1,6104,5976,6105,-1,6105,5976,5977,-1,6105,5977,6106,-1,6106,5977,5978,-1,6106,5978,6107,-1,6107,5978,5979,-1,6107,5979,6108,-1,6108,5979,5980,-1,6108,5980,6109,-1,6109,5980,5981,-1,6109,5981,6110,-1,6110,5981,5982,-1,6110,5982,6111,-1,6111,5982,5983,-1,6111,5983,6112,-1,6112,5983,5984,-1,6112,5984,6113,-1,6113,5984,5985,-1,6113,5985,6114,-1,6114,5985,5986,-1,6114,5986,6115,-1,6115,5986,5987,-1,6115,5987,6116,-1,6116,5987,5988,-1,6116,5988,6117,-1,6117,5988,5989,-1,6117,5989,6118,-1,6118,5989,5990,-1,6118,5990,6119,-1,6119,5990,5991,-1,6119,5991,6120,-1,6120,5991,5992,-1,6120,5992,6121,-1,6121,5992,5993,-1,6121,5993,6122,-1,6122,5993,5994,-1,6122,5994,6123,-1,6123,5994,5995,-1,6123,5995,6124,-1,6124,5995,5996,-1,6124,5996,6125,-1,6125,5996,5997,-1,6125,5997,6126,-1,6126,5997,5998,-1,6126,5998,6127,-1,6127,5998,5999,-1,6127,5999,6128,-1,6128,5999,6000,-1,6128,6000,6129,-1,6129,6000,6001,-1,6129,6001,6130,-1,6130,6001,6002,-1,6130,6002,6131,-1,6131,6002,6003,-1,6131,6003,6132,-1,6132,6003,6004,-1,6132,6004,6133,-1,6133,6004,6005,-1,6133,6005,6134,-1,6134,6005,6006,-1,6134,6006,6135,-1,6135,6006,6007,-1,6135,6007,6136,-1,6136,6007,6008,-1,6136,6008,6137,-1,6137,6008,6009,-1,6137,6009,6138,-1,6138,6009,6010,-1,6138,6010,6139,-1,6139,6010,6011,-1,6139,6011,6140,-1,6140,6011,6012,-1,6140,6012,6141,-1,6141,6012,6013,-1,6141,6013,6142,-1,6142,6013,6014,-1,6142,6014,6143,-1,6143,6014,6015,-1,6143,6015,6144,-1,6144,6015,6016,-1,6144,6016,6145,-1,6145,6016,6017,-1,6145,6017,6146,-1,6146,6017,6018,-1,6146,6018,6147,-1,6147,6018,6019,-1,6147,6019,6148,-1,6148,6019,6020,-1,6148,6020,6149,-1,6149,6020,6021,-1,6149,6021,6150,-1,6150,6021,6022,-1,6150,6022,6151,-1,6151,6022,6023,-1,6151,6023,6152,-1,6152,6023,6024,-1,6152,6024,6153,-1,6153,6024,6025,-1,6153,6025,6154,-1,6154,6025,6026,-1,6154,6026,6155,-1,6155,6026,6027,-1,6155,6027,6156,-1,6156,6027,6028,-1,6156,6028,6157,-1,6157,6028,6029,-1,6157,6029,6158,-1,6158,6029,6030,-1,6158,6030,6159,-1,6159,6030,6031,-1,6159,6031,6160,-1,6160,6031,6032,-1,6160,6032,6161,-1,6161,6032,6033,-1,6161,6033,6162,-1,6162,6033,6034,-1,6162,6034,6163,-1,6163,6034,6035,-1,6163,6035,6164,-1,6164,6035,6036,-1,6164,6036,6165,-1,6165,6036,6037,-1,6165,6037,6166,-1,6166,6037,6038,-1,6166,6038,6167,-1,6167,6038,6039,-1,6167,6039,6168,-1,6168,6039,6040,-1,6168,6040,6169,-1,6169,6040,6041,-1,6169,6041,6170,-1,6170,6041,6042,-1,6170,6042,6171,-1,6171,6042,6043,-1,6171,6043,6172,-1,6172,6043,6044,-1,6172,6044,6173,-1,6173,6044,6045,-1,6173,6045,6174,-1,6174,6045,6046,-1,6174,6046,6175,-1,6175,6046,6047,-1,6175,6047,6176,-1,6176,6047,6048,-1,6176,6048,6177,-1,6177,6048,6049,-1,6177,6049,6178,-1,6178,6049,6050,-1,6178,6050,6179,-1,6179,6050,6051,-1,6179,6051,6180,-1,6180,6051,6052,-1,6180,6052,6181,-1,6181,6052,6053,-1,6181,6053,6182,-1,6182,6053,6054,-1,6182,6054,6183,-1,6183,6054,6055,-1,6183,6055,6184,-1,6184,6055,6056,-1,6184,6056,6185,-1,6185,6056,6057,-1,6185,6057,1454,-1,1454,6057,1450,-1,6186,6058,6187,-1,6187,6058,6059,-1,6187,6059,6188,-1,6188,6059,6060,-1,6188,6060,6189,-1,6189,6060,6061,-1,6189,6061,6190,-1,6190,6061,6062,-1,6190,6062,6191,-1,6191,6062,6063,-1,6191,6063,6192,-1,6192,6063,6064,-1,6192,6064,6193,-1,6193,6064,6065,-1,6193,6065,6194,-1,6194,6065,6066,-1,6194,6066,6195,-1,6195,6066,6067,-1,6195,6067,6196,-1,6196,6067,6068,-1,6196,6068,6197,-1,6197,6068,6069,-1,6197,6069,6198,-1,6198,6069,6070,-1,6198,6070,6199,-1,6199,6070,6071,-1,6199,6071,6200,-1,6200,6071,6072,-1,6200,6072,6201,-1,6201,6072,6073,-1,6201,6073,6202,-1,6202,6073,6074,-1,6202,6074,6203,-1,6203,6074,6075,-1,6203,6075,6204,-1,6204,6075,6076,-1,6204,6076,6205,-1,6205,6076,6077,-1,6205,6077,6206,-1,6206,6077,6078,-1,6206,6078,6207,-1,6207,6078,6079,-1,6207,6079,6208,-1,6208,6079,6080,-1,6208,6080,6209,-1,6209,6080,6081,-1,6209,6081,6210,-1,6210,6081,6082,-1,6210,6082,6211,-1,6211,6082,6083,-1,6211,6083,6212,-1,6212,6083,6084,-1,6212,6084,6213,-1,6213,6084,6085,-1,6213,6085,6214,-1,6214,6085,6086,-1,6214,6086,6215,-1,6215,6086,6087,-1,6215,6087,6216,-1,6216,6087,6088,-1,6216,6088,6217,-1,6217,6088,6089,-1,6217,6089,6218,-1,6218,6089,6090,-1,6218,6090,6219,-1,6219,6090,6091,-1,6219,6091,6220,-1,6220,6091,6092,-1,6220,6092,6221,-1,6221,6092,6093,-1,6221,6093,6222,-1,6222,6093,6094,-1,6222,6094,6223,-1,6223,6094,6095,-1,6223,6095,6224,-1,6224,6095,6096,-1,6224,6096,6225,-1,6225,6096,6097,-1,6225,6097,6226,-1,6226,6097,6098,-1,6226,6098,6227,-1,6227,6098,6099,-1,6227,6099,6228,-1,6228,6099,6100,-1,6228,6100,6229,-1,6229,6100,6101,-1,6229,6101,6230,-1,6230,6101,6102,-1,6230,6102,6231,-1,6231,6102,6103,-1,6231,6103,6232,-1,6232,6103,6104,-1,6232,6104,6233,-1,6233,6104,6105,-1,6233,6105,6234,-1,6234,6105,6106,-1,6234,6106,6235,-1,6235,6106,6107,-1,6235,6107,6236,-1,6236,6107,6108,-1,6236,6108,6237,-1,6237,6108,6109,-1,6237,6109,6238,-1,6238,6109,6110,-1,6238,6110,6239,-1,6239,6110,6111,-1,6239,6111,6240,-1,6240,6111,6112,-1,6240,6112,6241,-1,6241,6112,6113,-1,6241,6113,6242,-1,6242,6113,6114,-1,6242,6114,6243,-1,6243,6114,6115,-1,6243,6115,6244,-1,6244,6115,6116,-1,6244,6116,6245,-1,6245,6116,6117,-1,6245,6117,6246,-1,6246,6117,6118,-1,6246,6118,6247,-1,6247,6118,6119,-1,6247,6119,6248,-1,6248,6119,6120,-1,6248,6120,6249,-1,6249,6120,6121,-1,6249,6121,6250,-1,6250,6121,6122,-1,6250,6122,6251,-1,6251,6122,6123,-1,6251,6123,6252,-1,6252,6123,6124,-1,6252,6124,6253,-1,6253,6124,6125,-1,6253,6125,6254,-1,6254,6125,6126,-1,6254,6126,6255,-1,6255,6126,6127,-1,6255,6127,6256,-1,6256,6127,6128,-1,6256,6128,6257,-1,6257,6128,6129,-1,6257,6129,6258,-1,6258,6129,6130,-1,6258,6130,6259,-1,6259,6130,6131,-1,6259,6131,6260,-1,6260,6131,6132,-1,6260,6132,6261,-1,6261,6132,6133,-1,6261,6133,6262,-1,6262,6133,6134,-1,6262,6134,6263,-1,6263,6134,6135,-1,6263,6135,6264,-1,6264,6135,6136,-1,6264,6136,6265,-1,6265,6136,6137,-1,6265,6137,6266,-1,6266,6137,6138,-1,6266,6138,6267,-1,6267,6138,6139,-1,6267,6139,6268,-1,6268,6139,6140,-1,6268,6140,6269,-1,6269,6140,6141,-1,6269,6141,6270,-1,6270,6141,6142,-1,6270,6142,6271,-1,6271,6142,6143,-1,6271,6143,6272,-1,6272,6143,6144,-1,6272,6144,6273,-1,6273,6144,6145,-1,6273,6145,6274,-1,6274,6145,6146,-1,6274,6146,6275,-1,6275,6146,6147,-1,6275,6147,6276,-1,6276,6147,6148,-1,6276,6148,6277,-1,6277,6148,6149,-1,6277,6149,6278,-1,6278,6149,6150,-1,6278,6150,6279,-1,6279,6150,6151,-1,6279,6151,6280,-1,6280,6151,6152,-1,6280,6152,6281,-1,6281,6152,6153,-1,6281,6153,6282,-1,6282,6153,6154,-1,6282,6154,6283,-1,6283,6154,6155,-1,6283,6155,6284,-1,6284,6155,6156,-1,6284,6156,6285,-1,6285,6156,6157,-1,6285,6157,6286,-1,6286,6157,6158,-1,6286,6158,6287,-1,6287,6158,6159,-1,6287,6159,6288,-1,6288,6159,6160,-1,6288,6160,6289,-1,6289,6160,6161,-1,6289,6161,6290,-1,6290,6161,6162,-1,6290,6162,6291,-1,6291,6162,6163,-1,6291,6163,6292,-1,6292,6163,6164,-1,6292,6164,6293,-1,6293,6164,6165,-1,6293,6165,6294,-1,6294,6165,6166,-1,6294,6166,6295,-1,6295,6166,6167,-1,6295,6167,6296,-1,6296,6167,6168,-1,6296,6168,6297,-1,6297,6168,6169,-1,6297,6169,6298,-1,6298,6169,6170,-1,6298,6170,6299,-1,6299,6170,6171,-1,6299,6171,6300,-1,6300,6171,6172,-1,6300,6172,6301,-1,6301,6172,6173,-1,6301,6173,6302,-1,6302,6173,6174,-1,6302,6174,6303,-1,6303,6174,6175,-1,6303,6175,6304,-1,6304,6175,6176,-1,6304,6176,6305,-1,6305,6176,6177,-1,6305,6177,6306,-1,6306,6177,6178,-1,6306,6178,6307,-1,6307,6178,6179,-1,6307,6179,6308,-1,6308,6179,6180,-1,6308,6180,6309,-1,6309,6180,6181,-1,6309,6181,6310,-1,6310,6181,6182,-1,6310,6182,6311,-1,6311,6182,6183,-1,6311,6183,6312,-1,6312,6183,6184,-1,6312,6184,6313,-1,6313,6184,6185,-1,6313,6185,1457,-1,1457,6185,1454,-1,6314,6186,6315,-1,6315,6186,6187,-1,6315,6187,6316,-1,6316,6187,6188,-1,6316,6188,6317,-1,6317,6188,6189,-1,6317,6189,6318,-1,6318,6189,6190,-1,6318,6190,6319,-1,6319,6190,6191,-1,6319,6191,6320,-1,6320,6191,6192,-1,6320,6192,6321,-1,6321,6192,6193,-1,6321,6193,6322,-1,6322,6193,6194,-1,6322,6194,6323,-1,6323,6194,6195,-1,6323,6195,6324,-1,6324,6195,6196,-1,6324,6196,6325,-1,6325,6196,6197,-1,6325,6197,6326,-1,6326,6197,6198,-1,6326,6198,6327,-1,6327,6198,6199,-1,6327,6199,6328,-1,6328,6199,6200,-1,6328,6200,6329,-1,6329,6200,6201,-1,6329,6201,6330,-1,6330,6201,6202,-1,6330,6202,6331,-1,6331,6202,6203,-1,6331,6203,6332,-1,6332,6203,6204,-1,6332,6204,6333,-1,6333,6204,6205,-1,6333,6205,6334,-1,6334,6205,6206,-1,6334,6206,6335,-1,6335,6206,6207,-1,6335,6207,6336,-1,6336,6207,6208,-1,6336,6208,6337,-1,6337,6208,6209,-1,6337,6209,6338,-1,6338,6209,6210,-1,6338,6210,6339,-1,6339,6210,6211,-1,6339,6211,6340,-1,6340,6211,6212,-1,6340,6212,6341,-1,6341,6212,6213,-1,6341,6213,6342,-1,6342,6213,6214,-1,6342,6214,6343,-1,6343,6214,6215,-1,6343,6215,6344,-1,6344,6215,6216,-1,6344,6216,6345,-1,6345,6216,6217,-1,6345,6217,6346,-1,6346,6217,6218,-1,6346,6218,6347,-1,6347,6218,6219,-1,6347,6219,6348,-1,6348,6219,6220,-1,6348,6220,6349,-1,6349,6220,6221,-1,6349,6221,6350,-1,6350,6221,6222,-1,6350,6222,6351,-1,6351,6222,6223,-1,6351,6223,6352,-1,6352,6223,6224,-1,6352,6224,6353,-1,6353,6224,6225,-1,6353,6225,6354,-1,6354,6225,6226,-1,6354,6226,6355,-1,6355,6226,6227,-1,6355,6227,6356,-1,6356,6227,6228,-1,6356,6228,6357,-1,6357,6228,6229,-1,6357,6229,6358,-1,6358,6229,6230,-1,6358,6230,6359,-1,6359,6230,6231,-1,6359,6231,6360,-1,6360,6231,6232,-1,6360,6232,6361,-1,6361,6232,6233,-1,6361,6233,6362,-1,6362,6233,6234,-1,6362,6234,6363,-1,6363,6234,6235,-1,6363,6235,6364,-1,6364,6235,6236,-1,6364,6236,6365,-1,6365,6236,6237,-1,6365,6237,6366,-1,6366,6237,6238,-1,6366,6238,6367,-1,6367,6238,6239,-1,6367,6239,6368,-1,6368,6239,6240,-1,6368,6240,6369,-1,6369,6240,6241,-1,6369,6241,6370,-1,6370,6241,6242,-1,6370,6242,6371,-1,6371,6242,6243,-1,6371,6243,6372,-1,6372,6243,6244,-1,6372,6244,6373,-1,6373,6244,6245,-1,6373,6245,6374,-1,6374,6245,6246,-1,6374,6246,6375,-1,6375,6246,6247,-1,6375,6247,6376,-1,6376,6247,6248,-1,6376,6248,6377,-1,6377,6248,6249,-1,6377,6249,6378,-1,6378,6249,6250,-1,6378,6250,6379,-1,6379,6250,6251,-1,6379,6251,6380,-1,6380,6251,6252,-1,6380,6252,6381,-1,6381,6252,6253,-1,6381,6253,6382,-1,6382,6253,6254,-1,6382,6254,6383,-1,6383,6254,6255,-1,6383,6255,6384,-1,6384,6255,6256,-1,6384,6256,6385,-1,6385,6256,6257,-1,6385,6257,6386,-1,6386,6257,6258,-1,6386,6258,6387,-1,6387,6258,6259,-1,6387,6259,6388,-1,6388,6259,6260,-1,6388,6260,6389,-1,6389,6260,6261,-1,6389,6261,6390,-1,6390,6261,6262,-1,6390,6262,6391,-1,6391,6262,6263,-1,6391,6263,6392,-1,6392,6263,6264,-1,6392,6264,6393,-1,6393,6264,6265,-1,6393,6265,6394,-1,6394,6265,6266,-1,6394,6266,6395,-1,6395,6266,6267,-1,6395,6267,6396,-1,6396,6267,6268,-1,6396,6268,6397,-1,6397,6268,6269,-1,6397,6269,6398,-1,6398,6269,6270,-1,6398,6270,6399,-1,6399,6270,6271,-1,6399,6271,6400,-1,6400,6271,6272,-1,6400,6272,6401,-1,6401,6272,6273,-1,6401,6273,6402,-1,6402,6273,6274,-1,6402,6274,6403,-1,6403,6274,6275,-1,6403,6275,6404,-1,6404,6275,6276,-1,6404,6276,6405,-1,6405,6276,6277,-1,6405,6277,6406,-1,6406,6277,6278,-1,6406,6278,6407,-1,6407,6278,6279,-1,6407,6279,6408,-1,6408,6279,6280,-1,6408,6280,6409,-1,6409,6280,6281,-1,6409,6281,6410,-1,6410,6281,6282,-1,6410,6282,6411,-1,6411,6282,6283,-1,6411,6283,6412,-1,6412,6283,6284,-1,6412,6284,6413,-1,6413,6284,6285,-1,6413,6285,6414,-1,6414,6285,6286,-1,6414,6286,6415,-1,6415,6286,6287,-1,6415,6287,6416,-1,6416,6287,6288,-1,6416,6288,6417,-1,6417,6288,6289,-1,6417,6289,6418,-1,6418,6289,6290,-1,6418,6290,6419,-1,6419,6290,6291,-1,6419,6291,6420,-1,6420,6291,6292,-1,6420,6292,6421,-1,6421,6292,6293,-1,6421,6293,6422,-1,6422,6293,6294,-1,6422,6294,6423,-1,6423,6294,6295,-1,6423,6295,6424,-1,6424,6295,6296,-1,6424,6296,6425,-1,6425,6296,6297,-1,6425,6297,6426,-1,6426,6297,6298,-1,6426,6298,6427,-1,6427,6298,6299,-1,6427,6299,6428,-1,6428,6299,6300,-1,6428,6300,6429,-1,6429,6300,6301,-1,6429,6301,6430,-1,6430,6301,6302,-1,6430,6302,6431,-1,6431,6302,6303,-1,6431,6303,6432,-1,6432,6303,6304,-1,6432,6304,6433,-1,6433,6304,6305,-1,6433,6305,6434,-1,6434,6305,6306,-1,6434,6306,6435,-1,6435,6306,6307,-1,6435,6307,6436,-1,6436,6307,6308,-1,6436,6308,6437,-1,6437,6308,6309,-1,6437,6309,6438,-1,6438,6309,6310,-1,6438,6310,6439,-1,6439,6310,6311,-1,6439,6311,6440,-1,6440,6311,6312,-1,6440,6312,6441,-1,6441,6312,6313,-1,6441,6313,1459,-1,1459,6313,1457,-1,6442,6314,6443,-1,6443,6314,6315,-1,6443,6315,6444,-1,6444,6315,6316,-1,6444,6316,6445,-1,6445,6316,6317,-1,6445,6317,6446,-1,6446,6317,6318,-1,6446,6318,6447,-1,6447,6318,6319,-1,6447,6319,6448,-1,6448,6319,6320,-1,6448,6320,6449,-1,6449,6320,6321,-1,6449,6321,6450,-1,6450,6321,6322,-1,6450,6322,6451,-1,6451,6322,6323,-1,6451,6323,6452,-1,6452,6323,6324,-1,6452,6324,6453,-1,6453,6324,6325,-1,6453,6325,6454,-1,6454,6325,6326,-1,6454,6326,6455,-1,6455,6326,6327,-1,6455,6327,6456,-1,6456,6327,6328,-1,6456,6328,6457,-1,6457,6328,6329,-1,6457,6329,6458,-1,6458,6329,6330,-1,6458,6330,6459,-1,6459,6330,6331,-1,6459,6331,6460,-1,6460,6331,6332,-1,6460,6332,6461,-1,6461,6332,6333,-1,6461,6333,6462,-1,6462,6333,6334,-1,6462,6334,6463,-1,6463,6334,6335,-1,6463,6335,6464,-1,6464,6335,6336,-1,6464,6336,6465,-1,6465,6336,6337,-1,6465,6337,6466,-1,6466,6337,6338,-1,6466,6338,6467,-1,6467,6338,6339,-1,6467,6339,6468,-1,6468,6339,6340,-1,6468,6340,6469,-1,6469,6340,6341,-1,6469,6341,6470,-1,6470,6341,6342,-1,6470,6342,6471,-1,6471,6342,6343,-1,6471,6343,6472,-1,6472,6343,6344,-1,6472,6344,6473,-1,6473,6344,6345,-1,6473,6345,6474,-1,6474,6345,6346,-1,6474,6346,6475,-1,6475,6346,6347,-1,6475,6347,6476,-1,6476,6347,6348,-1,6476,6348,6477,-1,6477,6348,6349,-1,6477,6349,6478,-1,6478,6349,6350,-1,6478,6350,6479,-1,6479,6350,6351,-1,6479,6351,6480,-1,6480,6351,6352,-1,6480,6352,6481,-1,6481,6352,6353,-1,6481,6353,6482,-1,6482,6353,6354,-1,6482,6354,6483,-1,6483,6354,6355,-1,6483,6355,6484,-1,6484,6355,6356,-1,6484,6356,6485,-1,6485,6356,6357,-1,6485,6357,6486,-1,6486,6357,6358,-1,6486,6358,6487,-1,6487,6358,6359,-1,6487,6359,6488,-1,6488,6359,6360,-1,6488,6360,6489,-1,6489,6360,6361,-1,6489,6361,6490,-1,6490,6361,6362,-1,6490,6362,6491,-1,6491,6362,6363,-1,6491,6363,6492,-1,6492,6363,6364,-1,6492,6364,6493,-1,6493,6364,6365,-1,6493,6365,6494,-1,6494,6365,6366,-1,6494,6366,6495,-1,6495,6366,6367,-1,6495,6367,6496,-1,6496,6367,6368,-1,6496,6368,6497,-1,6497,6368,6369,-1,6497,6369,6498,-1,6498,6369,6370,-1,6498,6370,6499,-1,6499,6370,6371,-1,6499,6371,6500,-1,6500,6371,6372,-1,6500,6372,6501,-1,6501,6372,6373,-1,6501,6373,6502,-1,6502,6373,6374,-1,6502,6374,6503,-1,6503,6374,6375,-1,6503,6375,6504,-1,6504,6375,6376,-1,6504,6376,6505,-1,6505,6376,6377,-1,6505,6377,6506,-1,6506,6377,6378,-1,6506,6378,6507,-1,6507,6378,6379,-1,6507,6379,6508,-1,6508,6379,6380,-1,6508,6380,6509,-1,6509,6380,6381,-1,6509,6381,6510,-1,6510,6381,6382,-1,6510,6382,6511,-1,6511,6382,6383,-1,6511,6383,6512,-1,6512,6383,6384,-1,6512,6384,6513,-1,6513,6384,6385,-1,6513,6385,6514,-1,6514,6385,6386,-1,6514,6386,6515,-1,6515,6386,6387,-1,6515,6387,6516,-1,6516,6387,6388,-1,6516,6388,6517,-1,6517,6388,6389,-1,6517,6389,6518,-1,6518,6389,6390,-1,6518,6390,6519,-1,6519,6390,6391,-1,6519,6391,6520,-1,6520,6391,6392,-1,6520,6392,6521,-1,6521,6392,6393,-1,6521,6393,6522,-1,6522,6393,6394,-1,6522,6394,6523,-1,6523,6394,6395,-1,6523,6395,6524,-1,6524,6395,6396,-1,6524,6396,6525,-1,6525,6396,6397,-1,6525,6397,6526,-1,6526,6397,6398,-1,6526,6398,6527,-1,6527,6398,6399,-1,6527,6399,6528,-1,6528,6399,6400,-1,6528,6400,6529,-1,6529,6400,6401,-1,6529,6401,6530,-1,6530,6401,6402,-1,6530,6402,6531,-1,6531,6402,6403,-1,6531,6403,6532,-1,6532,6403,6404,-1,6532,6404,6533,-1,6533,6404,6405,-1,6533,6405,6534,-1,6534,6405,6406,-1,6534,6406,6535,-1,6535,6406,6407,-1,6535,6407,6536,-1,6536,6407,6408,-1,6536,6408,6537,-1,6537,6408,6409,-1,6537,6409,6538,-1,6538,6409,6410,-1,6538,6410,6539,-1,6539,6410,6411,-1,6539,6411,6540,-1,6540,6411,6412,-1,6540,6412,6541,-1,6541,6412,6413,-1,6541,6413,6542,-1,6542,6413,6414,-1,6542,6414,6543,-1,6543,6414,6415,-1,6543,6415,6544,-1,6544,6415,6416,-1,6544,6416,6545,-1,6545,6416,6417,-1,6545,6417,6546,-1,6546,6417,6418,-1,6546,6418,6547,-1,6547,6418,6419,-1,6547,6419,6548,-1,6548,6419,6420,-1,6548,6420,6549,-1,6549,6420,6421,-1,6549,6421,6550,-1,6550,6421,6422,-1,6550,6422,6551,-1,6551,6422,6423,-1,6551,6423,6552,-1,6552,6423,6424,-1,6552,6424,6553,-1,6553,6424,6425,-1,6553,6425,6554,-1,6554,6425,6426,-1,6554,6426,6555,-1,6555,6426,6427,-1,6555,6427,6556,-1,6556,6427,6428,-1,6556,6428,6557,-1,6557,6428,6429,-1,6557,6429,6558,-1,6558,6429,6430,-1,6558,6430,6559,-1,6559,6430,6431,-1,6559,6431,6560,-1,6560,6431,6432,-1,6560,6432,6561,-1,6561,6432,6433,-1,6561,6433,6562,-1,6562,6433,6434,-1,6562,6434,6563,-1,6563,6434,6435,-1,6563,6435,6564,-1,6564,6435,6436,-1,6564,6436,6565,-1,6565,6436,6437,-1,6565,6437,6566,-1,6566,6437,6438,-1,6566,6438,6567,-1,6567,6438,6439,-1,6567,6439,6568,-1,6568,6439,6440,-1,6568,6440,6569,-1,6569,6440,6441,-1,6569,6441,1468,-1,1468,6441,1459,-1,6570,6442,5661,-1,5661,6442,6443,-1,5661,6443,5662,-1,5662,6443,6444,-1,5662,6444,5599,-1,5599,6444,6445,-1,5599,6445,5548,-1,5548,6445,6446,-1,5548,6446,5513,-1,5513,6446,6447,-1,5513,6447,5498,-1,5498,6447,6448,-1,5498,6448,5457,-1,5457,6448,6449,-1,5457,6449,5412,-1,5412,6449,6450,-1,5412,6450,5402,-1,5402,6450,6451,-1,5402,6451,5379,-1,5379,6451,6452,-1,5379,6452,5318,-1,5318,6452,6453,-1,5318,6453,5316,-1,5316,6453,6454,-1,5316,6454,5291,-1,5291,6454,6455,-1,5291,6455,5263,-1,5263,6455,6456,-1,5263,6456,5249,-1,5249,6456,6457,-1,5249,6457,5076,-1,5076,6457,6458,-1,5076,6458,5074,-1,5074,6458,6459,-1,5074,6459,5044,-1,5044,6459,6460,-1,5044,6460,5004,-1,5004,6460,6461,-1,5004,6461,4968,-1,4968,6461,6462,-1,4968,6462,4932,-1,4932,6462,6463,-1,4932,6463,4900,-1,4900,6463,6464,-1,4900,6464,4867,-1,4867,6464,6465,-1,4867,6465,4832,-1,4832,6465,6466,-1,4832,6466,4797,-1,4797,6466,6467,-1,4797,6467,4762,-1,4762,6467,6468,-1,4762,6468,4727,-1,4727,6468,6469,-1,4727,6469,4707,-1,4707,6469,6470,-1,4707,6470,4682,-1,4682,6470,6471,-1,4682,6471,4656,-1,4656,6471,6472,-1,4656,6472,4614,-1,4614,6472,6473,-1,4614,6473,4560,-1,4560,6473,6474,-1,4560,6474,4558,-1,4558,6474,6475,-1,4558,6475,4522,-1,4522,6475,6476,-1,4522,6476,4503,-1,4503,6476,6477,-1,4503,6477,4480,-1,4480,6477,6478,-1,4480,6478,4454,-1,4454,6478,6479,-1,4454,6479,4384,-1,4384,6479,6480,-1,4384,6480,4382,-1,4382,6480,6481,-1,4382,6481,4351,-1,4351,6481,6482,-1,4351,6482,4320,-1,4320,6482,6483,-1,4320,6483,4270,-1,4270,6483,6484,-1,4270,6484,4268,-1,4268,6484,6485,-1,4268,6485,4250,-1,4250,6485,6486,-1,4250,6486,4225,-1,4225,6486,6487,-1,4225,6487,4199,-1,4199,6487,6488,-1,4199,6488,4157,-1,4157,6488,6489,-1,4157,6489,4093,-1,4093,6489,6490,-1,4093,6490,4091,-1,4091,6490,6491,-1,4091,6491,4056,-1,4056,6491,6492,-1,4056,6492,4031,-1,4031,6492,6493,-1,4031,6493,3975,-1,3975,6493,6494,-1,3975,6494,3973,-1,3973,6494,6495,-1,3973,6495,3956,-1,3956,6495,6496,-1,3956,6496,3904,-1,3904,6496,6497,-1,3904,6497,3854,-1,3854,6497,6498,-1,3854,6498,3833,-1,3833,6498,6499,-1,3833,6499,3764,-1,3764,6499,6500,-1,3764,6500,3762,-1,3762,6500,6501,-1,3762,6501,3726,-1,3726,6501,6502,-1,3726,6502,3698,-1,3698,6502,6503,-1,3698,6503,3619,-1,3619,6503,6504,-1,3619,6504,3617,-1,3617,6504,6505,-1,3617,6505,3583,-1,3583,6505,6506,-1,3583,6506,3561,-1,3561,6506,6507,-1,3561,6507,3524,-1,3524,6507,6508,-1,3524,6508,3487,-1,3487,6508,6509,-1,3487,6509,3416,-1,3416,6509,6510,-1,3416,6510,3414,-1,3414,6510,6511,-1,3414,6511,3380,-1,3380,6511,6512,-1,3380,6512,3354,-1,3354,6512,6513,-1,3354,6513,3275,-1,3275,6513,6514,-1,3275,6514,3273,-1,3273,6514,6515,-1,3273,6515,3239,-1,3239,6515,6516,-1,3239,6516,3217,-1,3217,6516,6517,-1,3217,6517,3218,-1,3218,6517,6518,-1,3218,6518,3144,-1,3144,6518,6519,-1,3144,6519,3065,-1,3065,6519,6520,-1,3065,6520,3063,-1,3063,6520,6521,-1,3063,6521,2989,-1,2989,6521,6522,-1,2989,6522,2943,-1,2943,6522,6523,-1,2943,6523,2865,-1,2865,6523,6524,-1,2865,6524,2863,-1,2863,6524,6525,-1,2863,6525,2848,-1,2848,6525,6526,-1,2848,6526,2837,-1,2837,6526,6527,-1,2837,6527,2815,-1,2815,6527,6528,-1,2815,6528,2794,-1,2794,6528,6529,-1,2794,6529,2683,-1,2683,6529,6530,-1,2683,6530,2681,-1,2681,6530,6531,-1,2681,6531,2654,-1,2654,6531,6532,-1,2654,6532,2634,-1,2634,6532,6533,-1,2634,6533,2611,-1,2611,6533,6534,-1,2611,6534,2609,-1,2609,6534,6535,-1,2609,6535,2596,-1,2596,6535,6536,-1,2596,6536,2597,-1,2597,6536,6537,-1,2597,6537,2534,-1,2534,6537,6538,-1,2534,6538,2473,-1,2473,6538,6539,-1,2473,6539,2404,-1,2404,6539,6540,-1,2404,6540,2402,-1,2402,6540,6541,-1,2402,6541,2334,-1,2334,6541,6542,-1,2334,6542,2292,-1,2292,6542,6543,-1,2292,6543,2170,-1,2170,6543,6544,-1,2170,6544,2168,-1,2168,6544,6545,-1,2168,6545,2153,-1,2153,6545,6546,-1,2153,6546,2142,-1,2142,6546,6547,-1,2142,6547,2115,-1,2115,6547,6548,-1,2115,6548,2096,-1,2096,6548,6549,-1,2096,6549,2000,-1,2000,6549,6550,-1,2000,6550,1998,-1,1998,6550,6551,-1,1998,6551,1971,-1,1971,6551,6552,-1,1971,6552,1955,-1,1955,6552,6553,-1,1955,6553,1920,-1,1920,6553,6554,-1,1920,6554,1918,-1,1918,6554,6555,-1,1918,6555,1900,-1,1900,6555,6556,-1,1900,6556,1877,-1,1877,6556,6557,-1,1877,6557,1853,-1,1853,6557,6558,-1,1853,6558,1821,-1,1821,6558,6559,-1,1821,6559,1774,-1,1774,6559,6560,-1,1774,6560,1772,-1,1772,6560,6561,-1,1772,6561,1712,-1,1712,6561,6562,-1,1712,6562,1693,-1,1693,6562,6563,-1,1693,6563,1631,-1,1631,6563,6564,-1,1631,6564,1629,-1,1629,6564,6565,-1,1629,6565,1611,-1,1611,6565,6566,-1,1611,6566,1573,-1,1573,6566,6567,-1,1573,6567,1544,-1,1544,6567,6568,-1,1544,6568,1513,-1,1513,6568,6569,-1,1513,6569,1476,-1,1476,6569,1468,-1,393,395,6571,-1,6571,395,6572,-1,6571,6572,6573,-1,6573,6572,6574,-1,6573,6574,6575,-1,6576,6575,5669,-1,5669,6575,6574,-1,5669,6574,5668,-1,5668,6574,6572,-1,5668,6572,5666,-1,5666,6572,395,-1,5666,395,5664,-1,5664,395,394,-1,5664,394,413,-1,6577,5675,6578,-1,6578,5675,5676,-1,6578,5676,6579,-1,6579,5676,5677,-1,6579,5677,6580,-1,6581,6582,6583,-1,6583,6582,6584,-1,5663,6585,5661,-1,5661,6585,6586,-1,5661,6586,6570,-1,6570,6586,6587,-1,6570,6587,6588,-1,390,392,834,-1,834,392,5930,-1,834,5930,832,-1,832,5930,6058,-1,832,6058,850,-1,850,6058,6186,-1,850,6186,842,-1,842,6186,6314,-1,842,6314,854,-1,854,6314,6442,-1,854,6442,6589,-1,6589,6442,6570,-1,6589,6570,6590,-1,6590,6570,6588,-1,6590,6588,6591,-1,386,389,387,-1,387,389,6592,-1,387,6592,6593,-1,6593,6592,6594,-1,6593,6594,6595,-1,6596,6577,6597,-1,6597,6577,6578,-1,6597,6578,6598,-1,6598,6578,6579,-1,6598,6579,6599,-1,6599,6579,6580,-1,6599,6580,6600,-1,397,396,399,-1,399,396,6601,-1,399,6601,6602,-1,6602,6601,6603,-1,6602,6603,6604,-1,6604,6603,6605,-1,6604,6605,6606,-1,6606,6605,6607,-1,6606,6607,6608,-1,6609,6610,6611,-1,6584,6582,6612,-1,6612,6582,826,-1,6612,826,6613,-1,6613,826,825,-1,6613,825,822,-1,822,825,6614,-1,822,6614,823,-1,831,824,829,-1,829,824,826,-1,829,826,390,-1,390,826,6582,-1,390,6582,391,-1,391,6582,6581,-1,391,6581,5928,-1,5928,6581,5653,-1,5928,5653,5926,-1,5926,5653,5637,-1,5926,5637,5924,-1,5924,5637,5598,-1,5924,5598,5922,-1,5922,5598,5547,-1,5922,5547,5920,-1,5920,5547,5512,-1,5920,5512,5918,-1,5918,5512,5495,-1,5918,5495,5916,-1,5916,5495,5454,-1,5916,5454,5914,-1,5914,5454,5409,-1,5914,5409,5912,-1,5912,5409,5399,-1,5912,5399,5910,-1,5910,5399,5371,-1,5910,5371,5908,-1,5908,5371,5343,-1,5908,5343,5906,-1,5906,5343,5310,-1,5906,5310,5904,-1,5904,5310,5309,-1,5904,5309,5902,-1,5902,5309,5260,-1,5902,5260,5900,-1,5900,5260,5246,-1,5900,5246,5898,-1,5898,5246,5245,-1,5898,5245,5896,-1,5896,5245,5071,-1,5896,5071,5894,-1,5894,5071,5037,-1,5894,5037,5892,-1,5892,5037,4998,-1,5892,4998,5890,-1,5890,4998,4997,-1,5890,4997,5888,-1,5888,4997,4922,-1,5888,4922,5886,-1,5886,4922,4890,-1,5886,4890,5884,-1,5884,4890,4857,-1,5884,4857,5882,-1,5882,4857,4822,-1,5882,4822,5880,-1,5880,4822,4787,-1,5880,4787,5878,-1,5878,4787,4752,-1,5878,4752,5876,-1,5876,4752,4724,-1,5876,4724,5874,-1,5874,4724,4704,-1,5874,4704,5872,-1,5872,4704,4679,-1,5872,4679,5870,-1,5870,4679,4648,-1,5870,4648,5868,-1,5868,4648,4611,-1,5868,4611,5866,-1,5866,4611,4576,-1,5866,4576,5864,-1,5864,4576,4575,-1,5864,4575,5862,-1,5862,4575,4519,-1,5862,4519,5860,-1,5860,4519,4500,-1,5860,4500,5858,-1,5858,4500,4477,-1,5858,4477,5856,-1,5856,4477,4446,-1,5856,4446,5854,-1,5854,4446,4412,-1,5854,4412,5852,-1,5852,4412,4376,-1,5852,4376,5850,-1,5850,4376,4375,-1,5850,4375,5848,-1,5848,4375,4316,-1,5848,4316,5846,-1,5846,4316,4317,-1,5846,4317,5844,-1,5844,4317,4265,-1,5844,4265,5842,-1,5842,4265,4247,-1,5842,4247,5840,-1,5840,4247,4222,-1,5840,4222,5838,-1,5838,4222,4191,-1,5838,4191,5836,-1,5836,4191,4154,-1,5836,4154,5834,-1,5834,4154,4119,-1,5834,4119,5832,-1,5832,4119,4118,-1,5832,4118,5830,-1,5830,4118,4053,-1,5830,4053,5828,-1,5828,4053,4028,-1,5828,4028,5826,-1,5826,4028,4027,-1,5826,4027,5824,-1,5824,4027,3970,-1,5824,3970,5822,-1,5822,3970,3949,-1,5822,3949,5820,-1,5820,3949,3898,-1,5820,3898,5818,-1,5818,3898,3897,-1,5818,3897,5816,-1,5816,3897,3830,-1,5816,3830,5814,-1,5814,3830,3782,-1,5814,3782,5812,-1,5812,3782,3759,-1,5812,3759,5810,-1,5810,3759,3723,-1,5810,3723,5808,-1,5808,3723,3690,-1,5808,3690,5806,-1,5806,3690,3645,-1,5806,3645,5804,-1,5804,3645,3611,-1,5804,3611,5802,-1,5802,3611,3610,-1,5802,3610,5800,-1,5800,3610,3551,-1,5800,3551,5798,-1,5798,3551,3514,-1,5798,3514,5796,-1,5796,3514,3477,-1,5796,3477,5794,-1,5794,3477,3433,-1,5794,3433,5792,-1,5792,3433,3411,-1,5792,3411,5790,-1,5790,3411,3377,-1,5790,3377,5788,-1,5788,3377,3346,-1,5788,3346,5786,-1,5786,3346,3301,-1,5786,3301,5784,-1,5784,3301,3267,-1,5784,3267,5782,-1,5782,3267,3266,-1,5782,3266,5780,-1,5780,3266,3209,-1,5780,3209,5778,-1,5778,3209,3182,-1,5778,3182,5776,-1,5776,3182,3143,-1,5776,3143,5774,-1,5774,3143,3092,-1,5774,3092,5772,-1,5772,3092,3060,-1,5772,3060,5770,-1,5770,3060,2986,-1,5770,2986,5768,-1,5768,2986,2935,-1,5768,2935,5766,-1,5766,2935,2889,-1,5766,2889,5764,-1,5764,2889,2857,-1,5764,2857,5762,-1,5762,2857,2856,-1,5762,2856,5760,-1,5760,2856,2834,-1,5760,2834,5758,-1,5758,2834,2812,-1,5758,2812,5756,-1,5756,2812,2791,-1,5756,2791,5754,-1,5754,2791,2766,-1,5754,2766,5752,-1,5752,2766,2675,-1,5752,2675,5750,-1,5750,2675,2674,-1,5750,2674,5748,-1,5748,2674,2782,-1,5748,2782,5746,-1,5746,2782,2783,-1,5746,2783,5744,-1,5744,2783,2784,-1,5744,2784,5742,-1,5742,2784,2588,-1,5742,2588,5740,-1,5740,2588,2572,-1,5740,2572,5738,-1,5738,2572,2526,-1,5738,2526,5736,-1,5736,2526,2472,-1,5736,2472,5734,-1,5734,2472,2427,-1,5734,2427,5732,-1,5732,2427,2399,-1,5732,2399,5730,-1,5730,2399,2331,-1,5730,2331,5728,-1,5728,2331,2284,-1,5728,2284,5726,-1,5726,2284,2194,-1,5726,2194,5724,-1,5724,2194,2162,-1,5724,2162,5722,-1,5722,2162,2161,-1,5722,2161,5720,-1,5720,2161,2139,-1,5720,2139,5718,-1,5718,2139,2112,-1,5718,2112,5716,-1,5716,2112,2093,-1,5716,2093,5714,-1,5714,2093,2080,-1,5714,2080,5712,-1,5712,2080,1992,-1,5712,1992,5710,-1,5710,1992,1991,-1,5710,1991,5708,-1,5708,1991,2124,-1,5708,2124,5706,-1,5706,2124,3478,-1,5706,3478,5704,-1,5704,3478,1915,-1,5704,1915,5702,-1,5702,1915,1897,-1,5702,1897,5700,-1,5700,1897,1874,-1,5700,1874,5698,-1,5698,1874,1845,-1,5698,1845,5696,-1,5696,1845,1818,-1,5696,1818,5694,-1,5694,1818,1798,-1,5694,1798,5692,-1,5692,1798,1797,-1,5692,1797,5690,-1,5690,1797,1709,-1,5690,1709,5688,-1,5688,1709,1708,-1,5688,1708,5686,-1,5686,1708,1976,-1,5686,1976,5684,-1,5684,1976,1626,-1,5684,1626,5682,-1,5682,1626,1608,-1,5682,1608,1568,-1,1568,1608,1567,-1,855,854,802,-1,802,854,6589,-1,802,6589,803,-1,803,6589,6590,-1,803,6590,858,-1,858,6590,6591,-1,858,6591,860,-1,385,387,6615,-1,6615,387,6593,-1,6615,6593,6616,-1,6616,6593,6595,-1,6616,6595,6617,-1,6618,6617,6619,-1,6619,6617,6595,-1,6619,6595,6576,-1,6576,6595,6594,-1,6576,6594,6575,-1,6575,6594,6592,-1,6575,6592,6573,-1,6573,6592,389,-1,6573,389,6571,-1,6571,389,388,-1,6571,388,393,-1,6620,6596,6621,-1,6621,6596,6597,-1,6621,6597,6622,-1,6622,6597,6598,-1,6622,6598,6623,-1,6623,6598,6599,-1,6623,6599,6624,-1,6624,6599,6600,-1,6624,6600,6625,-1,6626,6608,6627,-1,6627,6608,6607,-1,6627,6607,6628,-1,6628,6607,6605,-1,6628,6605,6629,-1,6629,6605,6603,-1,6629,6603,6630,-1,6630,6603,6601,-1,6630,6601,6631,-1,6631,6601,396,-1,6631,396,6632,-1,6632,396,398,-1,6632,398,6633,-1,6634,6635,6636,-1,6636,6635,6637,-1,6636,6637,6638,-1,6638,6637,6639,-1,6638,6639,6640,-1,6640,6639,6641,-1,6640,6641,6642,-1,6642,6641,6643,-1,6642,6643,6644,-1,6644,6643,6645,-1,6644,6645,6646,-1,6646,6645,6647,-1,382,384,6648,-1,6648,384,6649,-1,6648,6649,6650,-1,6650,6649,6651,-1,6650,6651,6652,-1,6653,6652,6618,-1,6618,6652,6651,-1,6618,6651,6617,-1,6617,6651,6649,-1,6617,6649,6616,-1,6616,6649,384,-1,6616,384,6615,-1,6615,384,383,-1,6615,383,385,-1,6654,6620,6655,-1,6655,6620,6621,-1,6655,6621,6656,-1,6656,6621,6622,-1,6656,6622,6657,-1,6657,6622,6623,-1,6657,6623,6658,-1,6658,6623,6624,-1,6658,6624,6659,-1,6659,6624,6625,-1,6659,6625,6660,-1,6633,6647,6632,-1,6632,6647,6645,-1,6632,6645,6631,-1,6631,6645,6643,-1,6631,6643,6630,-1,6630,6643,6641,-1,6630,6641,6629,-1,6629,6641,6639,-1,6629,6639,6628,-1,6628,6639,6637,-1,6628,6637,6627,-1,6627,6637,6635,-1,6627,6635,6626,-1,6626,6635,6634,-1,6626,6634,6661,-1,6611,6610,6662,-1,6662,6610,6663,-1,6662,6663,6664,-1,6664,6663,6665,-1,6664,6665,6666,-1,6666,6665,818,-1,6666,818,6667,-1,6667,818,815,-1,6667,815,812,-1,812,815,814,-1,812,814,813,-1,823,819,821,-1,821,819,818,-1,821,818,822,-1,822,818,6665,-1,822,6665,6613,-1,6613,6665,6663,-1,6613,6663,6612,-1,6612,6663,6610,-1,6612,6610,6584,-1,6584,6610,6609,-1,6584,6609,6583,-1,5663,6668,6585,-1,6585,6668,6669,-1,6585,6669,6586,-1,6586,6669,6670,-1,6586,6670,6587,-1,6587,6670,6671,-1,6587,6671,6588,-1,6588,6671,6672,-1,6588,6672,6591,-1,6591,6672,6673,-1,6591,6673,860,-1,860,6673,6674,-1,860,6674,861,-1,861,6674,6675,-1,861,6675,862,-1,862,6675,6676,-1,862,6676,865,-1,865,6676,869,-1,865,869,866,-1,866,869,868,-1,6668,6677,6669,-1,6669,6677,6678,-1,6669,6678,6670,-1,6670,6678,6679,-1,6670,6679,6671,-1,6671,6679,6680,-1,6671,6680,6672,-1,6672,6680,6681,-1,6672,6681,6673,-1,6673,6681,6682,-1,6673,6682,6674,-1,6674,6682,6683,-1,6674,6683,6675,-1,6675,6683,6684,-1,6675,6684,6676,-1,6676,6684,6685,-1,6676,6685,869,-1,869,6685,6686,-1,869,6686,799,-1,799,6686,6687,-1,799,6687,800,-1,800,6687,6688,-1,800,6688,6689,-1,6689,6688,872,-1,379,381,6690,-1,6690,381,6691,-1,6690,6691,6692,-1,6692,6691,6693,-1,6692,6693,6694,-1,6695,6694,6653,-1,6653,6694,6693,-1,6653,6693,6652,-1,6652,6693,6691,-1,6652,6691,6650,-1,6650,6691,381,-1,6650,381,6648,-1,6648,381,380,-1,6648,380,382,-1,6696,6697,6698,-1,6699,6697,6700,-1,6700,6697,6696,-1,6700,6696,6701,-1,6702,6699,6661,-1,6661,6699,6700,-1,6661,6700,6626,-1,6626,6700,6701,-1,6626,6701,6608,-1,6703,6704,6705,-1,6705,6704,6706,-1,6705,6706,6707,-1,6707,6706,6708,-1,6707,6708,6709,-1,6710,6703,6711,-1,6711,6703,6705,-1,6711,6705,6712,-1,6712,6705,6707,-1,6712,6707,6713,-1,6713,6707,6709,-1,6713,6709,6714,-1,808,6710,6715,-1,6715,6710,6711,-1,6715,6711,6716,-1,6716,6711,6712,-1,6716,6712,6717,-1,6717,6712,6713,-1,6717,6713,6718,-1,6718,6713,6714,-1,6718,6714,6719,-1,809,807,810,-1,810,807,808,-1,810,808,812,-1,812,808,6715,-1,812,6715,6667,-1,6667,6715,6716,-1,6667,6716,6666,-1,6666,6716,6717,-1,6666,6717,6664,-1,6664,6717,6718,-1,6664,6718,6662,-1,6662,6718,6719,-1,6662,6719,6611,-1,6677,5674,6678,-1,6678,5674,414,-1,6678,414,6679,-1,6679,414,413,-1,6679,413,6680,-1,6680,413,394,-1,6680,394,6681,-1,6681,394,393,-1,6681,393,6682,-1,6682,393,388,-1,6682,388,6683,-1,6683,388,386,-1,6683,386,6684,-1,6684,386,385,-1,6684,385,6685,-1,6685,385,383,-1,6685,383,6686,-1,6686,383,382,-1,6686,382,6687,-1,6687,382,380,-1,6687,380,6688,-1,6688,380,379,-1,796,874,797,-1,797,874,6720,-1,797,6720,1230,-1,1230,6720,6721,-1,1230,6721,1232,-1,1232,6721,6722,-1,1232,6722,1233,-1,872,6688,870,-1,870,6688,379,-1,870,379,874,-1,874,379,6690,-1,874,6690,6720,-1,6720,6690,6692,-1,6720,6692,6721,-1,6721,6692,6694,-1,6721,6694,6722,-1,6722,6694,6695,-1,6722,6695,1233,-1,1233,6695,368,-1,1233,368,363,-1,5670,6654,5669,-1,5669,6654,6655,-1,5669,6655,6576,-1,6576,6655,6656,-1,6576,6656,6619,-1,6619,6656,6657,-1,6619,6657,6618,-1,6618,6657,6658,-1,6618,6658,6653,-1,6653,6658,6659,-1,6653,6659,6695,-1,6695,6659,6660,-1,6695,6660,368,-1,368,6660,369,-1,404,403,410,-1,410,403,407,-1,410,407,408,-1,408,407,6723,-1,408,6723,6724,-1,6724,6723,6725,-1,6724,6725,6726,-1,6726,6725,6727,-1,6726,6727,6728,-1,6728,6727,6729,-1,6728,6729,6730,-1,6730,6729,6731,-1,6730,6731,6732,-1,6732,6731,371,-1,6732,371,370,-1,409,408,411,-1,411,408,6724,-1,411,6724,5677,-1,5677,6724,6726,-1,5677,6726,6580,-1,6580,6726,6728,-1,6580,6728,6600,-1,6600,6728,6730,-1,6600,6730,6625,-1,6625,6730,6732,-1,6625,6732,6660,-1,6660,6732,370,-1,6660,370,369,-1,402,401,5678,-1,5678,401,6733,-1,5678,6733,406,-1,406,6733,6734,-1,406,6734,407,-1,407,6734,6735,-1,407,6735,6723,-1,6723,6735,6736,-1,6723,6736,6725,-1,6725,6736,6737,-1,6725,6737,6727,-1,6727,6737,6738,-1,6727,6738,6729,-1,6729,6738,6739,-1,6729,6739,6731,-1,6731,6739,372,-1,6731,372,371,-1,400,399,401,-1,401,399,6602,-1,401,6602,6733,-1,6733,6602,6604,-1,6733,6604,6734,-1,6734,6604,6606,-1,6734,6606,6735,-1,6735,6606,6608,-1,6735,6608,6736,-1,6736,6608,6701,-1,6736,6701,6737,-1,6737,6701,6696,-1,6737,6696,6738,-1,6738,6696,6698,-1,6738,6698,6739,-1,6739,6698,377,-1,6739,377,372,-1,373,374,1236,-1,1236,374,375,-1,1236,375,6702,-1,6702,375,376,-1,6702,376,6699,-1,6699,376,366,-1,6699,366,6697,-1,6697,366,365,-1,6697,365,6698,-1,6698,365,378,-1,6698,378,377,-1,804,806,808,-1,808,806,1234,-1,808,1234,6710,-1,6710,1234,1235,-1,6710,1235,6703,-1,6703,1235,1236,-1,6703,1236,6704,-1,6704,1236,6702,-1,6704,6702,6706,-1,6706,6702,6661,-1,6706,6661,6708,-1,6708,6661,6634,-1,6708,6634,6709,-1,6709,6634,6636,-1,6709,6636,6714,-1,6714,6636,6638,-1,6714,6638,6719,-1,6719,6638,6640,-1,6719,6640,6611,-1,6611,6640,6642,-1,6611,6642,6609,-1,6609,6642,6644,-1,6609,6644,6583,-1,6583,6644,6646,-1,6583,6646,6581,-1,6581,6646,6647,-1,6581,6647,5653,-1,5653,6647,6633,-1,5653,6633,5652,-1,5652,6633,398,-1,5652,398,5650,-1,5650,398,397,-1,5650,397,5648,-1,5648,397,400,-1,5648,400,5646,-1,5646,400,402,-1,5646,402,5644,-1,5644,402,405,-1,5644,405,5642,-1,5642,405,404,-1,5642,404,5640,-1,5640,404,410,-1,5640,410,5638,-1,5638,410,409,-1,5638,409,5654,-1,5654,409,412,-1,5654,412,5655,-1,5655,412,5675,-1,5655,5675,5656,-1,5656,5675,6577,-1,5656,6577,5657,-1,5657,6577,6596,-1,5657,6596,5658,-1,5658,6596,6620,-1,5658,6620,5659,-1,5659,6620,6654,-1,5659,6654,5660,-1,5660,6654,5670,-1,5660,5670,5600,-1,5600,5670,5671,-1,5600,5671,5601,-1,5601,5671,5672,-1,5601,5672,5603,-1,5603,5672,5673,-1,5603,5673,5605,-1,5605,5673,5674,-1,5605,5674,5607,-1,5607,5674,6677,-1,5607,6677,5609,-1,5609,6677,6668,-1,5609,6668,5611,-1,5611,6668,5663,-1,5611,5663,5613,-1,5613,5663,5662,-1,5613,5662,5614,-1,5614,5662,5599,-1,5614,5599,5562,-1,5562,5599,5553,-1,5562,5553,5563,-1,5563,5553,5555,-1,5563,5555,5515,-1,5515,5555,5557,-1,5515,5557,5516,-1,5516,5557,5559,-1,5516,5559,5499,-1,5499,5559,5561,-1,5499,5561,5500,-1,5500,5561,1021,-1,5500,1021,1012,-1,1012,1021,1020,-1,1012,1020,1013,-1,1276,1268,6740,-1,1237,1273,6740,-1,6740,1273,1275,-1,6740,1275,1276,-1,1241,1240,6740,-1,6740,1240,1238,-1,6740,1238,1237,-1,751,1245,6740,-1,6740,1245,1243,-1,6740,1243,1241,-1,1325,750,6740,-1,6740,750,749,-1,6740,749,751,-1,746,1399,6740,-1,6740,1399,1361,-1,6740,1361,1325,-1,1247,1249,6740,-1,6740,1249,747,-1,6740,747,746,-1,744,743,6740,-1,6740,743,1279,-1,6740,1279,1247,-1,1253,1252,6740,-1,6740,1252,1557,-1,6740,1557,744,-1,737,741,6740,-1,6740,741,740,-1,6740,740,1253,-1,1261,1254,6740,-1,6740,1254,738,-1,6740,738,737,-1,1256,1258,6740,-1,6740,1258,1260,-1,6740,1260,1261,-1,1266,1265,6740,-1,6740,1265,1262,-1,6740,1262,1256,-1,1268,736,6740,-1,6740,736,735,-1,6740,735,1266,-1,81,80,6741,-1,167,6742,6743,-1,181,6744,6745,-1,6746,6747,50,-1,6744,181,6748,-1,181,179,6748,-1,6748,179,178,-1,6748,178,6749,-1,6749,178,182,-1,6749,182,132,-1,177,175,6745,-1,6745,175,174,-1,6745,174,181,-1,6750,173,6751,-1,6751,173,177,-1,6751,177,6752,-1,6752,177,6745,-1,168,139,6750,-1,6750,139,138,-1,6750,138,173,-1,171,169,6753,-1,6753,169,168,-1,6753,168,6754,-1,6754,168,6750,-1,171,6753,172,-1,172,6753,6755,-1,172,6755,155,-1,6756,158,6755,-1,6755,158,156,-1,6755,156,155,-1,6757,6758,163,-1,163,161,6757,-1,6757,161,160,-1,6757,160,6756,-1,6756,160,159,-1,6756,159,158,-1,6742,167,6759,-1,167,166,6759,-1,6759,166,165,-1,6759,165,6758,-1,6758,165,164,-1,6758,164,163,-1,150,148,6743,-1,6743,148,147,-1,6743,147,167,-1,6760,151,6761,-1,6761,151,150,-1,6761,150,6762,-1,6762,150,6743,-1,142,141,6763,-1,6763,141,146,-1,6763,146,6764,-1,6764,146,154,-1,6764,154,6760,-1,6760,154,152,-1,6760,152,151,-1,142,6763,144,-1,144,6763,6765,-1,144,6765,145,-1,89,88,6766,-1,6766,88,110,-1,6766,6767,89,-1,89,6767,6768,-1,89,6768,90,-1,90,6768,77,-1,77,6768,6769,-1,77,6769,78,-1,6741,80,6769,-1,6769,80,79,-1,6769,79,78,-1,81,6741,82,-1,82,6741,6770,-1,82,6770,83,-1,83,6770,6771,-1,83,6771,84,-1,84,6771,85,-1,85,6771,6772,-1,85,6772,86,-1,86,6772,87,-1,87,6772,6773,-1,87,6773,68,-1,68,6773,6774,-1,68,6774,69,-1,69,6774,70,-1,70,6774,6775,-1,70,6775,71,-1,71,6775,72,-1,72,6775,6776,-1,72,6776,73,-1,73,6776,74,-1,74,6776,6777,-1,74,6777,65,-1,65,6777,66,-1,66,6777,6778,-1,66,6778,67,-1,67,6778,6779,-1,67,6779,48,-1,48,6779,49,-1,49,6779,6780,-1,49,6780,57,-1,6781,54,6780,-1,6780,54,58,-1,6780,58,57,-1,6782,60,6783,-1,6783,60,59,-1,6783,59,6781,-1,6781,59,55,-1,6781,55,54,-1,6784,62,6782,-1,6782,62,61,-1,6782,61,60,-1,50,52,6746,-1,6746,52,53,-1,6746,53,6785,-1,6785,53,64,-1,6785,64,6784,-1,6784,64,63,-1,6784,63,62,-1,145,6765,110,-1,110,6765,6786,-1,110,6786,6766,-1,6766,6786,6787,-1,6766,6787,6788,-1,6788,6787,6749,-1,6788,6749,6747,-1,6747,6749,132,-1,6747,132,50,-1,6748,6749,6789,-1,6789,6749,6787,-1,6789,6787,6786,-1,6752,6745,6789,-1,6789,6745,6744,-1,6789,6744,6748,-1,6754,6750,6789,-1,6789,6750,6751,-1,6789,6751,6752,-1,6756,6755,6789,-1,6789,6755,6753,-1,6789,6753,6754,-1,6759,6758,6789,-1,6789,6758,6757,-1,6789,6757,6756,-1,6762,6743,6789,-1,6789,6743,6742,-1,6789,6742,6759,-1,6764,6760,6789,-1,6789,6760,6761,-1,6789,6761,6762,-1,6786,6765,6789,-1,6789,6765,6763,-1,6789,6763,6764,-1,6767,6766,6790,-1,6790,6766,6788,-1,6790,6788,6747,-1,6741,6769,6790,-1,6790,6769,6768,-1,6790,6768,6767,-1,6772,6771,6790,-1,6790,6771,6770,-1,6790,6770,6741,-1,6775,6774,6790,-1,6790,6774,6773,-1,6790,6773,6772,-1,6778,6777,6790,-1,6790,6777,6776,-1,6790,6776,6775,-1,6781,6780,6790,-1,6790,6780,6779,-1,6790,6779,6778,-1,6784,6782,6790,-1,6790,6782,6783,-1,6790,6783,6781,-1,6747,6746,6790,-1,6790,6746,6785,-1,6790,6785,6784,-1,
        ]
    }
}
Shape{
    appearance Appearance {
        material  Material 	{
            diffuseColor 1.0 1.0 1.0
            specularColor 0.5019607843137255 0.5019607843137255 0.5019607843137255
            ambientIntensity 1.0
            transparency 0.0
            shininess 0.5
        }
    }
    geometry IndexedFaceSet {
        ccw TRUE
        solid FALSE
        coord DEF co Coordinate {
            point [
                -0.6827 4.1339 2.4064, -0.6823 4.1339 2.3607, -0.6827 4.1338 2.4064, -0.6823 4.1338 2.3607, -0.5232 4.1339 2.4075, -0.5232 4.1338 2.4075, -0.5257 4.1338 2.7622, -0.5257 4.1339 2.7622, -0.5257 4.1338 2.7604, -0.4741 4.1339 2.7626, -0.4741 4.1338 2.7626, -0.4712 4.1338 2.3622, -0.4712 4.1339 2.3622, -0.4741 4.1338 2.7604, -0.9986 4.1338 2.3751, -0.9986 4.1339 2.3751, -0.9917 4.1339 2.3717, -0.8876 4.1339 2.3525, -0.8876 4.1338 2.3525, -0.9 4.1338 2.3536, -0.9486 4.1339 2.3579, -0.9486 4.1338 2.3579, -0.9812 4.1338 2.3684, -0.9917 4.1338 2.3717, -0.9989 4.1339 2.4246, -0.9989 4.1338 2.4246, -0.9812 4.1338 2.4166, -0.9621 4.1339 2.408, -0.9621 4.1338 2.408, -0.9173 4.1338 2.3993, -0.9173 4.1339 2.3993, -0.8954 4.1338 2.3985, -0.8954 4.1339 2.3985, -0.8557 4.1338 2.4035, -0.8557 4.1339 2.4035, -0.8272 4.1338 2.4146, -0.8272 4.1339 2.4146, -0.8011 4.1338 2.4332, -0.8011 4.1339 2.4332, -0.7928 4.1338 2.4414, -0.7928 4.1339 2.4414, -0.7727 4.1338 2.4703, -0.7727 4.1339 2.4703, -0.7603 4.1338 2.503, -0.7603 4.1339 2.503, -0.7543 4.1338 2.5522, -0.7543 4.1339 2.5522, -0.7543 4.1338 2.5559, -0.7543 4.1339 2.5559, -0.7595 4.1338 2.6033, -0.7595 4.1339 2.6033, -0.772 4.1338 2.6396, -0.772 4.1339 2.6396, -0.7905 4.1338 2.6683, -0.7905 4.1339 2.6683, -0.7973 4.1338 2.6759, -0.7973 4.1339 2.6759, -0.8259 4.1338 2.699, -0.8259 4.1339 2.699, -0.8576 4.1338 2.713, -0.8576 4.1339 2.713, -0.8927 4.1338 2.7192, -0.8927 4.1339 2.7192, -0.9067 4.1338 2.7196, -0.9067 4.1339 2.7196, -1.0009 4.1338 2.6952, -1.0009 4.1339 2.6952, -0.9923 4.1339 2.6997, -0.9513 4.1338 2.7145, -0.9513 4.1339 2.7145, -0.9812 4.1338 2.7037, -0.9923 4.1338 2.6997, -1.0012 4.1339 2.7492, -1.0012 4.1338 2.7492, -0.9649 4.1338 2.7604, -0.9633 4.1339 2.7609, -0.9812 4.1338 2.7554, -0.9633 4.1338 2.7609, -0.9119 4.1338 2.7662, -0.9119 4.1339 2.7662, -0.9065 4.1338 2.7663, -0.9065 4.1339 2.7663, -0.8491 4.1339 2.7598, -0.8548 4.1338 2.7604, -0.8491 4.1338 2.7598, -0.8071 4.1338 2.7439, -0.8071 4.1339 2.7439, -0.7681 4.1338 2.717, -0.7681 4.1339 2.717, -0.759 4.1338 2.7084, -0.759 4.1339 2.7084, -0.7322 4.1338 2.6748, -0.7322 4.1339 2.6748, -0.7152 4.1338 2.6382, -0.7119 4.1339 2.6312, -0.7119 4.1338 2.6312, -0.7015 4.1338 2.5801, -0.7015 4.1339 2.5801, -0.7001 4.1338 2.5532, -0.7001 4.1339 2.5532, -0.7073 4.1338 2.4888, -0.7073 4.1339 2.4888, -0.7152 4.1338 2.4679, -0.7232 4.1339 2.4467, -0.7232 4.1338 2.4467, -0.7467 4.1338 2.4123, -0.7467 4.1339 2.4123, -0.7504 4.1338 2.4081, -0.7504 4.1339 2.4081, -0.8688 4.1338 2.3536, -0.8614 4.1339 2.3541, -0.8614 4.1338 2.3541, -0.8184 4.1339 2.3637, -0.8184 4.1338 2.3637, -0.781 4.1339 2.3821, -0.781 4.1338 2.3821, -1.2942 4.1339 2.402, -1.2939 4.1339 2.3564, -1.2942 4.1338 2.402, -1.2939 4.1338 2.3564, -1.1306 4.1338 2.4032, -1.1306 4.1339 2.4032, -1.2352 4.1338 2.4025, -1.1316 4.1339 2.5379, -1.1316 4.1338 2.5379, -1.2747 4.1338 2.5369, -1.2747 4.1339 2.5369, -1.2352 4.1338 2.5371, -1.275 4.1339 2.5827, -1.275 4.1338 2.5827, -1.1319 4.1338 2.5837, -1.1319 4.1339 2.5837, -1.2352 4.1338 2.583, -1.1328 4.1339 2.7118, -1.1328 4.1338 2.7118, -1.2873 4.1338 2.7107, -1.2873 4.1339 2.7107, -1.2352 4.1338 2.7111, -1.2876 4.1339 2.7568, -1.2876 4.1338 2.7568, -1.0814 4.1338 2.7583, -1.0814 4.1339 2.7583, -1.2352 4.1338 2.7572, -1.0786 4.1339 2.3579, -1.0786 4.1338 2.3579, -1.2352 4.1338 2.3568, -1.6201 4.1339 2.4678, -1.599 4.1339 2.4416, -1.6355 4.1339 2.4101, -1.5898 4.1339 2.4335, -1.5928 4.1339 2.38, -1.5627 4.1339 2.4167, -1.5469 4.1339 2.3627, -1.5275 4.1339 2.4052, -1.4796 4.1339 2.3551, -1.4797 4.1339 2.4007, -1.3695 4.1339 2.3559, -1.4215 4.1339 2.4011, -1.3724 4.1339 2.7562, -1.4237 4.1339 2.7098, -1.4866 4.1339 2.7554, -1.4842 4.1339 2.7094, -1.5542 4.1339 2.7465, -1.5345 4.1339 2.7036, -1.6015 4.1339 2.7271, -1.5694 4.1339 2.691, -1.6376 4.1339 2.7013, -1.5995 4.1339 2.6709, -1.656 4.1339 2.6824, -1.6129 4.1339 2.6571, -1.6793 4.1339 2.6458, -1.6277 4.1339 2.6338, -1.6925 4.1339 2.6061, -1.6381 4.1339 2.6032, -1.6969 4.1339 2.5588, -1.6426 4.1339 2.5578, -1.695 4.1339 2.5289, -1.6414 4.1339 2.535, -1.6842 4.1339 2.4828, -1.6337 4.1339 2.4978, -1.6633 4.1339 2.442, -1.4796 4.1338 2.3551, -1.3695 4.1338 2.3559, -1.5469 4.1338 2.3627, -1.5928 4.1338 2.38, -1.6355 4.1338 2.4101, -1.6633 4.1338 2.442, -1.6842 4.1338 2.4828, -1.695 4.1338 2.5289, -1.6969 4.1338 2.5588, -1.6925 4.1338 2.6061, -1.6793 4.1338 2.6458, -1.656 4.1338 2.6824, -1.6376 4.1338 2.7013, -1.6015 4.1338 2.7271, -1.5542 4.1338 2.7465, -1.4866 4.1338 2.7554, -1.3724 4.1338 2.7562, -1.4842 4.1338 2.7094, -1.4237 4.1338 2.7098, -1.4215 4.1338 2.4011, -1.4797 4.1338 2.4007, -1.599 4.1338 2.4416, -1.5898 4.1338 2.4335, -1.5627 4.1338 2.4167, -1.5275 4.1338 2.4052, -1.6426 4.1338 2.5578, -1.6414 4.1338 2.535, -1.6337 4.1338 2.4978, -1.6201 4.1338 2.4678, -1.5995 4.1338 2.6709, -1.6129 4.1338 2.6571, -1.6277 4.1338 2.6338, -1.6381 4.1338 2.6032, -1.5345 4.1338 2.7036, -1.5694 4.1338 2.691
            ]
        }
        coordIndex [
            0,1,2,-1,2,1,3,-1,4,0,5,-1,5,0,2,-1,6,7,8,-1,8,7,4,-1,8,4,5,-1,9,7,10,-1,10,7,6,-1,11,12,13,-1,13,12,9,-1,13,9,10,-1,1,12,3,-1,3,12,11,-1,7,9,4,-1,4,9,12,-1,4,12,0,-1,0,12,1,-1,14,15,16,-1,17,18,19,-1,17,19,20,-1,19,21,20,-1,20,21,22,-1,20,22,16,-1,16,22,23,-1,16,23,14,-1,24,15,25,-1,25,15,14,-1,24,25,26,-1,24,26,27,-1,26,28,27,-1,27,28,29,-1,27,29,30,-1,30,29,31,-1,30,31,32,-1,32,31,33,-1,32,33,34,-1,34,33,35,-1,34,35,36,-1,36,35,37,-1,36,37,38,-1,38,37,39,-1,38,39,40,-1,40,39,41,-1,40,41,42,-1,42,41,43,-1,42,43,44,-1,44,43,45,-1,44,45,46,-1,46,45,47,-1,46,47,48,-1,48,47,49,-1,48,49,50,-1,50,49,51,-1,50,51,52,-1,52,51,53,-1,52,53,54,-1,54,53,55,-1,54,55,56,-1,56,55,57,-1,56,57,58,-1,58,57,59,-1,58,59,60,-1,60,59,61,-1,60,61,62,-1,62,61,63,-1,62,63,64,-1,65,66,67,-1,64,63,68,-1,64,68,69,-1,69,68,70,-1,69,70,67,-1,67,70,71,-1,67,71,65,-1,72,66,73,-1,73,66,65,-1,74,75,76,-1,76,75,72,-1,76,72,73,-1,74,77,75,-1,75,77,78,-1,75,78,79,-1,79,78,80,-1,79,80,81,-1,82,81,83,-1,83,81,80,-1,83,84,82,-1,82,84,85,-1,82,85,86,-1,86,85,87,-1,86,87,88,-1,88,87,89,-1,88,89,90,-1,90,89,91,-1,90,91,92,-1,92,91,93,-1,92,93,94,-1,93,95,94,-1,94,95,96,-1,94,96,97,-1,97,96,98,-1,97,98,99,-1,99,98,100,-1,99,100,101,-1,101,100,102,-1,101,102,103,-1,102,104,103,-1,103,104,105,-1,103,105,106,-1,106,105,107,-1,106,107,108,-1,18,17,109,-1,109,17,110,-1,109,110,111,-1,111,110,112,-1,111,112,113,-1,113,112,114,-1,113,114,115,-1,115,114,108,-1,115,108,107,-1,67,66,72,-1,58,60,82,-1,42,44,101,-1,50,52,92,-1,82,60,81,-1,67,72,69,-1,101,44,99,-1,92,52,90,-1,60,62,81,-1,81,62,64,-1,81,64,79,-1,79,64,69,-1,79,69,75,-1,75,69,72,-1,82,86,58,-1,58,86,88,-1,58,88,56,-1,56,88,90,-1,56,90,54,-1,54,90,52,-1,101,103,42,-1,42,103,106,-1,42,106,40,-1,40,106,108,-1,40,108,38,-1,38,108,114,-1,38,114,36,-1,36,114,112,-1,36,112,34,-1,34,112,110,-1,34,110,32,-1,32,110,17,-1,32,17,30,-1,30,17,20,-1,30,20,27,-1,27,20,16,-1,27,16,24,-1,24,16,15,-1,44,46,99,-1,99,46,48,-1,99,48,97,-1,97,48,50,-1,97,50,94,-1,94,50,92,-1,116,117,118,-1,118,117,119,-1,120,121,122,-1,122,121,116,-1,122,116,118,-1,123,121,124,-1,124,121,120,-1,125,126,127,-1,127,126,123,-1,127,123,124,-1,128,126,129,-1,129,126,125,-1,130,131,132,-1,132,131,128,-1,132,128,129,-1,133,131,134,-1,134,131,130,-1,135,136,137,-1,137,136,133,-1,137,133,134,-1,138,136,139,-1,139,136,135,-1,140,141,142,-1,142,141,138,-1,142,138,139,-1,143,141,144,-1,144,141,140,-1,119,117,145,-1,145,117,143,-1,145,143,144,-1,143,117,116,-1,116,121,143,-1,143,121,123,-1,143,123,141,-1,136,138,133,-1,133,138,141,-1,133,141,131,-1,131,141,123,-1,131,123,128,-1,128,123,126,-1,146,147,148,-1,148,147,149,-1,148,149,150,-1,150,149,151,-1,150,151,152,-1,152,151,153,-1,152,153,154,-1,154,153,155,-1,154,155,156,-1,156,155,157,-1,156,157,158,-1,158,157,159,-1,158,159,160,-1,160,159,161,-1,160,161,162,-1,162,161,163,-1,162,163,164,-1,164,163,165,-1,164,165,166,-1,166,165,167,-1,166,167,168,-1,168,167,169,-1,168,169,170,-1,170,169,171,-1,170,171,172,-1,172,171,173,-1,172,173,174,-1,174,173,175,-1,174,175,176,-1,176,175,177,-1,176,177,178,-1,178,177,179,-1,178,179,180,-1,180,179,146,-1,180,146,148,-1,154,156,181,-1,181,156,182,-1,154,181,183,-1,154,183,152,-1,152,183,184,-1,152,184,150,-1,150,184,185,-1,150,185,148,-1,148,185,186,-1,148,186,180,-1,180,186,187,-1,180,187,178,-1,178,187,188,-1,178,188,176,-1,176,188,189,-1,176,189,174,-1,174,189,190,-1,174,190,172,-1,172,190,191,-1,172,191,170,-1,170,191,192,-1,170,192,168,-1,168,192,193,-1,168,193,166,-1,166,193,194,-1,166,194,164,-1,164,194,195,-1,164,195,162,-1,162,195,196,-1,162,196,160,-1,158,160,197,-1,197,160,196,-1,156,158,182,-1,182,158,197,-1,161,159,198,-1,198,159,199,-1,159,157,199,-1,199,157,200,-1,157,155,200,-1,200,155,201,-1,147,202,203,-1,147,203,149,-1,149,203,204,-1,149,204,151,-1,151,204,205,-1,151,205,153,-1,153,205,201,-1,153,201,155,-1,175,206,207,-1,175,207,177,-1,177,207,208,-1,177,208,179,-1,179,208,209,-1,179,209,146,-1,146,209,202,-1,146,202,147,-1,167,210,211,-1,167,211,169,-1,169,211,212,-1,169,212,171,-1,171,212,213,-1,171,213,173,-1,173,213,206,-1,173,206,175,-1,161,198,214,-1,161,214,163,-1,163,214,215,-1,163,215,165,-1,165,215,210,-1,165,210,167,-1,
        ]
    }
}
Shape{
    appearance Appearance {
        material  Material 	{
            diffuseColor 0.2235294117647059 0.2235294117647059 0.2235294117647059
            specularColor 0.11372549019607843 0.11372549019607843 0.11372549019607843
            ambientIntensity 0.2235
            transparency 0.0
            shininess 0.5
        }
    }
    geometry IndexedFaceSet {
        ccw TRUE
        solid FALSE
        coord DEF co Coordinate {
            point [
                -1.4237 4.1338 2.7098, -1.4215 4.1338 2.4011, -1.4842 4.1338 2.7094, -1.4797 4.1338 2.4007, -1.5275 4.1338 2.4052, -1.5627 4.1338 2.4167, -1.5898 4.1338 2.4335, -1.599 4.1338 2.4416, -1.6201 4.1338 2.4678, -1.6337 4.1338 2.4978, -1.6414 4.1338 2.535, -1.6426 4.1338 2.5578, -1.6381 4.1338 2.6032, -1.6277 4.1338 2.6338, -1.6129 4.1338 2.6571, -1.5995 4.1338 2.6709, -1.5345 4.1338 2.7036, -1.5694 4.1338 2.691
            ]
        }
        coordIndex [
            0,1,2,-1,2,1,3,-1,2,3,4,-1,4,5,2,-1,2,5,6,-1,2,6,7,-1,7,8,2,-1,2,8,9,-1,2,9,10,-1,10,11,2,-1,2,11,12,-1,2,12,13,-1,13,14,2,-1,2,14,15,-1,2,15,16,-1,16,15,17,-1,
        ]
    }
}
Shape{
    appearance Appearance {
        material  Material 	{
            diffuseColor 1.0 1.0 1.0
            specularColor 0.5019607843137255 0.5019607843137255 0.5019607843137255
            ambientIntensity 1.0
            transparency 0.0
            shininess 0.5
        }
    }
    geometry IndexedFaceSet {
        ccw TRUE
        solid FALSE
        coord DEF co Coordinate {
            point [
                -1.8307 4.1339 2.5073, -1.8918 4.1339 2.6733, -1.873 4.1339 2.7526, -1.7177 4.1339 2.3534, -1.7748 4.1339 2.353, -1.814 4.1339 2.4622, -1.8953 4.1339 2.6852, -1.8985 4.1339 2.7013, -1.9283 4.1339 2.7523, -1.8998 4.1339 2.7013, -1.9029 4.1339 2.6843, -1.9058 4.1339 2.6732, -1.9651 4.1339 2.5064, -2.0779 4.1339 2.3508, -2.0208 4.1339 2.3512, -1.9807 4.1339 2.461, -1.9283 4.1338 2.7523, -2.0769 4.1338 2.3536, -2.0779 4.1338 2.3508, -1.873 4.1338 2.7526, -1.7178 4.1338 2.3536, -1.7177 4.1338 2.3534, -1.8287 4.1338 2.6388, -1.7748 4.1338 2.353, -1.814 4.1338 2.4622, -1.775 4.1338 2.3536, -1.9807 4.1338 2.461, -1.8287 4.1338 2.4621, -2.0208 4.1338 2.3512, -2.0199 4.1338 2.3536, -1.8307 4.1338 2.5073, -1.9651 4.1338 2.5064, -1.9058 4.1338 2.6732, -1.8998 4.1338 2.7013, -1.9029 4.1338 2.6843, -1.8985 4.1338 2.7013, -1.8918 4.1338 2.6733, -1.8953 4.1338 2.6852
            ]
        }
        coordIndex [
            0,1,2,-1,3,4,5,-1,1,6,2,-1,2,6,7,-1,2,7,8,-1,8,7,9,-1,8,9,10,-1,10,11,8,-1,8,11,12,-1,8,12,13,-1,14,13,15,-1,15,13,12,-1,15,12,5,-1,5,12,0,-1,5,0,3,-1,3,0,2,-1,16,8,17,-1,17,8,13,-1,17,13,18,-1,2,8,19,-1,19,8,16,-1,20,21,3,-1,20,3,22,-1,22,3,2,-1,22,2,19,-1,4,3,23,-1,23,3,21,-1,24,5,25,-1,25,5,4,-1,25,4,23,-1,26,15,27,-1,27,15,5,-1,27,5,24,-1,28,14,29,-1,29,14,15,-1,29,15,26,-1,13,14,18,-1,18,14,28,-1,0,12,30,-1,30,12,31,-1,12,11,31,-1,31,11,32,-1,9,33,34,-1,9,34,10,-1,10,34,32,-1,10,32,11,-1,9,7,33,-1,33,7,35,-1,1,36,37,-1,1,37,6,-1,6,37,35,-1,6,35,7,-1,1,0,36,-1,36,0,30,-1,
        ]
    }
}
Shape{
    appearance Appearance {
        material  Material 	{
            diffuseColor 0.2235294117647059 0.2235294117647059 0.2235294117647059
            specularColor 0.11372549019607843 0.11372549019607843 0.11372549019607843
            ambientIntensity 0.2235
            transparency 0.0
            shininess 0.5
        }
    }
    geometry IndexedFaceSet {
        ccw TRUE
        solid FALSE
        coord DEF co Coordinate {
            point [
                -1.8998 4.1338 2.7013, -1.8985 4.1338 2.7013, -1.9029 4.1338 2.6843, -1.8953 4.1338 2.6852, -1.9058 4.1338 2.6732, -1.8918 4.1338 2.6733, -1.9651 4.1338 2.5064, -1.8307 4.1338 2.5073
            ]
        }
        coordIndex [
            0,1,2,-1,2,1,3,-1,2,3,4,-1,4,3,5,-1,4,5,6,-1,6,5,7,-1,
        ]
    }
}
Shape{
    appearance Appearance {
        material  Material 	{
            diffuseColor 1.0 1.0 1.0
            specularColor 0.5019607843137255 0.5019607843137255 0.5019607843137255
            ambientIntensity 1.0
            transparency 0.0
            shininess 0.5
        }
    }
    geometry IndexedFaceSet {
        ccw TRUE
        solid FALSE
        coord DEF co Coordinate {
            point [
                -0.6824 4.1339 1.7713, -0.682 4.1339 1.7256, -0.6824 4.1338 1.7713, -0.682 4.1338 1.7256, -0.5187 4.1339 1.7724, -0.5187 4.1338 1.7724, -0.5197 4.1339 1.9071, -0.5197 4.1338 1.9071, -0.6629 4.1339 1.9061, -0.6629 4.1338 1.9061, -0.6632 4.1339 1.9519, -0.6632 4.1338 1.9519, -0.52 4.1339 1.9529, -0.52 4.1338 1.9529, -0.5209 4.1339 2.0811, -0.5209 4.1338 2.0811, -0.6754 4.1339 2.08, -0.6754 4.1338 2.08, -0.6758 4.1339 2.126, -0.6758 4.1338 2.126, -0.4696 4.1339 2.1275, -0.4696 4.1338 2.1275, -0.4667 4.1339 1.7271, -0.4667 4.1338 1.7271, -0.9096 4.1339 1.724, -0.9598 4.1339 1.7236, -0.9099 4.1339 1.7682, -0.9611 4.1339 1.9076, -0.9109 4.1339 1.9057, -0.802 4.1339 1.8469, -0.8142 4.1339 1.8524, -0.8437 4.1339 1.8589, -0.9107 4.1339 1.8675, -0.9105 4.1339 1.84, -0.9093 4.1339 1.9279, -0.9566 4.1339 1.9492, -0.9043 4.1339 1.9458, -0.9486 4.1339 1.971, -0.8985 4.1339 1.9562, -0.9381 4.1339 1.9866, -0.8909 4.1339 1.9643, -0.9281 4.1339 1.9963, -0.8821 4.1339 1.9701, -0.912 4.1339 2.0063, -0.8705 4.1339 1.9743, -0.8916 4.1339 2.0133, -0.8535 4.1339 1.9762, -0.8585 4.1339 2.0168, -0.825 4.1339 1.9735, -0.8134 4.1339 2.0124, -0.7936 4.1339 1.9634, -0.7751 4.1339 1.9993, -0.7595 4.1339 1.9422, -0.7599 4.1339 1.9909, -0.9104 4.1339 1.8367, -0.907 4.1339 1.8144, -0.8995 4.1339 1.7965, -0.9086 4.1339 1.7682, -0.8886 4.1339 1.7819, -0.9007 4.1339 1.7564, -0.8822 4.1339 1.7758, -0.8848 4.1339 1.7394, -0.868 4.1339 1.7663, -0.8669 4.1339 1.7278, -0.8527 4.1339 1.7609, -0.8465 4.1339 1.7205, -0.8339 4.1339 1.7589, -0.8207 4.1339 1.7179, -0.817 4.1339 1.7609, -0.7907 4.1339 1.7216, -0.8057 4.1339 1.7652, -0.7715 4.1339 1.729, -0.7958 4.1339 1.7721, -0.7547 4.1339 1.7409, -0.7915 4.1339 1.7764, -0.8261 4.1339 1.8945, -0.7853 4.1339 1.8843, -0.795 4.1339 1.8417, -0.7648 4.1339 1.8734, -0.789 4.1339 1.8343, -0.7499 4.1339 1.8599, -0.7845 4.1339 1.825, -0.7394 4.1339 1.8437, -0.7819 4.1339 1.8135, -0.7331 4.1339 1.8255, -0.7815 4.1339 1.8055, -0.7306 4.1339 1.8018, -0.7827 4.1339 1.794, -0.7329 4.1339 1.7791, -0.7859 4.1339 1.7849, -0.7388 4.1339 1.7621, -0.7491 4.1339 1.7466, -0.8585 4.1338 2.0168, -0.8134 4.1338 2.0124, -0.7751 4.1338 1.9993, -0.7599 4.1338 1.9909, -0.7595 4.1338 1.9422, -0.7936 4.1338 1.9634, -0.825 4.1338 1.9735, -0.8535 4.1338 1.9762, -0.8705 4.1338 1.9743, -0.8821 4.1338 1.9701, -0.8909 4.1338 1.9643, -0.8985 4.1338 1.9562, -0.9043 4.1338 1.9458, -0.9093 4.1338 1.9279, -0.9109 4.1338 1.9057, -0.8261 4.1338 1.8945, -0.7853 4.1338 1.8843, -0.7648 4.1338 1.8734, -0.7499 4.1338 1.8599, -0.7394 4.1338 1.8437, -0.7331 4.1338 1.8255, -0.7306 4.1338 1.8018, -0.7329 4.1338 1.7791, -0.7388 4.1338 1.7621, -0.7491 4.1338 1.7466, -0.7547 4.1338 1.7409, -0.7715 4.1338 1.729, -0.7907 4.1338 1.7216, -0.8207 4.1338 1.7179, -0.8465 4.1338 1.7205, -0.8669 4.1338 1.7278, -0.8848 4.1338 1.7394, -0.9007 4.1338 1.7564, -0.9086 4.1338 1.7682, -0.9099 4.1338 1.7682, -0.9096 4.1338 1.724, -0.9598 4.1338 1.7236, -0.9611 4.1338 1.9076, -0.9566 4.1338 1.9492, -0.9486 4.1338 1.971, -0.9381 4.1338 1.9866, -0.9281 4.1338 1.9963, -0.912 4.1338 2.0063, -0.8916 4.1338 2.0133, -0.795 4.1338 1.8417, -0.802 4.1338 1.8469, -0.8142 4.1338 1.8524, -0.8437 4.1338 1.8589, -0.7815 4.1338 1.8055, -0.7819 4.1338 1.8135, -0.7845 4.1338 1.825, -0.789 4.1338 1.8343, -0.7958 4.1338 1.7721, -0.7915 4.1338 1.7764, -0.7859 4.1338 1.7849, -0.7827 4.1338 1.794, -0.8339 4.1338 1.7589, -0.817 4.1338 1.7609, -0.8057 4.1338 1.7652, -0.8886 4.1338 1.7819, -0.8822 4.1338 1.7758, -0.868 4.1338 1.7663, -0.8527 4.1338 1.7609, -0.9105 4.1338 1.84, -0.9104 4.1338 1.8367, -0.907 4.1338 1.8144, -0.8995 4.1338 1.7965, -0.9107 4.1338 1.8675
            ]
        }
        coordIndex [
            0,1,2,-1,2,1,3,-1,4,0,5,-1,5,0,2,-1,6,4,7,-1,7,4,5,-1,8,6,9,-1,9,6,7,-1,10,8,11,-1,11,8,9,-1,12,10,13,-1,13,10,11,-1,14,12,15,-1,15,12,13,-1,16,14,17,-1,17,14,15,-1,18,16,19,-1,19,16,17,-1,20,18,21,-1,21,18,19,-1,22,20,23,-1,23,20,21,-1,1,22,3,-1,3,22,23,-1,22,1,0,-1,0,4,22,-1,22,4,6,-1,22,6,20,-1,16,18,14,-1,14,18,20,-1,14,20,12,-1,12,20,6,-1,12,6,10,-1,10,6,8,-1,24,25,26,-1,26,25,27,-1,28,29,30,-1,31,32,27,-1,27,32,33,-1,30,31,28,-1,28,31,27,-1,28,27,34,-1,34,27,35,-1,34,35,36,-1,36,35,37,-1,36,37,38,-1,38,37,39,-1,38,39,40,-1,40,39,41,-1,40,41,42,-1,42,41,43,-1,42,43,44,-1,44,43,45,-1,44,45,46,-1,46,45,47,-1,46,47,48,-1,48,47,49,-1,48,49,50,-1,50,49,51,-1,50,51,52,-1,52,51,53,-1,33,54,27,-1,27,54,55,-1,27,55,26,-1,26,55,56,-1,26,56,57,-1,57,56,58,-1,57,58,59,-1,59,58,60,-1,59,60,61,-1,61,60,62,-1,61,62,63,-1,63,62,64,-1,63,64,65,-1,65,64,66,-1,65,66,67,-1,67,66,68,-1,67,68,69,-1,69,68,70,-1,69,70,71,-1,71,70,72,-1,71,72,73,-1,73,72,74,-1,28,75,29,-1,29,75,76,-1,29,76,77,-1,77,76,78,-1,77,78,79,-1,79,78,80,-1,79,80,81,-1,81,80,82,-1,81,82,83,-1,83,82,84,-1,83,84,85,-1,85,84,86,-1,85,86,87,-1,87,86,88,-1,87,88,89,-1,89,88,90,-1,89,90,74,-1,74,90,91,-1,74,91,73,-1,47,92,93,-1,47,93,49,-1,49,93,94,-1,49,94,51,-1,51,94,95,-1,51,95,53,-1,52,53,96,-1,96,53,95,-1,52,96,97,-1,52,97,50,-1,50,97,98,-1,50,98,48,-1,48,98,99,-1,48,99,46,-1,46,99,100,-1,46,100,44,-1,44,100,101,-1,44,101,42,-1,42,101,102,-1,42,102,40,-1,40,102,103,-1,40,103,38,-1,38,103,104,-1,38,104,36,-1,36,104,105,-1,36,105,34,-1,34,105,106,-1,34,106,28,-1,75,28,107,-1,107,28,106,-1,75,107,108,-1,75,108,76,-1,76,108,109,-1,76,109,78,-1,78,109,110,-1,78,110,80,-1,80,110,111,-1,80,111,82,-1,82,111,112,-1,82,112,84,-1,84,112,113,-1,84,113,86,-1,86,113,114,-1,86,114,88,-1,88,114,115,-1,88,115,90,-1,90,115,116,-1,90,116,91,-1,91,116,117,-1,91,117,73,-1,73,117,118,-1,73,118,71,-1,71,118,119,-1,71,119,69,-1,69,119,120,-1,69,120,67,-1,67,120,121,-1,67,121,65,-1,65,121,122,-1,65,122,63,-1,63,122,123,-1,63,123,61,-1,61,123,124,-1,61,124,59,-1,59,124,125,-1,59,125,57,-1,26,57,126,-1,126,57,125,-1,24,26,127,-1,127,26,126,-1,25,24,128,-1,128,24,127,-1,27,25,129,-1,129,25,128,-1,27,129,130,-1,27,130,35,-1,35,130,131,-1,35,131,37,-1,37,131,132,-1,37,132,39,-1,39,132,133,-1,39,133,41,-1,41,133,134,-1,41,134,43,-1,43,134,135,-1,43,135,45,-1,45,135,92,-1,45,92,47,-1,77,136,137,-1,77,137,29,-1,29,137,138,-1,29,138,30,-1,30,138,139,-1,30,139,31,-1,85,140,141,-1,85,141,83,-1,83,141,142,-1,83,142,81,-1,81,142,143,-1,81,143,79,-1,79,143,136,-1,79,136,77,-1,72,144,145,-1,72,145,74,-1,74,145,146,-1,74,146,89,-1,89,146,147,-1,89,147,87,-1,87,147,140,-1,87,140,85,-1,66,148,149,-1,66,149,68,-1,68,149,150,-1,68,150,70,-1,70,150,144,-1,70,144,72,-1,58,151,152,-1,58,152,60,-1,60,152,153,-1,60,153,62,-1,62,153,154,-1,62,154,64,-1,64,154,148,-1,64,148,66,-1,33,155,156,-1,33,156,54,-1,54,156,157,-1,54,157,55,-1,55,157,158,-1,55,158,56,-1,56,158,151,-1,56,151,58,-1,33,32,155,-1,155,32,159,-1,32,31,159,-1,159,31,139,-1,
        ]
    }
}
Shape{
    appearance Appearance {
        material  Material 	{
            diffuseColor 0.2235294117647059 0.2235294117647059 0.2235294117647059
            specularColor 0.11372549019607843 0.11372549019607843 0.11372549019607843
            ambientIntensity 0.2235
            transparency 0.0
            shininess 0.5
        }
    }
    geometry IndexedFaceSet {
        ccw TRUE
        solid FALSE
        coord DEF co Coordinate {
            point [
                -0.9107 4.1338 1.8675, -0.8437 4.1338 1.8589, -0.9105 4.1338 1.84, -0.8142 4.1338 1.8524, -0.802 4.1338 1.8469, -0.795 4.1338 1.8417, -0.9104 4.1338 1.8367, -0.907 4.1338 1.8144, -0.789 4.1338 1.8343, -0.8995 4.1338 1.7965, -0.7915 4.1338 1.7764, -0.7958 4.1338 1.7721, -0.8822 4.1338 1.7758, -0.7859 4.1338 1.7849, -0.868 4.1338 1.7663, -0.8527 4.1338 1.7609, -0.8339 4.1338 1.7589, -0.7845 4.1338 1.825, -0.7819 4.1338 1.8135, -0.8886 4.1338 1.7819, -0.7815 4.1338 1.8055, -0.7827 4.1338 1.794, -0.8057 4.1338 1.7652, -0.817 4.1338 1.7609
            ]
        }
        coordIndex [
            0,1,2,-1,2,1,3,-1,3,4,2,-1,2,4,5,-1,2,5,6,-1,6,5,7,-1,7,5,8,-1,7,8,9,-1,10,11,12,-1,10,12,13,-1,14,12,15,-1,15,12,16,-1,8,17,9,-1,9,17,18,-1,9,18,19,-1,19,18,20,-1,19,20,12,-1,12,20,21,-1,12,21,13,-1,11,22,12,-1,12,22,23,-1,12,23,16,-1,
        ]
    }
}
Shape{
    appearance Appearance {
        material  Material 	{
            diffuseColor 1.0 1.0 1.0
            specularColor 0.5019607843137255 0.5019607843137255 0.5019607843137255
            ambientIntensity 1.0
            transparency 0.0
            shininess 0.5
        }
    }
    geometry IndexedFaceSet {
        ccw TRUE
        solid FALSE
        coord DEF co Coordinate {
            point [
                -1.0282 4.1338 1.785, -1.0282 4.1339 1.785, -1.0477 4.1339 1.7727, -1.1105 4.1339 1.7568, -1.1105 4.1338 1.7568, -1.079 4.1338 1.7606, -1.079 4.1339 1.7606, -1.0532 4.1338 1.7706, -1.0477 4.1338 1.7727, -1.0278 4.1339 1.7332, -1.0278 4.1338 1.7332, -1.0532 4.1338 1.7241, -1.0629 4.1339 1.7206, -1.0629 4.1338 1.7206, -1.1041 4.1338 1.716, -1.1053 4.1339 1.7159, -1.1053 4.1338 1.7159, -1.1065 4.1338 1.716, -1.1481 4.1339 1.7203, -1.1481 4.1338 1.7203, -1.1751 4.1338 1.7299, -1.1751 4.1339 1.7299, -1.1887 4.1338 1.738, -1.1887 4.1339 1.738, -1.2031 4.1338 1.7504, -1.2031 4.1339 1.7504, -1.2126 4.1338 1.7636, -1.2126 4.1339 1.7636, -1.2189 4.1338 1.7794, -1.2189 4.1339 1.7794, -1.2214 4.1338 1.7996, -1.2214 4.1339 1.7996, -1.2194 4.1338 1.8183, -1.2194 4.1339 1.8183, -1.2142 4.1338 1.8331, -1.2142 4.1339 1.8331, -1.2049 4.1338 1.847, -1.2049 4.1339 1.847, -1.1931 4.1338 1.8577, -1.1931 4.1339 1.8577, -1.1599 4.1338 1.8765, -1.1599 4.1339 1.8765, -1.1405 4.1338 1.8845, -1.1405 4.1339 1.8845, -1.1096 4.1338 1.8982, -1.1096 4.1339 1.8982, -1.092 4.1338 1.9094, -1.092 4.1339 1.9094, -1.0871 4.1338 1.9148, -1.0871 4.1339 1.9148, -1.0836 4.1338 1.9216, -1.0836 4.1339 1.9216, -1.0816 4.1338 1.9294, -1.0816 4.1339 1.9294, -1.0812 4.1338 1.9361, -1.0812 4.1339 1.9361, -1.0822 4.1338 1.944, -1.0822 4.1339 1.944, -1.0847 4.1338 1.9508, -1.0847 4.1339 1.9508, -1.0891 4.1338 1.9572, -1.0891 4.1339 1.9572, -1.0967 4.1338 1.9638, -1.0967 4.1339 1.9638, -1.108 4.1338 1.9697, -1.108 4.1339 1.9697, -1.1214 4.1338 1.9731, -1.1214 4.1339 1.9731, -1.1363 4.1338 1.9741, -1.1363 4.1339 1.9741, -1.1727 4.1338 1.9693, -1.1727 4.1339 1.9693, -1.2008 4.1338 1.9578, -1.2008 4.1339 1.9578, -1.2088 4.1338 1.953, -1.2088 4.1339 1.953, -1.2091 4.1339 2.0017, -1.2091 4.1338 2.0017, -1.1719 4.1338 2.0123, -1.1719 4.1339 2.0123, -1.1415 4.1338 2.0148, -1.1415 4.1339 2.0148, -1.1017 4.1338 2.0104, -1.1017 4.1339 2.0104, -1.0747 4.1338 2.0003, -1.0747 4.1339 2.0003, -1.0621 4.1338 1.9927, -1.0621 4.1339 1.9927, -1.0532 4.1338 1.9848, -1.0471 4.1339 1.9794, -1.0471 4.1338 1.9794, -1.0377 4.1338 1.9659, -1.0377 4.1339 1.9659, -1.0316 4.1338 1.9498, -1.0316 4.1339 1.9498, -1.0295 4.1338 1.9319, -1.0295 4.1339 1.9319, -1.0315 4.1338 1.9124, -1.0315 4.1339 1.9124, -1.037 4.1338 1.8971, -1.037 4.1339 1.8971, -1.0434 4.1338 1.8866, -1.0434 4.1339 1.8866, -1.1049 4.1338 1.8483, -1.1049 4.1339 1.8483, -1.0751 4.1339 1.8622, -1.0516 4.1338 1.8779, -1.0516 4.1339 1.8779, -1.0532 4.1338 1.8769, -1.0751 4.1338 1.8622, -1.1377 4.1338 1.8343, -1.1377 4.1339 1.8343, -1.1572 4.1338 1.8223, -1.1572 4.1339 1.8223, -1.1634 4.1338 1.8158, -1.1634 4.1339 1.8158, -1.1672 4.1338 1.8091, -1.1672 4.1339 1.8091, -1.1694 4.1338 1.8013, -1.1694 4.1339 1.8013, -1.1699 4.1338 1.795, -1.1699 4.1339 1.795, -1.1688 4.1338 1.7855, -1.1688 4.1339 1.7855, -1.1662 4.1338 1.7783, -1.1662 4.1339 1.7783, -1.1618 4.1338 1.7719, -1.1618 4.1339 1.7719, -1.156 4.1338 1.7668, -1.156 4.1339 1.7668, -1.1514 4.1338 1.7641, -1.1514 4.1339 1.7641, -1.1384 4.1338 1.7594, -1.1384 4.1339 1.7594, -1.1127 4.1338 1.7568, -1.1127 4.1339 1.7568, -1.4714 4.1339 2.006, -1.5234 4.1339 2.0056, -1.4714 4.1338 2.006, -1.5234 4.1338 2.0056, -1.3918 4.1339 1.7912, -1.3918 4.1338 1.7912, -1.3879 4.1338 1.7779, -1.3879 4.1339 1.7779, -1.3855 4.1338 1.7681, -1.3855 4.1339 1.7681, -1.3842 4.1339 1.7681, -1.3842 4.1338 1.7681, -1.3782 4.1339 1.7917, -1.3782 4.1338 1.7917, -1.305 4.1338 2.0071, -1.305 4.1339 2.0071, -1.3319 4.1338 1.9281, -1.249 4.1339 2.0075, -1.249 4.1338 2.0075, -1.3591 4.1338 1.7214, -1.3591 4.1339 1.7214, -1.3319 4.1338 1.7921, -1.3367 4.1338 1.6696, -1.3367 4.1339 1.6696, -1.3567 4.1338 1.716, -1.3319 4.1338 1.6608, -1.3268 4.1339 1.6517, -1.3268 4.1338 1.6517, -1.3247 4.1338 1.6494, -1.3174 4.1339 1.6413, -1.3174 4.1338 1.6413, -1.3081 4.1338 1.6349, -1.3081 4.1339 1.6349, -1.2971 4.1338 1.6309, -1.2971 4.1339 1.6309, -1.2851 4.1338 1.6296, -1.2851 4.1339 1.6296, -1.2669 4.1338 1.6321, -1.2669 4.1339 1.6321, -1.2567 4.1338 1.6356, -1.2567 4.1339 1.6356, -1.2563 4.1339 1.5909, -1.2563 4.1338 1.5909, -1.2776 4.1338 1.5871, -1.2776 4.1339 1.5871, -1.2887 4.1338 1.5866, -1.2887 4.1339 1.5866, -1.3089 4.1338 1.5888, -1.3089 4.1339 1.5888, -1.3288 4.1338 1.5962, -1.3288 4.1339 1.5962, -1.3319 4.1338 1.5984, -1.3464 4.1339 1.6083, -1.3913 4.1338 1.6774, -1.3913 4.1339 1.6774, -1.3767 4.1338 1.6494, -1.3683 4.1339 1.6333, -1.3683 4.1338 1.6333, -1.3498 4.1339 1.6114, -1.3498 4.1338 1.6114, -1.3464 4.1338 1.6083, -1.4069 4.1338 1.716, -1.7911 4.1339 1.7634, -1.7907 4.1339 1.7177, -1.7911 4.1338 1.7634, -1.7907 4.1338 1.7177, -1.6274 4.1338 1.7645, -1.6274 4.1339 1.7645, -1.7074 4.1338 1.764, -1.6284 4.1339 1.8992, -1.6284 4.1338 1.8992, -1.7716 4.1338 1.8982, -1.7716 4.1339 1.8982, -1.7074 4.1338 1.8987, -1.7719 4.1339 1.9441, -1.7719 4.1338 1.9441, -1.6287 4.1338 1.9451, -1.6287 4.1339 1.9451, -1.7074 4.1338 1.9445, -1.6296 4.1339 2.0732, -1.6296 4.1338 2.0732, -1.7842 4.1338 2.0721, -1.7842 4.1339 2.0721, -1.7074 4.1338 2.0726, -1.7845 4.1339 2.1181, -1.7845 4.1338 2.1181, -1.5783 4.1338 2.1196, -1.5783 4.1339 2.1196, -1.7074 4.1338 2.1187, -1.5754 4.1339 1.7193, -1.5754 4.1338 1.7193, -1.7074 4.1338 1.7183, -2.1169 4.1339 1.8292, -2.0958 4.1339 1.803, -2.1323 4.1339 1.7714, -2.0866 4.1339 1.7949, -2.0897 4.1339 1.7414, -2.0595 4.1339 1.7781, -2.0438 4.1339 1.724, -2.0244 4.1339 1.7665, -1.9765 4.1339 1.7164, -1.9765 4.1339 1.7621, -1.8664 4.1339 1.7172, -1.9184 4.1339 1.7625, -1.8692 4.1339 2.1175, -1.9206 4.1339 2.0711, -1.9834 4.1339 2.1167, -1.981 4.1339 2.0707, -2.0511 4.1339 2.1078, -2.0314 4.1339 2.0649, -2.0984 4.1339 2.0885, -2.0662 4.1339 2.0524, -2.1344 4.1339 2.0627, -2.0963 4.1339 2.0322, -2.1528 4.1339 2.0437, -2.1097 4.1339 2.0184, -2.1762 4.1339 2.0072, -2.1245 4.1339 1.9951, -2.1893 4.1339 1.9674, -2.135 4.1339 1.9646, -2.1938 4.1339 1.9202, -2.1394 4.1339 1.9191, -2.1919 4.1339 1.8903, -2.1382 4.1339 1.8964, -2.181 4.1339 1.8442, -2.1305 4.1339 1.8592, -2.1602 4.1339 1.8034, -1.9765 4.1338 1.7164, -1.8664 4.1338 1.7172, -2.0438 4.1338 1.724, -2.0897 4.1338 1.7414, -2.1323 4.1338 1.7714, -2.1602 4.1338 1.8034, -2.181 4.1338 1.8442, -2.1919 4.1338 1.8903, -2.1938 4.1338 1.9202, -2.1893 4.1338 1.9674, -2.1762 4.1338 2.0072, -2.1528 4.1338 2.0437, -2.1344 4.1338 2.0627, -2.0984 4.1338 2.0885, -2.0511 4.1338 2.1078, -1.9834 4.1338 2.1167, -1.8692 4.1338 2.1175, -1.981 4.1338 2.0707, -1.9206 4.1338 2.0711, -1.9184 4.1338 1.7625, -1.9765 4.1338 1.7621, -2.0958 4.1338 1.803, -2.0866 4.1338 1.7949, -2.0595 4.1338 1.7781, -2.0244 4.1338 1.7665, -2.1394 4.1338 1.9191, -2.1382 4.1338 1.8964, -2.1305 4.1338 1.8592, -2.1169 4.1338 1.8292, -2.0963 4.1338 2.0322, -2.1097 4.1338 2.0184, -2.1245 4.1338 1.9951, -2.135 4.1338 1.9646, -2.0314 4.1338 2.0649, -2.0662 4.1338 2.0524
            ]
        }
        coordIndex [
            0,1,2,-1,3,4,5,-1,3,5,6,-1,6,5,7,-1,6,7,2,-1,2,7,8,-1,2,8,0,-1,9,1,10,-1,10,1,0,-1,9,10,11,-1,9,11,12,-1,11,13,12,-1,12,13,14,-1,12,14,15,-1,15,14,16,-1,15,16,17,-1,15,17,18,-1,17,19,18,-1,18,19,20,-1,18,20,21,-1,21,20,22,-1,21,22,23,-1,23,22,24,-1,23,24,25,-1,25,24,26,-1,25,26,27,-1,27,26,28,-1,27,28,29,-1,29,28,30,-1,29,30,31,-1,31,30,32,-1,31,32,33,-1,33,32,34,-1,33,34,35,-1,35,34,36,-1,35,36,37,-1,37,36,38,-1,37,38,39,-1,39,38,40,-1,39,40,41,-1,41,40,42,-1,41,42,43,-1,43,42,44,-1,43,44,45,-1,45,44,46,-1,45,46,47,-1,47,46,48,-1,47,48,49,-1,49,48,50,-1,49,50,51,-1,51,50,52,-1,51,52,53,-1,53,52,54,-1,53,54,55,-1,55,54,56,-1,55,56,57,-1,57,56,58,-1,57,58,59,-1,59,58,60,-1,59,60,61,-1,61,60,62,-1,61,62,63,-1,63,62,64,-1,63,64,65,-1,65,64,66,-1,65,66,67,-1,67,66,68,-1,67,68,69,-1,69,68,70,-1,69,70,71,-1,71,70,72,-1,71,72,73,-1,73,72,74,-1,73,74,75,-1,76,75,77,-1,77,75,74,-1,76,77,78,-1,76,78,79,-1,79,78,80,-1,79,80,81,-1,81,80,82,-1,81,82,83,-1,83,82,84,-1,83,84,85,-1,85,84,86,-1,85,86,87,-1,87,86,88,-1,87,88,89,-1,88,90,89,-1,89,90,91,-1,89,91,92,-1,92,91,93,-1,92,93,94,-1,94,93,95,-1,94,95,96,-1,96,95,97,-1,96,97,98,-1,98,97,99,-1,98,99,100,-1,100,99,101,-1,100,101,102,-1,103,104,105,-1,102,101,106,-1,102,106,107,-1,107,106,108,-1,107,108,105,-1,105,108,109,-1,105,109,103,-1,104,103,110,-1,104,110,111,-1,111,110,112,-1,111,112,113,-1,113,112,114,-1,113,114,115,-1,115,114,116,-1,115,116,117,-1,117,116,118,-1,117,118,119,-1,119,118,120,-1,119,120,121,-1,121,120,122,-1,121,122,123,-1,123,122,124,-1,123,124,125,-1,125,124,126,-1,125,126,127,-1,127,126,128,-1,127,128,129,-1,129,128,130,-1,129,130,131,-1,131,130,132,-1,131,132,133,-1,133,132,134,-1,133,134,135,-1,135,134,4,-1,135,4,3,-1,61,63,85,-1,85,63,83,-1,111,43,104,-1,104,43,45,-1,21,23,127,-1,127,23,25,-1,127,25,125,-1,125,25,27,-1,125,27,123,-1,123,27,29,-1,123,29,121,-1,121,29,31,-1,121,31,119,-1,119,31,33,-1,119,33,117,-1,117,33,35,-1,117,35,115,-1,115,35,37,-1,115,37,113,-1,113,37,39,-1,113,39,111,-1,111,39,41,-1,111,41,43,-1,15,3,12,-1,12,3,6,-1,12,6,9,-1,9,6,2,-1,9,2,1,-1,63,65,83,-1,83,65,67,-1,83,67,81,-1,81,67,69,-1,81,69,79,-1,79,69,71,-1,79,71,76,-1,76,71,73,-1,76,73,75,-1,127,129,21,-1,21,129,131,-1,21,131,18,-1,18,131,133,-1,18,133,15,-1,15,133,135,-1,15,135,3,-1,85,87,61,-1,61,87,89,-1,61,89,59,-1,59,89,92,-1,59,92,57,-1,57,92,94,-1,57,94,55,-1,55,94,96,-1,55,96,53,-1,53,96,98,-1,53,98,51,-1,51,98,100,-1,51,100,49,-1,49,100,102,-1,49,102,47,-1,47,102,107,-1,47,107,45,-1,45,107,105,-1,45,105,104,-1,136,137,138,-1,138,137,139,-1,140,136,141,-1,141,136,138,-1,140,141,142,-1,140,142,143,-1,143,142,144,-1,143,144,145,-1,146,145,147,-1,147,145,144,-1,148,146,149,-1,149,146,147,-1,150,151,152,-1,152,151,148,-1,152,148,149,-1,153,151,154,-1,154,151,150,-1,155,156,157,-1,157,156,153,-1,157,153,154,-1,158,159,160,-1,160,159,156,-1,160,156,155,-1,159,158,161,-1,159,161,162,-1,161,163,162,-1,162,163,164,-1,162,164,165,-1,164,166,165,-1,165,166,167,-1,165,167,168,-1,168,167,169,-1,168,169,170,-1,170,169,171,-1,170,171,172,-1,172,171,173,-1,172,173,174,-1,174,173,175,-1,174,175,176,-1,177,176,178,-1,178,176,175,-1,177,178,179,-1,177,179,180,-1,180,179,181,-1,180,181,182,-1,182,181,183,-1,182,183,184,-1,184,183,185,-1,184,185,186,-1,186,185,187,-1,186,187,188,-1,189,190,191,-1,191,190,192,-1,191,192,193,-1,193,192,194,-1,193,194,195,-1,195,194,188,-1,195,188,196,-1,196,188,187,-1,139,137,197,-1,197,137,190,-1,197,190,189,-1,143,145,190,-1,137,136,190,-1,190,136,140,-1,190,140,143,-1,151,153,148,-1,148,153,156,-1,148,156,146,-1,192,162,194,-1,194,162,165,-1,176,177,174,-1,174,177,180,-1,174,180,172,-1,172,180,182,-1,172,182,170,-1,170,182,184,-1,170,184,168,-1,168,184,186,-1,168,186,165,-1,165,186,188,-1,165,188,194,-1,145,146,190,-1,190,146,156,-1,190,156,192,-1,192,156,159,-1,192,159,162,-1,198,199,200,-1,200,199,201,-1,202,203,204,-1,204,203,198,-1,204,198,200,-1,205,203,206,-1,206,203,202,-1,207,208,209,-1,209,208,205,-1,209,205,206,-1,210,208,211,-1,211,208,207,-1,212,213,214,-1,214,213,210,-1,214,210,211,-1,215,213,216,-1,216,213,212,-1,217,218,219,-1,219,218,215,-1,219,215,216,-1,220,218,221,-1,221,218,217,-1,222,223,224,-1,224,223,220,-1,224,220,221,-1,225,223,226,-1,226,223,222,-1,201,199,227,-1,227,199,225,-1,227,225,226,-1,225,199,198,-1,198,203,225,-1,225,203,205,-1,225,205,223,-1,218,220,215,-1,215,220,223,-1,215,223,213,-1,213,223,205,-1,213,205,210,-1,210,205,208,-1,228,229,230,-1,230,229,231,-1,230,231,232,-1,232,231,233,-1,232,233,234,-1,234,233,235,-1,234,235,236,-1,236,235,237,-1,236,237,238,-1,238,237,239,-1,238,239,240,-1,240,239,241,-1,240,241,242,-1,242,241,243,-1,242,243,244,-1,244,243,245,-1,244,245,246,-1,246,245,247,-1,246,247,248,-1,248,247,249,-1,248,249,250,-1,250,249,251,-1,250,251,252,-1,252,251,253,-1,252,253,254,-1,254,253,255,-1,254,255,256,-1,256,255,257,-1,256,257,258,-1,258,257,259,-1,258,259,260,-1,260,259,261,-1,260,261,262,-1,262,261,228,-1,262,228,230,-1,236,238,263,-1,263,238,264,-1,236,263,265,-1,236,265,234,-1,234,265,266,-1,234,266,232,-1,232,266,267,-1,232,267,230,-1,230,267,268,-1,230,268,262,-1,262,268,269,-1,262,269,260,-1,260,269,270,-1,260,270,258,-1,258,270,271,-1,258,271,256,-1,256,271,272,-1,256,272,254,-1,254,272,273,-1,254,273,252,-1,252,273,274,-1,252,274,250,-1,250,274,275,-1,250,275,248,-1,248,275,276,-1,248,276,246,-1,246,276,277,-1,246,277,244,-1,244,277,278,-1,244,278,242,-1,240,242,279,-1,279,242,278,-1,238,240,264,-1,264,240,279,-1,243,241,280,-1,280,241,281,-1,241,239,281,-1,281,239,282,-1,239,237,282,-1,282,237,283,-1,229,284,285,-1,229,285,231,-1,231,285,286,-1,231,286,233,-1,233,286,287,-1,233,287,235,-1,235,287,283,-1,235,283,237,-1,257,288,289,-1,257,289,259,-1,259,289,290,-1,259,290,261,-1,261,290,291,-1,261,291,228,-1,228,291,284,-1,228,284,229,-1,249,292,293,-1,249,293,251,-1,251,293,294,-1,251,294,253,-1,253,294,295,-1,253,295,255,-1,255,295,288,-1,255,288,257,-1,243,280,296,-1,243,296,245,-1,245,296,297,-1,245,297,247,-1,247,297,292,-1,247,292,249,-1,
        ]
    }
}
Shape{
    appearance Appearance {
        material  Material 	{
            diffuseColor 0.2235294117647059 0.2235294117647059 0.2235294117647059
            specularColor 0.11372549019607843 0.11372549019607843 0.11372549019607843
            ambientIntensity 0.2235
            transparency 0.0
            shininess 0.5
        }
    }
    geometry IndexedFaceSet {
        ccw TRUE
        solid FALSE
        coord DEF co Coordinate {
            point [
                -1.9206 4.1338 2.0711, -1.9184 4.1338 1.7625, -1.981 4.1338 2.0707, -1.9765 4.1338 1.7621, -2.0244 4.1338 1.7665, -2.0595 4.1338 1.7781, -2.0866 4.1338 1.7949, -2.0958 4.1338 1.803, -2.1169 4.1338 1.8292, -2.1305 4.1338 1.8592, -2.1382 4.1338 1.8964, -2.1394 4.1338 1.9191, -2.135 4.1338 1.9646, -2.1245 4.1338 1.9951, -2.1097 4.1338 2.0184, -2.0963 4.1338 2.0322, -2.0314 4.1338 2.0649, -2.0662 4.1338 2.0524
            ]
        }
        coordIndex [
            0,1,2,-1,2,1,3,-1,2,3,4,-1,4,5,2,-1,2,5,6,-1,2,6,7,-1,7,8,2,-1,2,8,9,-1,2,9,10,-1,10,11,2,-1,2,11,12,-1,2,12,13,-1,13,14,2,-1,2,14,15,-1,2,15,16,-1,16,15,17,-1,
        ]
    }
}
Shape{
    appearance Appearance {
        material  Material 	{
            diffuseColor 1.0 1.0 1.0
            specularColor 0.5019607843137255 0.5019607843137255 0.5019607843137255
            ambientIntensity 1.0
            transparency 0.0
            shininess 0.5
        }
    }
    geometry IndexedFaceSet {
        ccw TRUE
        solid FALSE
        coord DEF co Coordinate {
            point [
                -2.3276 4.1339 1.8687, -2.3886 4.1339 2.0347, -2.3698 4.1339 2.114, -2.2145 4.1339 1.7147, -2.2716 4.1339 1.7143, -2.3109 4.1339 1.8236, -2.3922 4.1339 2.0466, -2.3954 4.1339 2.0626, -2.4251 4.1339 2.1136, -2.3966 4.1339 2.0626, -2.3997 4.1339 2.0457, -2.4026 4.1339 2.0346, -2.4619 4.1339 1.8677, -2.5747 4.1339 1.7122, -2.5176 4.1339 1.7126, -2.4776 4.1339 1.8224, -2.4251 4.1338 2.1136, -2.5733 4.1338 1.716, -2.5747 4.1338 1.7122, -2.3698 4.1338 2.114, -2.2145 4.1338 1.7147, -2.215 4.1338 1.716, -2.2716 4.1338 1.7143, -2.3109 4.1338 1.8236, -2.2722 4.1338 1.716, -2.4776 4.1338 1.8224, -2.5176 4.1338 1.7126, -2.5164 4.1338 1.716, -2.3276 4.1338 1.8687, -2.4619 4.1338 1.8677, -2.4026 4.1338 2.0346, -2.3966 4.1338 2.0626, -2.3997 4.1338 2.0457, -2.3954 4.1338 2.0626, -2.3886 4.1338 2.0347, -2.3922 4.1338 2.0466
            ]
        }
        coordIndex [
            0,1,2,-1,3,4,5,-1,1,6,2,-1,2,6,7,-1,2,7,8,-1,8,7,9,-1,8,9,10,-1,10,11,8,-1,8,11,12,-1,8,12,13,-1,14,13,15,-1,15,13,12,-1,15,12,5,-1,5,12,0,-1,5,0,3,-1,3,0,2,-1,16,8,17,-1,17,8,13,-1,17,13,18,-1,2,8,19,-1,19,8,16,-1,20,3,21,-1,21,3,2,-1,21,2,19,-1,4,3,22,-1,22,3,20,-1,23,5,24,-1,24,5,4,-1,24,4,22,-1,15,5,25,-1,25,5,23,-1,26,14,27,-1,27,14,15,-1,27,15,25,-1,13,14,18,-1,18,14,26,-1,0,12,28,-1,28,12,29,-1,12,11,29,-1,29,11,30,-1,9,31,32,-1,9,32,10,-1,10,32,30,-1,10,30,11,-1,9,7,31,-1,31,7,33,-1,1,34,35,-1,1,35,6,-1,6,35,33,-1,6,33,7,-1,1,0,34,-1,34,0,28,-1,
        ]
    }
}
Shape{
    appearance Appearance {
        material  Material 	{
            diffuseColor 0.2235294117647059 0.2235294117647059 0.2235294117647059
            specularColor 0.11372549019607843 0.11372549019607843 0.11372549019607843
            ambientIntensity 0.2235
            transparency 0.0
            shininess 0.5
        }
    }
    geometry IndexedFaceSet {
        ccw TRUE
        solid FALSE
        coord DEF co Coordinate {
            point [
                -2.3966 4.1338 2.0626, -2.3954 4.1338 2.0626, -2.3997 4.1338 2.0457, -2.3922 4.1338 2.0466, -2.4026 4.1338 2.0346, -2.3886 4.1338 2.0347, -2.4619 4.1338 1.8677, -2.3276 4.1338 1.8687
            ]
        }
        coordIndex [
            0,1,2,-1,2,1,3,-1,2,3,4,-1,4,3,5,-1,4,5,6,-1,6,5,7,-1,
        ]
    }
}
Shape{
    appearance Appearance {
        material  Material 	{
            diffuseColor 1.0 1.0 1.0
            specularColor 0.5019607843137255 0.5019607843137255 0.5019607843137255
            ambientIntensity 1.0
            transparency 0.0
            shininess 0.5
        }
    }
    geometry IndexedFaceSet {
        ccw TRUE
        solid FALSE
        coord DEF co Coordinate {
            point [
                1.3016 4.1339 1.6827, 1.2596 4.1339 1.6302, 1.3256 4.1339 1.9349, 0.374 4.1339 2.0676, 0.4611 4.1339 2.2191, 0.844 4.1339 2.0225, 1.0372 4.1339 1.9388, 1.0108 4.1339 1.9291, 1.372 4.1339 2.4296, 1.3084 4.1339 2.4629, 1.3218 4.1339 2.6383, 1.1441 4.1339 2.6452, 1.0574 4.1339 2.4368, 1.0132 4.1339 2.5266, 1.3875 4.1339 1.9736, 1.3659 4.1339 1.7552, 1.3298 4.1339 1.7442, 1.2095 4.1339 2.6514, 0.988 4.1339 1.9135, 0.9698 4.1339 1.8929, 0.7739 4.1339 1.8598, 1.0887 4.1339 1.9382, 1.1249 4.1339 2.1129, 1.1137 4.1339 1.9285, 1.188 4.1339 2.0893, 1.136 4.1339 1.9129, 1.2464 4.1339 2.0492, 1.1474 4.1339 1.901, 1.2938 4.1339 1.9957, 1.1622 4.1339 1.8776, 1.1708 4.1339 1.8509, 1.1724 4.1339 1.8231, 0.9537 4.1339 2.101, 1.0223 4.1339 2.1186, 1.0567 4.1339 2.1208, 0.278 4.1339 2.3487, 0.2553 4.1339 2.3486, 0.1375 4.1339 2.5014, 0.201 4.1339 2.3415, 0.1237 4.1339 2.4967, 0.1515 4.1339 2.3219, 0.0393 4.1339 2.4541, -0.0375 4.1339 2.3883, 1.0853 4.1339 2.7127, 0.9488 4.1339 2.6024, 1.018 4.1339 2.7696, 0.8722 4.1339 2.6575, 0.9481 4.1339 2.8121, 1.238 4.1339 2.4792, 1.2079 4.1339 2.4806, 1.1768 4.1339 2.6494, 1.1407 4.1339 2.4717, 1.077 4.1339 2.4478, 0.9576 4.1339 1.8695, 0.9513 4.1339 1.843, 0.7741 4.1339 1.8313, 0.9515 4.1339 1.817, 0.776 4.1339 1.8013, -0.0344 4.1339 1.8569, 0.0972 4.1339 1.9711, 0.0434 4.1339 1.7919, 0.1395 4.1339 1.9369, 0.1305 4.1339 1.75, 0.1898 4.1339 1.9139, 0.2255 4.1339 1.7307, 0.2413 4.1339 1.9044, 0.3934 4.1339 1.7318, 0.3694 4.1339 1.9053, 0.4094 4.1339 1.7345, 1.0609 4.1339 1.9415, 0.8935 4.1339 2.0683, 0.1076 4.1339 2.2908, 0.0754 4.1339 2.2543, -0.095 4.1339 2.3069, 0.0492 4.1339 2.2051, -0.1293 4.1339 2.2198, 0.0361 4.1339 2.1504, -0.1417 4.1339 2.1266, 0.0348 4.1339 2.125, -0.1279 4.1339 2.0252, 0.0421 4.1339 2.0695, -0.0916 4.1339 1.9353, 0.0621 4.1339 2.0189, 0.0937 4.1339 1.9747, 0.2896 4.1339 2.7274, 0.4022 4.1339 2.5976, 0.1959 4.1339 2.6174, 0.3384 4.1339 2.5206, 0.2951 4.1339 2.4286, 1.4855 4.1339 2.2669, 1.6729 4.1339 2.2207, 1.4946 4.1339 2.1979, 1.6739 4.1339 2.1935, 1.4914 4.1339 2.1536, 1.6609 4.1339 2.0818, 1.4714 4.1339 2.0838, 1.6208 4.1339 1.9755, 1.4381 4.1339 2.0264, 1.5566 4.1339 1.8824, 1.4684 4.1339 1.8061, 1.1673 4.1339 1.7964, 1.1562 4.1339 1.7724, 0.8165 4.1339 2.8618, 0.779 4.1339 2.6946, 0.6756 4.1339 2.8781, 0.674 4.1339 2.7073, 0.5584 4.1339 2.865, 0.5774 4.1339 2.6948, 0.4159 4.1339 2.8136, 0.4884 4.1339 2.6599, 0.4089 4.1339 2.6038, 1.4276 4.1339 2.5981, 1.5185 4.1339 2.5351, 1.4208 4.1339 2.3866, 1.5378 4.1339 2.5171, 1.4607 4.1339 2.3302, 1.607 4.1339 2.4297, 1.6531 4.1339 2.3275, 0.7932 4.1339 1.7311, 0.9585 4.1339 1.7897, 0.8274 4.1339 1.668, 0.9719 4.1339 1.7654, 0.8711 4.1339 1.6198, 0.9874 4.1339 1.748, 0.9281 4.1339 1.5807, 1.0092 4.1339 1.7327, 0.9917 4.1339 1.5567, 1.0339 4.1339 1.723, 1.0608 4.1339 1.5487, 1.0624 4.1339 1.7195, 1.0716 4.1339 1.549, 1.0673 4.1339 1.7197, 1.1387 4.1339 1.5599, 1.0928 4.1339 1.724, 1.2042 4.1339 1.5879, 1.1185 4.1339 1.7352, 1.1401 4.1339 1.7521, 0.3837 4.1339 1.9081, 0.4532 4.1339 1.7621, 0.4466 4.1339 1.7553, 0.3752 4.1339 1.9061, 0.4282 4.1339 1.7421, 0.4753 4.1339 1.8207, 0.4728 4.1339 1.7995, 0.4654 4.1339 1.7801, 0.4086 4.1339 1.9056, 0.4281 4.1339 1.898, 0.4745 4.1339 1.8319, 0.4457 4.1339 1.8858, 0.4576 4.1339 1.8729, 0.4687 4.1339 1.8535, 0.3865 4.1339 1.9083, -0.1417 4.1338 2.1266, -0.1293 4.1338 2.2198, -0.1216 4.1338 2.2392, -0.095 4.1338 2.3069, -0.062 4.1338 2.3536, -0.0375 4.1338 2.3883, 0.0393 4.1338 2.4541, 0.1237 4.1338 2.4967, 0.1375 4.1338 2.5014, 0.1959 4.1338 2.6174, 0.2896 4.1338 2.7274, 0.338 4.1338 2.7604, 0.4159 4.1338 2.8136, 0.5584 4.1338 2.865, 0.6756 4.1338 2.8781, 0.8165 4.1338 2.8618, 0.9481 4.1338 2.8121, 1.018 4.1338 2.7696, 1.1441 4.1338 2.6452, 1.0288 4.1338 2.7604, 1.0853 4.1338 2.7127, 1.1768 4.1338 2.6494, 1.2095 4.1338 2.6514, 1.3218 4.1338 2.6383, 1.4276 4.1338 2.5981, 1.5185 4.1338 2.5351, 1.5378 4.1338 2.5171, 1.6739 4.1338 2.1935, 1.607 4.1338 2.4297, 1.6413 4.1338 2.3536, 1.6531 4.1338 2.3275, 1.6695 4.1338 2.2392, 1.6729 4.1338 2.2207, 1.6609 4.1338 2.0818, 1.6208 4.1338 1.9755, 1.5566 4.1338 1.8824, 1.4684 4.1338 1.8061, 1.3659 4.1338 1.7552, 1.3298 4.1338 1.7442, 1.3169 4.1338 1.716, 1.3016 4.1338 1.6827, 1.2749 4.1338 1.6494, 1.2596 4.1338 1.6302, 1.2042 4.1338 1.5879, 1.1387 4.1338 1.5599, 1.0716 4.1338 1.549, 1.0608 4.1338 1.5487, 0.9917 4.1338 1.5567, 0.9281 4.1338 1.5807, 0.8711 4.1338 1.6198, 0.8443 4.1338 1.6494, 0.8274 4.1338 1.668, 0.8014 4.1338 1.716, 0.7932 4.1338 1.7311, 0.776 4.1338 1.8013, 0.7741 4.1338 1.8313, 0.7739 4.1338 1.8598, 0.374 4.1338 2.0676, 0.4611 4.1338 2.2191, 0.844 4.1338 2.0225, 0.8935 4.1338 2.0683, 0.9537 4.1338 2.101, 1.0223 4.1338 2.1186, 1.0567 4.1338 2.1208, 1.1249 4.1338 2.1129, 1.188 4.1338 2.0893, 1.2464 4.1338 2.0492, 1.2938 4.1338 1.9957, 1.3256 4.1338 1.9349, 1.3875 4.1338 1.9736, 1.4381 4.1338 2.0264, 1.4714 4.1338 2.0838, 1.4914 4.1338 2.1536, 1.4946 4.1338 2.1979, 1.4892 4.1338 2.2392, 1.4855 4.1338 2.2669, 1.4607 4.1338 2.3302, 1.4441 4.1338 2.3536, 1.4208 4.1338 2.3866, 1.372 4.1338 2.4296, 1.3084 4.1338 2.4629, 1.238 4.1338 2.4792, 1.2079 4.1338 2.4806, 1.1407 4.1338 2.4717, 1.077 4.1338 2.4478, 1.0574 4.1338 2.4368, 1.0132 4.1338 2.5266, 0.9488 4.1338 2.6024, 0.8722 4.1338 2.6575, 0.779 4.1338 2.6946, 0.674 4.1338 2.7073, 0.278 4.1338 2.3487, 0.2791 4.1338 2.3536, 0.2951 4.1338 2.4286, 0.3384 4.1338 2.5206, 0.4022 4.1338 2.5976, 0.4089 4.1338 2.6038, 0.4884 4.1338 2.6599, 0.5774 4.1338 2.6948, 0.2553 4.1338 2.3486, 0.201 4.1338 2.3415, 0.1515 4.1338 2.3219, 0.1076 4.1338 2.2908, 0.0754 4.1338 2.2543, 0.0673 4.1338 2.2392, 0.0492 4.1338 2.2051, 0.0361 4.1338 2.1504, 0.0348 4.1338 2.125, 0.0421 4.1338 2.0695, 0.0621 4.1338 2.0189, 0.0937 4.1338 1.9747, 0.0972 4.1338 1.9711, 0.1395 4.1338 1.9369, 0.1898 4.1338 1.9139, 0.2413 4.1338 1.9044, 0.3694 4.1338 1.9053, 0.3752 4.1338 1.9061, 0.3837 4.1338 1.9081, 0.3865 4.1338 1.9083, 0.4086 4.1338 1.9056, 0.4281 4.1338 1.898, 0.4457 4.1338 1.8858, 0.4576 4.1338 1.8729, 0.4687 4.1338 1.8535, 0.4745 4.1338 1.8319, 0.4753 4.1338 1.8207, 0.4728 4.1338 1.7995, 0.4654 4.1338 1.7801, 0.4532 4.1338 1.7621, 0.4466 4.1338 1.7553, 0.4282 4.1338 1.7421, 0.4094 4.1338 1.7345, 0.3934 4.1338 1.7318, 0.2255 4.1338 1.7307, 0.1305 4.1338 1.75, 0.0434 4.1338 1.7919, -0.0344 4.1338 1.8569, -0.0916 4.1338 1.9353, -0.1279 4.1338 2.0252, 1.0609 4.1338 1.9415, 1.0372 4.1338 1.9388, 1.0108 4.1338 1.9291, 0.988 4.1338 1.9135, 0.9698 4.1338 1.8929, 0.9576 4.1338 1.8695, 0.9513 4.1338 1.843, 0.9515 4.1338 1.817, 0.9585 4.1338 1.7897, 0.9719 4.1338 1.7654, 0.9874 4.1338 1.748, 1.0092 4.1338 1.7327, 1.0339 4.1338 1.723, 1.0624 4.1338 1.7195, 1.0673 4.1338 1.7197, 1.0928 4.1338 1.724, 1.1185 4.1338 1.7352, 1.1401 4.1338 1.7521, 1.1562 4.1338 1.7724, 1.1673 4.1338 1.7964, 1.1724 4.1338 1.8231, 1.1708 4.1338 1.8509, 1.1622 4.1338 1.8776, 1.1474 4.1338 1.901, 1.136 4.1338 1.9129, 1.1137 4.1338 1.9285, 1.0887 4.1338 1.9382
            ]
        }
        coordIndex [
            0,1,2,-1,3,4,5,-1,6,7,3,-1,8,9,10,-1,11,12,13,-1,14,15,2,-1,2,15,16,-1,2,16,0,-1,10,9,17,-1,7,18,3,-1,3,18,19,-1,3,19,20,-1,21,22,23,-1,23,22,24,-1,23,24,25,-1,25,24,26,-1,25,26,27,-1,27,26,28,-1,27,28,29,-1,29,28,2,-1,29,2,30,-1,30,2,31,-1,32,33,21,-1,21,33,34,-1,21,34,22,-1,35,36,37,-1,37,36,38,-1,37,38,39,-1,39,38,40,-1,39,40,41,-1,41,40,42,-1,11,13,43,-1,43,13,44,-1,43,44,45,-1,45,44,46,-1,45,46,47,-1,9,48,17,-1,17,48,49,-1,17,49,50,-1,50,49,51,-1,50,51,11,-1,11,51,52,-1,11,52,12,-1,19,53,20,-1,20,53,54,-1,20,54,55,-1,55,54,56,-1,55,56,57,-1,58,59,60,-1,60,59,61,-1,60,61,62,-1,62,61,63,-1,62,63,64,-1,64,63,65,-1,64,65,66,-1,66,65,67,-1,66,67,68,-1,6,3,69,-1,69,3,5,-1,69,5,21,-1,21,5,70,-1,21,70,32,-1,40,71,42,-1,42,71,72,-1,42,72,73,-1,73,72,74,-1,73,74,75,-1,75,74,76,-1,75,76,77,-1,77,76,78,-1,77,78,79,-1,79,78,80,-1,79,80,81,-1,81,80,82,-1,81,82,58,-1,58,82,83,-1,58,83,59,-1,84,85,86,-1,86,85,87,-1,86,87,37,-1,37,87,88,-1,37,88,35,-1,89,90,91,-1,91,90,92,-1,91,92,93,-1,93,92,94,-1,93,94,95,-1,95,94,96,-1,95,96,97,-1,97,96,98,-1,97,98,14,-1,14,98,99,-1,14,99,15,-1,31,2,100,-1,100,2,1,-1,100,1,101,-1,47,46,102,-1,102,46,103,-1,102,103,104,-1,104,103,105,-1,104,105,106,-1,106,105,107,-1,106,107,108,-1,108,107,109,-1,108,109,84,-1,84,109,110,-1,84,110,85,-1,10,111,8,-1,8,111,112,-1,8,112,113,-1,113,112,114,-1,113,114,115,-1,115,114,116,-1,115,116,89,-1,89,116,117,-1,89,117,90,-1,57,56,118,-1,118,56,119,-1,118,119,120,-1,120,119,121,-1,120,121,122,-1,122,121,123,-1,122,123,124,-1,124,123,125,-1,124,125,126,-1,126,125,127,-1,126,127,128,-1,128,127,129,-1,128,129,130,-1,130,129,131,-1,130,131,132,-1,132,131,133,-1,132,133,134,-1,134,133,135,-1,134,135,1,-1,1,135,136,-1,1,136,101,-1,137,138,139,-1,67,140,68,-1,68,140,137,-1,68,137,141,-1,141,137,139,-1,142,143,137,-1,137,143,144,-1,137,144,138,-1,145,146,147,-1,146,148,147,-1,147,148,149,-1,147,149,150,-1,142,137,147,-1,147,137,151,-1,147,151,145,-1,77,152,153,-1,77,153,75,-1,75,153,154,-1,75,154,73,-1,154,155,73,-1,73,155,156,-1,73,156,42,-1,156,157,42,-1,42,157,158,-1,42,158,41,-1,41,158,159,-1,41,159,39,-1,39,159,160,-1,39,160,37,-1,37,160,161,-1,37,161,86,-1,86,161,162,-1,86,162,84,-1,84,162,163,-1,84,163,108,-1,163,164,108,-1,108,164,165,-1,108,165,106,-1,106,165,166,-1,106,166,104,-1,104,166,167,-1,104,167,102,-1,102,167,168,-1,102,168,47,-1,47,168,169,-1,47,169,45,-1,170,11,43,-1,45,169,171,-1,45,171,43,-1,43,171,172,-1,43,172,170,-1,11,170,173,-1,11,173,50,-1,50,173,174,-1,50,174,17,-1,17,174,175,-1,17,175,10,-1,10,175,176,-1,10,176,111,-1,111,176,177,-1,111,177,112,-1,112,177,178,-1,112,178,114,-1,179,92,90,-1,114,178,180,-1,114,180,116,-1,116,180,181,-1,116,181,117,-1,181,182,117,-1,117,182,183,-1,117,183,90,-1,90,183,184,-1,90,184,179,-1,92,179,185,-1,92,185,94,-1,94,185,186,-1,94,186,96,-1,96,186,187,-1,96,187,98,-1,98,187,188,-1,98,188,99,-1,99,188,189,-1,99,189,15,-1,15,189,190,-1,15,190,16,-1,16,190,191,-1,16,191,0,-1,191,192,0,-1,0,192,193,-1,0,193,1,-1,193,194,1,-1,1,194,195,-1,1,195,134,-1,134,195,196,-1,134,196,132,-1,132,196,197,-1,132,197,130,-1,130,197,198,-1,130,198,128,-1,128,198,199,-1,128,199,126,-1,126,199,200,-1,126,200,124,-1,124,200,201,-1,124,201,122,-1,122,201,202,-1,122,202,120,-1,202,203,120,-1,120,203,204,-1,120,204,118,-1,204,205,118,-1,118,205,206,-1,118,206,57,-1,57,206,207,-1,57,207,55,-1,20,55,208,-1,208,55,207,-1,3,20,209,-1,209,20,208,-1,4,3,210,-1,210,3,209,-1,5,4,211,-1,211,4,210,-1,5,211,212,-1,5,212,70,-1,70,212,213,-1,70,213,32,-1,32,213,214,-1,32,214,33,-1,33,214,215,-1,33,215,34,-1,34,215,216,-1,34,216,22,-1,22,216,217,-1,22,217,24,-1,24,217,218,-1,24,218,26,-1,26,218,219,-1,26,219,28,-1,28,219,220,-1,28,220,2,-1,2,220,221,-1,2,221,14,-1,14,221,222,-1,14,222,97,-1,97,222,223,-1,97,223,95,-1,95,223,224,-1,95,224,93,-1,93,224,225,-1,93,225,91,-1,91,225,226,-1,91,226,89,-1,226,227,89,-1,89,227,228,-1,89,228,115,-1,115,228,229,-1,115,229,113,-1,229,230,113,-1,113,230,231,-1,113,231,8,-1,8,231,232,-1,8,232,9,-1,9,232,233,-1,9,233,48,-1,48,233,234,-1,48,234,49,-1,49,234,235,-1,49,235,51,-1,51,235,236,-1,51,236,52,-1,52,236,237,-1,52,237,12,-1,12,237,238,-1,12,238,13,-1,13,238,239,-1,13,239,44,-1,44,239,240,-1,44,240,46,-1,46,240,241,-1,46,241,103,-1,103,241,242,-1,103,242,105,-1,243,35,244,-1,244,35,88,-1,244,88,245,-1,245,88,87,-1,245,87,246,-1,246,87,85,-1,246,85,247,-1,247,85,110,-1,247,110,248,-1,248,110,109,-1,248,109,249,-1,249,109,107,-1,249,107,250,-1,250,107,105,-1,250,105,242,-1,36,35,251,-1,251,35,243,-1,36,251,252,-1,36,252,38,-1,38,252,253,-1,38,253,40,-1,40,253,254,-1,40,254,71,-1,71,254,255,-1,71,255,72,-1,72,255,256,-1,72,256,74,-1,256,257,74,-1,74,257,258,-1,74,258,76,-1,76,258,259,-1,76,259,78,-1,78,259,260,-1,78,260,80,-1,80,260,261,-1,80,261,82,-1,82,261,262,-1,82,262,83,-1,83,262,263,-1,83,263,59,-1,59,263,264,-1,59,264,61,-1,61,264,265,-1,61,265,63,-1,63,265,266,-1,63,266,65,-1,67,65,267,-1,267,65,266,-1,67,267,268,-1,67,268,140,-1,140,268,269,-1,140,269,137,-1,137,269,270,-1,137,270,151,-1,151,270,271,-1,151,271,145,-1,145,271,272,-1,145,272,146,-1,146,272,273,-1,146,273,148,-1,148,273,274,-1,148,274,149,-1,149,274,275,-1,149,275,150,-1,150,275,276,-1,150,276,147,-1,147,276,277,-1,147,277,142,-1,142,277,278,-1,142,278,143,-1,143,278,279,-1,143,279,144,-1,144,279,280,-1,144,280,138,-1,138,280,281,-1,138,281,139,-1,139,281,282,-1,139,282,141,-1,141,282,283,-1,141,283,68,-1,68,283,284,-1,68,284,66,-1,64,66,285,-1,285,66,284,-1,64,285,286,-1,64,286,62,-1,62,286,287,-1,62,287,60,-1,60,287,288,-1,60,288,58,-1,58,288,289,-1,58,289,81,-1,81,289,290,-1,81,290,79,-1,79,290,152,-1,79,152,77,-1,69,291,292,-1,69,292,6,-1,6,292,293,-1,6,293,7,-1,7,293,294,-1,7,294,18,-1,18,294,295,-1,18,295,19,-1,19,295,296,-1,19,296,53,-1,53,296,297,-1,53,297,54,-1,54,297,298,-1,54,298,56,-1,56,298,299,-1,56,299,119,-1,119,299,300,-1,119,300,121,-1,121,300,301,-1,121,301,123,-1,123,301,302,-1,123,302,125,-1,125,302,303,-1,125,303,127,-1,127,303,304,-1,127,304,129,-1,129,304,305,-1,129,305,131,-1,131,305,306,-1,131,306,133,-1,133,306,307,-1,133,307,135,-1,135,307,308,-1,135,308,136,-1,136,308,309,-1,136,309,101,-1,101,309,310,-1,101,310,100,-1,100,310,311,-1,100,311,31,-1,31,311,312,-1,31,312,30,-1,30,312,313,-1,30,313,29,-1,29,313,314,-1,29,314,27,-1,27,314,315,-1,27,315,25,-1,25,315,316,-1,25,316,23,-1,23,316,317,-1,23,317,21,-1,21,317,291,-1,21,291,69,-1,
        ]
    }
}
Shape{
    appearance Appearance {
        material  Material 	{
            diffuseColor 0.2235294117647059 0.2235294117647059 0.2235294117647059
            specularColor 0.11372549019607843 0.11372549019607843 0.11372549019607843
            ambientIntensity 0.2235
            transparency 0.0
            shininess 0.5
        }
    }
    geometry IndexedFaceSet {
        ccw TRUE
        solid FALSE
        coord DEF co Coordinate {
            point [
                1.0673 4.1338 1.7197, 1.136 4.1338 1.9129, 1.1474 4.1338 1.901, 1.0339 4.1338 1.723, 1.0092 4.1338 1.7327, 1.0372 4.1338 1.9388, 1.0609 4.1338 1.9415, 1.0887 4.1338 1.9382, 1.1137 4.1338 1.9285, 1.1673 4.1338 1.7964, 1.1562 4.1338 1.7724, 1.1401 4.1338 1.7521, 1.0624 4.1338 1.7195, 1.1622 4.1338 1.8776, 1.1708 4.1338 1.8509, 1.1724 4.1338 1.8231, 1.1185 4.1338 1.7352, 1.0928 4.1338 1.724, 0.9874 4.1338 1.748, 0.9719 4.1338 1.7654, 0.9585 4.1338 1.7897, 0.9515 4.1338 1.817, 0.9513 4.1338 1.843, 0.9576 4.1338 1.8695, 0.9698 4.1338 1.8929, 0.988 4.1338 1.9135, 1.0108 4.1338 1.9291
            ]
        }
        coordIndex [
            0,1,2,-1,3,4,5,-1,6,7,0,-1,0,7,8,-1,0,8,1,-1,9,10,2,-1,2,10,11,-1,6,0,5,-1,5,0,12,-1,5,12,3,-1,13,14,2,-1,2,14,15,-1,2,15,9,-1,11,16,2,-1,2,16,17,-1,2,17,0,-1,4,18,5,-1,5,18,19,-1,5,19,20,-1,20,21,5,-1,5,21,22,-1,5,22,23,-1,23,24,5,-1,5,24,25,-1,5,25,26,-1,
        ]
    }
}