id,category,name,part_number,manufacturer,lcsc_id,jlc_library,price_cny,stock,taobao_keyword,taobao_price,alternatives,key_params,supply,logic_level,pin_count,pinout,pitch_mm,row_spacing_mm,lead_size_mm,hole_mm,pad_mm,body_mm,mount,seated_height_mm,kicad_symbol,kicad_footprint,kicad_3d,datasheet_url,dim_source,evidence,level,pitfalls,checked_date,notes,polarized,lead_max_mm,check_pads,pdf_keyword,ring_min_mm,pin1,sym_value
PWR-001,电源座,DC-005 电源座（5.5×2.1 插头，2.0 针）,DC-005-5A-2.0,XKB Connection,C381116,扩展库,¥1.6062@5+（立创商城）,立创商城 5415，嘉立创 31751,DC-005 电源座 5.5*2.1 直插 三脚,未查询（淘宝需登录，按关键词自查）,DC-005 2.0（BOOMELE(Boom Precision Elec)）/ C16214：BOOMELE DC-005，1–2 脚距 6.3（本封装 5.9），1.0 宽槽孔可容下，焊前试插,额定 5A/57V，中心针 Φ2.0，配 5.5×2.1 插头，插拔寿命 5000 次,外部电源输入,不适用,3,1=中心针（一般接 +），2=外套（一般接 GND），3=开关脚（未插头时与 2 相通，不用可悬空）,5.9（1–2 脚）,3 脚偏离 1–2 连线 4.70,片状引脚，厚 0.30–0.35,1×3.5 槽、3.5×1 槽,2×4.5、4.5×2,长 14.0 × 宽 9.0 × 高 11.0,卧装直插，插口伸到板边,11.0,Connector:Barrel_Jack_Switch,StudentHW:PowerJack_DC-005_XKB_5A_Horizontal,${KICAD10_3DMODEL_DIR}/Connector_BarrelJack.3dshapes/BarrelJack_Horizontal.step,https://www.lcsc.com/datasheet/lcsc_datasheet_2110151630_XKB-Connection-DC-005-5A-2-0_C381116.pdf,厂家规格书 XKB DC-005-5A-2.0 外形图与推荐 PCB 图（dim_DC005_XKB.png、dim_DC005_PCB.png）,evidence/PWR-001/dim_DC005_PCB.png;evidence/PWR-001/dim_DC005_XKB.png;evidence/PWR-001/jlc.txt,B,V1.1 的 DC-005 封装插口画反，朝了板内；本封装丝印画了 EDGE 线和插口箭头，EDGE 线压在板边上,2026-10-02,按厂家推荐 PCB 图新画：1、2 脚槽孔垂直于插头方向，3 脚槽孔平行于插头方向（立创 EDA 自带封装的槽孔方向、本体位置与厂家图不符，未采用）。 3D 用 KiCad 官方通用 DC 座模型（BarrelJack_Horizontal，引脚布局相同，只做平移）。,是,0.35,"1,2",,,1=中心针（+），离插口最远的那只脚，PCB 方焊盘,
PWR-002,电源座,DC 电源座 PJ-102AH（5.5×2.1 插头，2.0 针，5A）,PJ-102AH,CUI,C3096093,扩展库,¥6.67@1+（立创商城）,立创商城 1085，嘉立创 1085,PJ-102AH DC 电源座,未查询（淘宝需登录，按关键词自查）,无脚位相同的替代；手边只有 DC-005 就改用 PWR-001 的封装,CUI 原厂，额定 5A，中心针 Φ2.0，插入深度 9.0,外部电源输入,不适用,3,1=中心针（一般接 +），2=外套（一般接 GND），3=开关脚,6.0（1–2 脚）,3 脚偏离 1–2 连线 4.7,片状引脚宽 1.00,1.6,2.6×2.6,长 14.4 × 宽 9.0 × 高 11.0,卧装直插，插口伸到板边,11.0,Connector:Barrel_Jack_Switch,StudentHW:BarrelJack_CUI_PJ-102AH_Horizontal,${STUDENTHW_DIR}/kicad/StudentHW.3dshapes/DC-IN-TH_PJ-102AH.wrl,https://www.lcsc.com/datasheet/lcsc_datasheet_2401301340_CUI-PJ-102AH_C3096093.pdf,厂家规格书 CUI PJ-102AH 机械图与推荐 PCB 图（dim_PJ102AH.png）,evidence/PWR-002/dim_PJ102AH.png;evidence/PWR-002/jlc.txt,B,价格是 DC-005 的十几倍，学生项目一般用 PWR-001；官方封装是圆孔 1.6，片状脚可插入,2026-10-02,KiCad 官方封装与 CUI 推荐 PCB 图一致（1、2 脚相距 6.0，3 脚偏 4.7）；本机官方库缺它的 3D 模型，库里复制一份并换上立创 EDA 的 3D，铜皮不变。,是,1.0,"1,2",,,1=中心针（+），PCB 方焊盘,
HDR-001,排针排母,2.54mm 单排直排针 1×40,2.54-1*40PStraight pin,BOOMELE(Boom Precision Elec),C2337,扩展库,¥0.9725@5+（立创商城）,立创商城 17371，嘉立创 86905,2.54 单排针 1*40 直针 镀金,未查询（淘宝需登录，按关键词自查）,PZ254V-11-40P（XFCN）/ C2895846：XFCN PZ254V-11-40P,额定 3A，镀金，可掰断成任意针数,不适用,不适用,40,按丝印 1 脚（方焊盘）依次编号,2.54,不适用,方针 0.64,1,1.7×1.7,塑座高 2.5；针上露 5.7、下露 3.0，总长 11.2,立式直插,8.2（塑座 + 上露针）,Connector_Generic:Conn_01x40,Connector_PinHeader_2.54mm:PinHeader_1x40_P2.54mm_Vertical,${KICAD10_3DMODEL_DIR}/Connector_PinHeader_2.54mm.3dshapes/PinHeader_1x40_P2.54mm_Vertical.step,https://www.lcsc.com/datasheet/lcsc_datasheet_2212101330_BOOMELE-Boom-Precision-Elec-2-54-1-40P_C2337.pdf,厂家规格书 博穆 2.54-1xNA-H2.5 图纸（dim_PZ254_1xN.png，图片型，人工读图）,evidence/HDR-001/dim_PZ254_1xN.png;evidence/HDR-001/jlc.txt,B,用几针就选几针的封装（如 PinHeader_1x04），不要整排 40P 放板上,2026-10-02,环宽：2.54 脚距下官方焊盘 1.7、孔 1.0，环宽 0.35，再大易连锡，按 0.35 放宽。,否,0.64,"1,2",2.54-1xNA,0.35,无极性；PCB 方焊盘为 1 脚，按丝印依次编号,
HDR-002,排针排母,2.54mm 单排弯排针 1×40,2.54-1*40PStraight Bent Pin,BOOMELE(Boom Precision Elec),C2334,扩展库,¥1.1887@5+（立创商城）,立创商城 700，嘉立创 3502,2.54 单排弯针 1*40,未查询（淘宝需登录，按关键词自查）,PZ254R-11-40P（XFCN）/ C2925569：XFCN PZ254R-11-40P,额定 3A，90° 弯针,不适用,不适用,40,按丝印 1 脚（方焊盘）依次编号,2.54,不适用,方针 0.64,1,1.7×1.7,塑座 2.54 × 2.54；水平伸出 6.0，板下 3.0,卧式直插（针平行于板面）,约 2.54,Connector_Generic:Conn_01x40,Connector_PinHeader_2.54mm:PinHeader_1x40_P2.54mm_Horizontal,${KICAD10_3DMODEL_DIR}/Connector_PinHeader_2.54mm.3dshapes/PinHeader_1x40_P2.54mm_Horizontal.step,https://www.lcsc.com/datasheet/lcsc_datasheet_2304140030_BOOMELE-Boom-Precision-Elec-2-54-1-40P_C2334.pdf,厂家规格书 博穆 PZ2.54-1xNAW-ZW 图纸（dim_PZ254_1xN_RA.png，图片型，人工读图）,evidence/HDR-002/dim_PZ254_1xN_RA.png;evidence/HDR-002/jlc.txt,B,弯针伸出方向朝板边，封装外框画在伸出一侧,2026-10-02,环宽同直排针，按 0.35 放宽。,否,0.64,"1,2",,0.35,无极性；PCB 方焊盘为 1 脚，按丝印依次编号,
HDR-003,排针排母,2.54mm 双排直排针 2×40,2.54-2*40PPin,BOOMELE(Boom Precision Elec),C2333,扩展库,¥1.9745@5+（立创商城）,立创商城 4262，嘉立创 21480,2.54 双排针 2*40 直针,未查询（淘宝需登录，按关键词自查）,PZ254V-12-80P（XFCN）/ C2895847：XFCN PZ254V-12-80P,额定 3A，双排,不适用,不适用,80,1 脚方焊盘，单号一排、双号一排（Odd_Even）,2.54,2.54,方针 0.64,1,1.7×1.7,塑座宽 5.0 × 高 2.54；上露 6.0，下露 3.0，总长 11.4,立式直插,约 8.5,Connector_Generic:Conn_02x40_Odd_Even,Connector_PinHeader_2.54mm:PinHeader_2x40_P2.54mm_Vertical,${KICAD10_3DMODEL_DIR}/Connector_PinHeader_2.54mm.3dshapes/PinHeader_2x40_P2.54mm_Vertical.step,https://www.lcsc.com/datasheet/lcsc_datasheet_2407251516_BOOMELE-Boom-Precision-Elec-2-54-2-40P_C2333.pdf,厂家规格书 博穆 PZ2.54-2xNA-11.4MM 图纸（dim_PZ254_2xN.png，图片型，人工读图）,evidence/HDR-003/dim_PZ254_2xN.png;evidence/HDR-003/jlc.txt,B,双排针的符号脚号是 1、2 在同一列（左右排），画原理图前确认与模块丝印一致,2026-10-02,环宽同单排针，按 0.35 放宽。,否,0.64,"1,2",,0.35,PCB 方焊盘为 1 脚；单号一排、双号一排,
HDR-004,排针排母,2.0mm 单排直排针 1×40,2.0-1*40PStraight Pin Header,BOOMELE(Boom Precision Elec),C3411,扩展库,¥0.8384@5+（立创商城）,立创商城 1469，嘉立创 7385,2.0mm 单排针 1*40,未查询（淘宝需登录，按关键词自查）,PZ2.0-1X40P-H20（JXTCONN）/ C42431828：JXTCONN PZ2.0-1X40P-H20,额定 3A，2.0 mm 间距,不适用,不适用,40,按丝印 1 脚（方焊盘）依次编号,2.0,不适用,方针 0.50,0.8,1.35×1.35,塑座高 2.0；上露 4.0，下露 2.7，总长 8.7,立式直插,6.0,Connector_Generic:Conn_01x40,Connector_PinHeader_2.00mm:PinHeader_1x40_P2.00mm_Vertical,${KICAD10_3DMODEL_DIR}/Connector_PinHeader_2.00mm.3dshapes/PinHeader_1x40_P2.00mm_Vertical.step,https://www.lcsc.com/datasheet/lcsc_datasheet_1811151526_BOOMELE-Boom-Precision-Elec-2-0-1-40P_C3411.pdf,厂家规格书 博穆 PZ2.0-1xNA-L8.7MM 图纸（dim_PZ200_1xN.png，图片型，人工读图）,evidence/HDR-004/dim_PZ200_1xN.png;evidence/HDR-004/jlc.txt,B,2.0 和 2.54 外观很像，买错插不上；LD6002 等雷达模块是 2.0 间距,2026-10-02,环宽：2.0 脚距下官方焊盘 1.35、孔 0.8，环宽 0.27，按 0.27 放宽。,否,0.5,"1,2",,0.27,无极性；PCB 方焊盘为 1 脚，按丝印依次编号,
SKT-001,排针排母,2.54mm 单排排母 8.5mm 高（以 1×8 为代表）,2.54-1*8PFemale Environmentally Friendly,BOOMELE(Boom Precision Elec),C27438,扩展库,¥0.7097@5+（立创商城）,立创商城 22594，嘉立创 123847,2.54 单排母 8P 高 8.5,未查询（淘宝需登录，按关键词自查）,PM2.54-1X8PM-H85（JXTCONN）/ C42431840：JXTCONN PM2.54-1X8PM-H85,额定 3A，高 8.5,不适用,不适用,8,按丝印 1 脚（方焊盘）依次编号,2.54,不适用,引脚 0.64 × 0.40,1,1.7×1.7,宽 2.4 × 高 8.5；板下 3.2,立式直插,8.5,Connector_Generic:Conn_01x08,Connector_PinSocket_2.54mm:PinSocket_1x08_P2.54mm_Vertical,${KICAD10_3DMODEL_DIR}/Connector_PinSocket_2.54mm.3dshapes/PinSocket_1x08_P2.54mm_Vertical.step,https://www.lcsc.com/datasheet/lcsc_datasheet_2410122100_BOOMELE-Boom-Precision-Elec-2-54-1-8P_C27438.pdf,厂家规格书 博穆 2.54-1xNA-H8.5MM 图纸（dim_PM254_1xN.png，图片型，人工读图）,evidence/SKT-001/dim_PM254_1xN.png;evidence/SKT-001/jlc.txt,B,插模块的排母要先把模块插上再焊，保证两排对齐；其他针数换 PinSocket_1xNN,2026-10-02,V1.1 用同系列 1×20、1×8 实焊。环宽：官方焊盘 1.7、孔 1.0，按 0.35 放宽。,否,0.64,"1,2",,0.35,无极性；PCB 方焊盘为 1 脚，按丝印依次编号,
SKT-002,排针排母,2.54mm 双排排母 2×20 8.5mm 高,2.54-2*20P,BOOMELE(Boom Precision Elec),C5124634,扩展库,¥2.0166@5+（立创商城）,立创商城 2112，嘉立创 10681,2.54 双排母 2*20 高 8.5,未查询（淘宝需登录，按关键词自查）,PM2.54-2X20P-H85（JXTCONN）/ C42431846：JXTCONN PM2.54-2X20P-H85,额定 2.5A，高 8.5,不适用,不适用,40,1 脚方焊盘，单号一排、双号一排（Odd_Even）,2.54,2.54,引脚 0.64 × 0.40,1,1.7×1.7,宽 5.0 × 高 8.5；板下 3.1,立式直插,8.5,Connector_Generic:Conn_02x20_Odd_Even,Connector_PinSocket_2.54mm:PinSocket_2x20_P2.54mm_Vertical,${KICAD10_3DMODEL_DIR}/Connector_PinSocket_2.54mm.3dshapes/PinSocket_2x20_P2.54mm_Vertical.step,https://wmsc.lcsc.com/wmsc/upload/file/pdf/v2/lcsc/2401111126_BOOMELE-Boom-Precision-Elec-2-54-2-20P_C5124634.pdf,厂家规格书 博穆 PY2.54-2xNA-8.5MM 图纸（dim_PY254_2xN.png，图片型，人工读图）,evidence/SKT-002/dim_PY254_2xN.png;evidence/SKT-002/jlc.txt,B,树莓派等 2×20 接口用；核心板两排针间距大于 2.54 时要用两个单排母，不能用这个,2026-10-02,环宽按 0.35 放宽（同单排母）。,否,0.64,"1,3",,0.35,PCB 方焊盘为 1 脚；单号一排、双号一排,
SKT-003,排针排母,2.0mm 单排排母（以 1×8 为代表）,HX PM2.0-1x8P ZC,hanxia,C22438140,扩展库,¥0.9147@5+（立创商城）,立创商城 4177，嘉立创 20897,2.0mm 单排母 8P,未查询（淘宝需登录，按关键词自查）,2.0-1*40PFemale（BOOMELE(Boom Precision Elec)）/ C7243：BOOMELE 2.0 单排母 1×40，可剪短,额定 1.5A，高 4.3,不适用,不适用,8,按丝印 1 脚（方焊盘）依次编号,2.0,不适用,引脚 0.5 × 0.2,0.8,1.35×1.35,宽 2.4 × 高 4.3；板下 2.8,立式直插,4.3,Connector_Generic:Conn_01x08,StudentHW:PinSocket_1x08_P2.00mm_Vertical,${KICAD10_3DMODEL_DIR}/Connector_PinSocket_2.00mm.3dshapes/PinSocket_1x08_P2.00mm_Vertical.step,https://www.lcsc.com/datasheet/lcsc_datasheet_2405221104_hanxia-HX-PM2-0-1x8P-ZC_C22438140.pdf,V1.1 实物验证；厂家规格书 韩下 HX PM2.0-1x8P 图纸（dim_HX_PM20.png）,evidence/SKT-003/dim_HX_PM20.png;evidence/SKT-003/jlc.txt,A,2.0 和 2.54 外观很像，买错插不上,2026-10-02,V1.1 底板 J2、J9 雷达插座已用此封装实焊（LD6002/LD6002C 8P 2.0）。,否,0.5,"1,2",,,无极性；PCB 方焊盘为 1 脚，按丝印依次编号,
JMP-001,排针排母,2.54mm 跳线帽,2.54Short Circuit Cap Closed,BOOMELE(Boom Precision Elec),C100114,扩展库,¥0.057@50+（立创商城）,立创商城 11713，嘉立创 585660,2.54 跳线帽 短路帽,未查询（淘宝需登录，按关键词自查）,2.54Short Circuit Cap Opening（BOOMELE(Boom Precision Elec)）/ C5305：BOOMELE 开口跳线帽（可串在长针上）,额定 3A，闭口,不适用,不适用,不适用,短接相邻两根 2.54 排针,2.54,不适用,不适用,不适用,不适用,2.4 × 5.0 × 6.4（高）,插在排针上,不适用,不适用,不适用（配件，插在 HDR-001 的 2 针上）,无,https://wmsc.lcsc.com/wmsc/upload/file/pdf/v2/lcsc/2303231100_BOOMELE-Boom-Precision-Elec-2-54_C100114.pdf,厂家规格书 博穆 2.54 短路帽闭口图纸（dim_jumper254.png，图片型，人工读图）,evidence/JMP-001/dim_jumper254.png;evidence/JMP-001/jlc.txt,B,跳线帽要和 HDR-001 一起买；原理图用 Jumper 符号 + 1×02 排针封装,2026-10-02,配件，不上板，不需要封装和符号。,否,,"1,2",,,无极性,
TERM-001,端子,KF301 螺钉端子 2P 5.0mm,KF301-5.0-2P,Cixi Kefa Elec,C474881,扩展库,¥0.6203@5+（立创商城）,立创商城 15354，嘉立创 76865,KF301-5.0-2P 接线端子,未查询（淘宝需登录，按关键词自查）,其他品牌 KF301-5.0-2P 通用；注意 5.0 和 5.08 两种脚距,300V/16A，线径 22–14 AWG，剥线 4–5 mm，M2.5 螺丝,不适用,不适用,2,1、2 按丝印，接线口朝板外,5.0,不适用,引脚 Φ1.00,1.3,2.6×2.6,长 10.0（2P）× 深 7.6 × 高 10.0,立式直插，接线口朝板边,10.0,Connector:Screw_Terminal_01x02,"TerminalBlock_Phoenix:TerminalBlock_Phoenix_MKDS-1,5-2_1x02_P5.00mm_Horizontal","${KICAD10_3DMODEL_DIR}/TerminalBlock_Phoenix.3dshapes/TerminalBlock_Phoenix_MKDS-1,5-2_1x02_P5.00mm_Horizontal.step",https://www.lcsc.com/datasheet/lcsc_datasheet_2303171000_Cixi-Kefa-Elec-KF301-5-0-2P_C474881.pdf,厂家规格书 科发 KF301-5.0 图纸（dim_KF301_50.png，图片型，人工读图）,evidence/TERM-001/dim_KF301_50.png;evidence/TERM-001/jlc.txt,B,KF301 有 5.0 和 5.08 两种脚距，3P 以上混用会插不进；V1.1 用的是 5.08 的（见 TERM-003）,2026-10-02,厂家推荐孔 1.20，官方封装孔 1.3、焊盘 2.6。引脚离接线口一侧 4.0。,否,1.0,"1,2",,,PCB 方焊盘为 1 脚；接线口朝板外,
TERM-002,端子,KF301 螺钉端子 3P 5.0mm,KF301-5.0-3P,Cixi Kefa Elec,C474882,扩展库,¥0.8526@5+（立创商城）,立创商城 3853，嘉立创 19274,KF301-5.0-3P 接线端子,未查询（淘宝需登录，按关键词自查）,其他品牌 KF301-5.0-3P 通用；注意 5.0 和 5.08 两种脚距,300V/16A，线径 22–14 AWG，剥线 4–5 mm，M2.5 螺丝,不适用,不适用,3,1、2、3 按丝印，接线口朝板外,5.0,不适用,引脚 Φ1.00,1.3,2.6×2.6,长 15.0（3P）× 深 7.6 × 高 10.0,立式直插，接线口朝板边,10.0,Connector:Screw_Terminal_01x03,"TerminalBlock_Phoenix:TerminalBlock_Phoenix_MKDS-1,5-3_1x03_P5.00mm_Horizontal","${KICAD10_3DMODEL_DIR}/TerminalBlock_Phoenix.3dshapes/TerminalBlock_Phoenix_MKDS-1,5-3_1x03_P5.00mm_Horizontal.step",https://www.lcsc.com/datasheet/lcsc_datasheet_2303171000_Cixi-Kefa-Elec-KF301-5-0-3P_C474882.pdf,厂家规格书 科发 KF301-5.0 图纸（与 TERM-001 同一份，图片型，人工读图，见 evidence/TERM-001/dim_KF301_50.png）,evidence/TERM-002/jlc.txt;evidence/TERM-001/dim_KF301_50.png,B,KF301 有 5.0 和 5.08 两种脚距，3P 混用插不进；V1.1 用的是 5.08 的（见 TERM-004）,2026-10-02,厂家推荐孔 1.20，官方封装孔 1.3、焊盘 2.6。,否,1.0,"1,2",,,PCB 方焊盘为 1 脚；接线口朝板外,
XH-002,端子,XH 2P 直插（JST B2B-XH-A）,B2B-XH-A(LF)(SN),JST,C158012,扩展库,¥0.2486@20+（立创商城）,立创商城 16123，嘉立创 337727,JST XH2.5 2P 直针座,未查询（淘宝需登录，按关键词自查）,HX-XH2.54-2PZZ（hanxia）/ C42391660：韩下 XH 兼容座，商品名写 2.54，买前核对规格书脚距为 2.5,JST 原厂 XH，额定 3A（AWG22），脚距 2.5,不适用,不适用,2,1 脚在本体标记端（方焊盘），依次编号,2.5,不适用,方针 0.64,1,1.7×2,长 7.4（=脚数×2.5+2.4）× 深 5.75 × 高 7.0,立式直插（插头从上方插入）,7.0,Connector_Generic:Conn_01x02,Connector_JST:JST_XH_B2B-XH-A_1x02_P2.50mm_Vertical,${KICAD10_3DMODEL_DIR}/Connector_JST.3dshapes/JST_XH_B2B-XH-A_1x02_P2.50mm_Vertical.step,https://www.lcsc.com/datasheet/lcsc_datasheet_2304140030_JST-B2B-XH-A-LF-SN_C158012.pdf,JST XH 目录 Through-hole shrouded header 尺寸表（dim_JST_XH_top.png）,evidence/XH-002/dim_JST_XH_top.png;evidence/XH-002/jlc.txt,B,"淘宝常写""XH2.54""，实际脚距 2.5；用 2.54 封装 5P 以上会插不进。插座缺口方向要和线材插头卡扣对上",2026-10-02,环宽：官方焊盘 1.7×2.0、孔 1.0，2.5 脚距放不下更大焊盘，按 0.35 放宽。,否,0.64,"1,2",B2B-XH-A,0.35,PCB 方焊盘为 1 脚，对应插座本体上的三角标记端,
XH-003,端子,XH 3P 直插（JST B3B-XH-A）,B3B-XH-A(LF)(SN),JST,C144394,扩展库,¥0.3331@10+（立创商城）,立创商城 12803，嘉立创 186148,JST XH2.5 3P 直针座,未查询（淘宝需登录，按关键词自查）,国产 XH 兼容座可用，买前核对脚距 2.5,JST 原厂 XH，额定 3A（AWG22），脚距 2.5,不适用,不适用,3,1 脚在本体标记端（方焊盘），依次编号,2.5,不适用,方针 0.64,0.95,1.7×1.95,长 9.9 × 深 5.75 × 高 7.0,立式直插,7.0,Connector_Generic:Conn_01x03,Connector_JST:JST_XH_B3B-XH-A_1x03_P2.50mm_Vertical,${KICAD10_3DMODEL_DIR}/Connector_JST.3dshapes/JST_XH_B3B-XH-A_1x03_P2.50mm_Vertical.step,https://www.lcsc.com/datasheet/lcsc_datasheet_2304140030_JST-B3B-XH-A-LF-SN_C144394.pdf,JST XH 目录尺寸表（见 evidence/XH-002/dim_JST_XH_top.png）,evidence/XH-003/jlc.txt;evidence/XH-002/dim_JST_XH_top.png,B,"淘宝常写""XH2.54""，实际脚距 2.5；用 2.54 封装 5P 以上会插不进。插座缺口方向要和线材插头卡扣对上",2026-10-02,环宽：官方焊盘 1.7×2.0、孔 1.0，2.5 脚距放不下更大焊盘，按 0.35 放宽。,否,0.64,"1,2",B3B-XH-A,0.35,PCB 方焊盘为 1 脚，对应插座本体上的三角标记端,
XH-004,端子,XH 4P 直插（JST B4B-XH-A）,B4B-XH-A(LF)(SN),JST,C144395,扩展库,¥0.3783@10+（立创商城）,立创商城 8211，嘉立创 88648,JST XH2.5 4P 直针座,未查询（淘宝需登录，按关键词自查）,国产 XH 兼容座可用，买前核对脚距 2.5,JST 原厂 XH，额定 3A（AWG22），脚距 2.5,不适用,不适用,4,1 脚在本体标记端（方焊盘），依次编号,2.5,不适用,方针 0.64,0.95,1.7×1.95,长 12.4 × 深 5.75 × 高 7.0,立式直插,7.0,Connector_Generic:Conn_01x04,Connector_JST:JST_XH_B4B-XH-A_1x04_P2.50mm_Vertical,${KICAD10_3DMODEL_DIR}/Connector_JST.3dshapes/JST_XH_B4B-XH-A_1x04_P2.50mm_Vertical.step,https://www.lcsc.com/datasheet/lcsc_datasheet_2304140030_JST-B4B-XH-A-LF-SN_C144395.pdf,JST XH 目录尺寸表（见 evidence/XH-002/dim_JST_XH_top.png）,evidence/XH-004/jlc.txt;evidence/XH-002/dim_JST_XH_top.png,B,"淘宝常写""XH2.54""，实际脚距 2.5；用 2.54 封装 5P 以上会插不进。插座缺口方向要和线材插头卡扣对上",2026-10-02,环宽：官方焊盘 1.7×2.0、孔 1.0，2.5 脚距放不下更大焊盘，按 0.35 放宽。,否,0.64,"1,2",B4B-XH-A,0.35,PCB 方焊盘为 1 脚，对应插座本体上的三角标记端,
XH-005,端子,XH 5P 直插（JST B5B-XH-A）,B5B-XH-A(LF)(SN),JST,C157991,扩展库,¥0.5238@5+（立创商城）,立创商城 11216，嘉立创 70880,JST XH2.5 5P 直针座,未查询（淘宝需登录，按关键词自查）,国产 XH 兼容座可用，买前核对脚距 2.5,JST 原厂 XH，额定 3A（AWG22），脚距 2.5,不适用,不适用,5,1 脚在本体标记端（方焊盘），依次编号,2.5,不适用,方针 0.64,0.95,1.7×1.95,长 14.9 × 深 5.75 × 高 7.0,立式直插,7.0,Connector_Generic:Conn_01x05,Connector_JST:JST_XH_B5B-XH-A_1x05_P2.50mm_Vertical,${KICAD10_3DMODEL_DIR}/Connector_JST.3dshapes/JST_XH_B5B-XH-A_1x05_P2.50mm_Vertical.step,https://www.lcsc.com/datasheet/lcsc_datasheet_2304140030_JST-B5B-XH-A-LF-SN_C157991.pdf,JST XH 目录尺寸表（见 evidence/XH-002/dim_JST_XH_top.png）,evidence/XH-005/jlc.txt;evidence/XH-002/dim_JST_XH_top.png,B,"淘宝常写""XH2.54""，实际脚距 2.5；用 2.54 封装 5P 以上会插不进。插座缺口方向要和线材插头卡扣对上",2026-10-02,环宽：官方焊盘 1.7×2.0、孔 1.0，2.5 脚距放不下更大焊盘，按 0.35 放宽。,否,0.64,"1,2",B5B-XH-A,0.35,PCB 方焊盘为 1 脚，对应插座本体上的三角标记端,
XH-006,端子,XH 6P 直插（JST B6B-XH-A）,B6B-XH-A(LF)(SN),JST,C144397,扩展库,¥0.56@5+（立创商城）,立创商城 8822，嘉立创 44111,JST XH2.5 6P 直针座,未查询（淘宝需登录，按关键词自查）,国产 XH 兼容座可用，买前核对脚距 2.5,JST 原厂 XH，额定 3A（AWG22），脚距 2.5,不适用,不适用,6,1 脚在本体标记端（方焊盘），依次编号,2.5,不适用,方针 0.64,0.95,1.7×1.95,长 17.4 × 深 5.75 × 高 7.0,立式直插,7.0,Connector_Generic:Conn_01x06,Connector_JST:JST_XH_B6B-XH-A_1x06_P2.50mm_Vertical,${KICAD10_3DMODEL_DIR}/Connector_JST.3dshapes/JST_XH_B6B-XH-A_1x06_P2.50mm_Vertical.step,https://www.lcsc.com/datasheet/lcsc_datasheet_2304140030_JST-B6B-XH-A-LF-SN_C144397.pdf,JST XH 目录尺寸表（见 evidence/XH-002/dim_JST_XH_top.png）,evidence/XH-006/jlc.txt;evidence/XH-002/dim_JST_XH_top.png,B,"淘宝常写""XH2.54""，实际脚距 2.5；用 2.54 封装 5P 以上会插不进。插座缺口方向要和线材插头卡扣对上",2026-10-02,环宽：官方焊盘 1.7×2.0、孔 1.0，2.5 脚距放不下更大焊盘，按 0.35 放宽。,否,0.64,"1,2",B6B-XH-A,0.35,PCB 方焊盘为 1 脚，对应插座本体上的三角标记端,
XH-102,端子,XH 2P 弯插（JST S2B-XH-A）,S2B-XH-A(LF)(SN),JST,C157931,扩展库,¥0.5027@10+（立创商城）,立创商城 2230，嘉立创 41521,JST XH2.5 2P 弯针座,未查询（淘宝需登录，按关键词自查）,S2B-XH-A-1(LF)(SN)（JST）/ C163035：JST S2B-XH-A-1（另一种侧插高度），脚位相同,JST 原厂 XH，额定 3A（AWG22），脚距 2.5,不适用,不适用,2,1 脚在本体标记端（方焊盘），依次编号,2.5,不适用,方针 0.64,1,1.7×2,侧插型，长 = 脚数×2.5+2.4，插入方向尺寸 11.5（见图，S()B-XH-A 型 9.2）,卧式直插（插头平行于板面插入，插口朝板边）,约 7（见图）,Connector_Generic:Conn_01x02,Connector_JST:JST_XH_S2B-XH-A_1x02_P2.50mm_Horizontal,${KICAD10_3DMODEL_DIR}/Connector_JST.3dshapes/JST_XH_S2B-XH-A_1x02_P2.50mm_Horizontal.step,https://www.lcsc.com/datasheet/lcsc_datasheet_2304140030_JST-S2B-XH-A-LF-SN_C157931.pdf,JST XH 目录 Side entry type 尺寸（dim_JST_XH_side.png）,evidence/XH-102/dim_JST_XH_side.png;evidence/XH-102/jlc.txt,B,"弯插座插口朝板边，封装外框伸出的一侧就是插口；淘宝""XH2.54""实际脚距 2.5",2026-10-02,环宽：官方焊盘 1.7×2.0、孔 1.0，2.5 脚距放不下更大焊盘，按 0.35 放宽。,否,0.64,"1,2",S2B-XH-A,0.35,PCB 方焊盘为 1 脚，对应插座本体上的三角标记端,
XH-103,端子,XH 3P 弯插（JST S3B-XH-A）,S3B-XH-A(LF)(SN),JST,C157928,扩展库,¥0.4518@10+（立创商城）,立创商城 13462，嘉立创 140629,JST XH2.5 3P 弯针座,未查询（淘宝需登录，按关键词自查）,国产 XH 弯针座可用，买前核对脚距 2.5,JST 原厂 XH，额定 3A（AWG22），脚距 2.5,不适用,不适用,3,1 脚在本体标记端（方焊盘），依次编号,2.5,不适用,方针 0.64,0.95,1.7×1.95,侧插型，长 = 脚数×2.5+2.4，插入方向尺寸 11.5（见图，S()B-XH-A 型 9.2）,卧式直插（插口朝板边）,约 7（见图）,Connector_Generic:Conn_01x03,Connector_JST:JST_XH_S3B-XH-A_1x03_P2.50mm_Horizontal,${KICAD10_3DMODEL_DIR}/Connector_JST.3dshapes/JST_XH_S3B-XH-A_1x03_P2.50mm_Horizontal.step,https://www.lcsc.com/datasheet/lcsc_datasheet_2304140030_JST-S3B-XH-A-LF-SN_C157928.pdf,JST XH 目录 Side entry type 尺寸（见 evidence/XH-102/dim_JST_XH_side.png）,evidence/XH-103/jlc.txt;evidence/XH-102/dim_JST_XH_side.png,B,"弯插座插口朝板边，封装外框伸出的一侧就是插口；淘宝""XH2.54""实际脚距 2.5",2026-10-02,环宽：官方焊盘 1.7×2.0、孔 1.0，2.5 脚距放不下更大焊盘，按 0.35 放宽。,否,0.64,"1,2",S3B-XH-A,0.35,PCB 方焊盘为 1 脚，对应插座本体上的三角标记端,
XH-104,端子,XH 4P 弯插（JST S4B-XH-A）,S4B-XH-A(LF)(SN),JST,C157925,扩展库,¥0.5499@5+（立创商城）,立创商城 16578，嘉立创 83333,JST XH2.5 4P 弯针座,未查询（淘宝需登录，按关键词自查）,国产 XH 弯针座可用，买前核对脚距 2.5,JST 原厂 XH，额定 3A（AWG22），脚距 2.5,不适用,不适用,4,1 脚在本体标记端（方焊盘），依次编号,2.5,不适用,方针 0.64,0.95,1.7×1.95,侧插型，长 = 脚数×2.5+2.4，插入方向尺寸 11.5（见图，S()B-XH-A 型 9.2）,卧式直插（插口朝板边）,约 7（见图）,Connector_Generic:Conn_01x04,Connector_JST:JST_XH_S4B-XH-A_1x04_P2.50mm_Horizontal,${KICAD10_3DMODEL_DIR}/Connector_JST.3dshapes/JST_XH_S4B-XH-A_1x04_P2.50mm_Horizontal.step,https://www.lcsc.com/datasheet/lcsc_datasheet_2304140030_JST-S4B-XH-A-LF-SN_C157925.pdf,JST XH 目录 Side entry type 尺寸（见 evidence/XH-102/dim_JST_XH_side.png）,evidence/XH-104/jlc.txt;evidence/XH-102/dim_JST_XH_side.png,B,"弯插座插口朝板边，封装外框伸出的一侧就是插口；淘宝""XH2.54""实际脚距 2.5",2026-10-02,环宽：官方焊盘 1.7×2.0、孔 1.0，2.5 脚距放不下更大焊盘，按 0.35 放宽。,否,0.64,"1,2",S4B-XH-A,0.35,PCB 方焊盘为 1 脚，对应插座本体上的三角标记端,
XH-105,端子,XH 5P 弯插（JST S5B-XH-A）,S5B-XH-A(LF)(SN),JST,C263757,扩展库,¥0.9641@5+（立创商城）,立创商城 4292，嘉立创 21464,JST XH2.5 5P 弯针座,未查询（淘宝需登录，按关键词自查）,国产 XH 弯针座可用，买前核对脚距 2.5,JST 原厂 XH，额定 3A（AWG22），脚距 2.5,不适用,不适用,5,1 脚在本体标记端（方焊盘），依次编号,2.5,不适用,方针 0.64,0.95,1.7×1.95,侧插型，长 = 脚数×2.5+2.4，插入方向尺寸 11.5（见图，S()B-XH-A 型 9.2）,卧式直插（插口朝板边）,约 7（见图）,Connector_Generic:Conn_01x05,Connector_JST:JST_XH_S5B-XH-A_1x05_P2.50mm_Horizontal,${KICAD10_3DMODEL_DIR}/Connector_JST.3dshapes/JST_XH_S5B-XH-A_1x05_P2.50mm_Horizontal.step,https://www.lcsc.com/datasheet/lcsc_datasheet_2304140030_JST-S5B-XH-A-LF-SN_C263757.pdf,JST XH 目录 Side entry type 尺寸（见 evidence/XH-102/dim_JST_XH_side.png）,evidence/XH-105/jlc.txt;evidence/XH-102/dim_JST_XH_side.png,B,"弯插座插口朝板边，封装外框伸出的一侧就是插口；淘宝""XH2.54""实际脚距 2.5",2026-10-02,环宽：官方焊盘 1.7×2.0、孔 1.0，2.5 脚距放不下更大焊盘，按 0.35 放宽。,否,0.64,"1,2",S5B-XH-A,0.35,PCB 方焊盘为 1 脚，对应插座本体上的三角标记端,
XH-106,端子,XH 6P 弯插（JST S6B-XH-A）,S6B-XH-A(LF)(SN),JST,C157919,扩展库,¥1.0565@5+（立创商城）,立创商城 4490，嘉立创 22452,JST XH2.5 6P 弯针座,未查询（淘宝需登录，按关键词自查）,国产 XH 弯针座可用，买前核对脚距 2.5,JST 原厂 XH，额定 3A（AWG22），脚距 2.5,不适用,不适用,6,1 脚在本体标记端（方焊盘），依次编号,2.5,不适用,方针 0.64,0.95,1.7×1.95,侧插型，长 = 脚数×2.5+2.4，插入方向尺寸 11.5（见图，S()B-XH-A 型 9.2）,卧式直插（插口朝板边）,约 7（见图）,Connector_Generic:Conn_01x06,Connector_JST:JST_XH_S6B-XH-A_1x06_P2.50mm_Horizontal,${KICAD10_3DMODEL_DIR}/Connector_JST.3dshapes/JST_XH_S6B-XH-A_1x06_P2.50mm_Horizontal.step,https://www.lcsc.com/datasheet/lcsc_datasheet_2304140030_JST-S6B-XH-A-LF-SN_C157919.pdf,JST XH 目录 Side entry type 尺寸（见 evidence/XH-102/dim_JST_XH_side.png）,evidence/XH-106/jlc.txt;evidence/XH-102/dim_JST_XH_side.png,B,"弯插座插口朝板边，封装外框伸出的一侧就是插口；淘宝""XH2.54""实际脚距 2.5",2026-10-02,环宽：官方焊盘 1.7×2.0、孔 1.0，2.5 脚距放不下更大焊盘，按 0.35 放宽。,否,0.64,"1,2",S6B-XH-A,0.35,PCB 方焊盘为 1 脚，对应插座本体上的三角标记端,
PH-002,端子,PH2.0 2P 直插（JST B2B-PH-K-S）,B2B-PH-K-S(LF)(SN),JST,C131337,扩展库,¥0.2166@20+（立创商城）,立创商城 2563，嘉立创 64178,JST PH2.0 2P 直针座,未查询（淘宝需登录，按关键词自查）,BX-PH2.0-2PZZ（Bossie）/ C18077744：博赛 PH2.0 兼容座,JST 原厂 PH，额定 2A（AWG24），脚距 2.0,不适用,不适用,2,1 脚在本体标记端（方焊盘），依次编号,2.0,不适用,方针 0.5,0.75,1.2×1.75,长 5.9（=脚数×2+1.9）× 深 4.5 × 高 6.0,立式直插,6.0,Connector_Generic:Conn_01x02,Connector_JST:JST_PH_B2B-PH-K_1x02_P2.00mm_Vertical,${KICAD10_3DMODEL_DIR}/Connector_JST.3dshapes/JST_PH_B2B-PH-K_1x02_P2.00mm_Vertical.step,https://www.lcsc.com/datasheet/lcsc_datasheet_2304140030_JST-B2B-PH-K-S-LF-SN_C131337.pdf,JST PH 目录 Through-hole shrouded header 尺寸表（dim_JST_PH_top.png）,evidence/PH-002/dim_JST_PH_top.png;evidence/PH-002/jlc.txt,B,锂电池、小喇叭常用 PH2.0，但不同卖家的电池线红黑顺序可能相反，接前用万用表量,2026-10-02,环宽：官方焊盘 1.2×1.75、孔 0.75，2.0 脚距放不下更大焊盘，按 0.22 放宽（焊盘沿长边仍有 0.5）。,否,0.5,"1,2",B2B-PH-K-S,0.22,PCB 方焊盘为 1 脚，对应插座本体上的三角标记端,
PH-003,端子,PH2.0 3P 直插（JST B3B-PH-K-S）,B3B-PH-K-S(LF)(SN),JST,C131339,扩展库,¥0.2756@10+（立创商城）,立创商城 14239，嘉立创 142355,JST PH2.0 3P 直针座,未查询（淘宝需登录，按关键词自查）,国产 PH2.0 兼容座可用,JST 原厂 PH，额定 2A（AWG24），脚距 2.0,不适用,不适用,3,1 脚在本体标记端（方焊盘），依次编号,2.0,不适用,方针 0.5,0.75,1.2×1.75,长 7.9 × 深 4.5 × 高 6.0,立式直插,6.0,Connector_Generic:Conn_01x03,Connector_JST:JST_PH_B3B-PH-K_1x03_P2.00mm_Vertical,${KICAD10_3DMODEL_DIR}/Connector_JST.3dshapes/JST_PH_B3B-PH-K_1x03_P2.00mm_Vertical.step,https://www.lcsc.com/datasheet/lcsc_datasheet_2304140030_JST-B3B-PH-K-S-LF-SN_C131339.pdf,JST PH 目录尺寸表（见 evidence/PH-002/dim_JST_PH_top.png）,evidence/PH-003/jlc.txt;evidence/PH-002/dim_JST_PH_top.png,B,锂电池、小喇叭常用 PH2.0，但不同卖家的电池线红黑顺序可能相反，接前用万用表量,2026-10-02,环宽：官方焊盘 1.2×1.75、孔 0.75，2.0 脚距放不下更大焊盘，按 0.22 放宽（焊盘沿长边仍有 0.5）。,否,0.5,"1,2",B3B-PH-K-S,0.22,PCB 方焊盘为 1 脚，对应插座本体上的三角标记端,
PH-004,端子,PH2.0 4P 直插（JST B4B-PH-K-S）,B4B-PH-K-S(LF)(SN),JST,C131334,扩展库,¥0.2789@10+（立创商城）,立创商城 6921，嘉立创 111565,JST PH2.0 4P 直针座,未查询（淘宝需登录，按关键词自查）,国产 PH2.0 兼容座可用,JST 原厂 PH，额定 2A（AWG24），脚距 2.0,不适用,不适用,4,1 脚在本体标记端（方焊盘），依次编号,2.0,不适用,方针 0.5,0.75,1.2×1.75,长 9.9 × 深 4.5 × 高 6.0,立式直插,6.0,Connector_Generic:Conn_01x04,Connector_JST:JST_PH_B4B-PH-K_1x04_P2.00mm_Vertical,${KICAD10_3DMODEL_DIR}/Connector_JST.3dshapes/JST_PH_B4B-PH-K_1x04_P2.00mm_Vertical.step,https://www.lcsc.com/datasheet/lcsc_datasheet_2304140030_JST-B4B-PH-K-S-LF-SN_C131334.pdf,JST PH 目录尺寸表（见 evidence/PH-002/dim_JST_PH_top.png）,evidence/PH-004/jlc.txt;evidence/PH-002/dim_JST_PH_top.png,B,锂电池、小喇叭常用 PH2.0，但不同卖家的电池线红黑顺序可能相反，接前用万用表量,2026-10-02,环宽：官方焊盘 1.2×1.75、孔 0.75，2.0 脚距放不下更大焊盘，按 0.22 放宽（焊盘沿长边仍有 0.5）。,否,0.5,"1,2",B4B-PH-K-S,0.22,PCB 方焊盘为 1 脚，对应插座本体上的三角标记端,
PH-005,端子,PH2.0 5P 直插（JST B5B-PH-K-S）,B5B-PH-K-S(LF)(SN),JST,C157993,扩展库,¥0.3333@10+（立创商城）,立创商城 16011，嘉立创 160112,JST PH2.0 5P 直针座,未查询（淘宝需登录，按关键词自查）,国产 PH2.0 兼容座可用,JST 原厂 PH，额定 2A（AWG24），脚距 2.0,不适用,不适用,5,1 脚在本体标记端（方焊盘），依次编号,2.0,不适用,方针 0.5,0.75,1.2×1.75,长 11.9 × 深 4.5 × 高 6.0,立式直插,6.0,Connector_Generic:Conn_01x05,Connector_JST:JST_PH_B5B-PH-K_1x05_P2.00mm_Vertical,${KICAD10_3DMODEL_DIR}/Connector_JST.3dshapes/JST_PH_B5B-PH-K_1x05_P2.00mm_Vertical.step,https://www.lcsc.com/datasheet/lcsc_datasheet_2304140030_JST-B5B-PH-K-S-LF-SN_C157993.pdf,JST PH 目录尺寸表（见 evidence/PH-002/dim_JST_PH_top.png）,evidence/PH-005/jlc.txt;evidence/PH-002/dim_JST_PH_top.png,B,锂电池、小喇叭常用 PH2.0，但不同卖家的电池线红黑顺序可能相反，接前用万用表量,2026-10-02,环宽：官方焊盘 1.2×1.75、孔 0.75，2.0 脚距放不下更大焊盘，按 0.22 放宽（焊盘沿长边仍有 0.5）。,否,0.5,"1,2",B5B-PH-K-S,0.22,PCB 方焊盘为 1 脚，对应插座本体上的三角标记端,
PH-006,端子,PH2.0 6P 直插（JST B6B-PH-K-S）,B6B-PH-K-S(LF)(SN),JST,C131342,扩展库,¥0.4438@10+（立创商城）,立创商城 7738，嘉立创 77387,JST PH2.0 6P 直针座,未查询（淘宝需登录，按关键词自查）,国产 PH2.0 兼容座可用,JST 原厂 PH，额定 2A（AWG24），脚距 2.0,不适用,不适用,6,1 脚在本体标记端（方焊盘），依次编号,2.0,不适用,方针 0.5,0.75,1.2×1.75,长 13.9 × 深 4.5 × 高 6.0,立式直插,6.0,Connector_Generic:Conn_01x06,Connector_JST:JST_PH_B6B-PH-K_1x06_P2.00mm_Vertical,${KICAD10_3DMODEL_DIR}/Connector_JST.3dshapes/JST_PH_B6B-PH-K_1x06_P2.00mm_Vertical.step,https://www.lcsc.com/datasheet/lcsc_datasheet_1811151524_JST-B6B-PH-K-S-LF-SN_C131342.pdf,JST PH 目录尺寸表（见 evidence/PH-002/dim_JST_PH_top.png）,evidence/PH-006/jlc.txt;evidence/PH-002/dim_JST_PH_top.png,B,锂电池、小喇叭常用 PH2.0，但不同卖家的电池线红黑顺序可能相反，接前用万用表量,2026-10-02,环宽：官方焊盘 1.2×1.75、孔 0.75，2.0 脚距放不下更大焊盘，按 0.22 放宽（焊盘沿长边仍有 0.5）。,否,0.5,"1,2",B6B-PH-K-S,0.22,PCB 方焊盘为 1 脚，对应插座本体上的三角标记端,
PH-102,端子,PH2.0 2P 弯插（JST S2B-PH-K-S）,S2B-PH-K-S(LF)(SN),JST,C173752,扩展库,¥0.2428@20+（立创商城）,立创商城 9388，嘉立创 187776,JST PH2.0 2P 弯针座,未查询（淘宝需登录，按关键词自查）,国产 PH2.0 弯针座可用,JST 原厂 PH，额定 2A（AWG24），脚距 2.0,不适用,不适用,2,1 脚在本体标记端（方焊盘），依次编号,2.0,不适用,方针 0.5,0.75,1.2×1.75,侧插型，长 = 脚数×2+1.9，插入方向 4.8，板上高 6.0（见图）,卧式直插（插口朝板边）,6.0,Connector_Generic:Conn_01x02,Connector_JST:JST_PH_S2B-PH-K_1x02_P2.00mm_Horizontal,${KICAD10_3DMODEL_DIR}/Connector_JST.3dshapes/JST_PH_S2B-PH-K_1x02_P2.00mm_Horizontal.step,https://www.lcsc.com/datasheet/lcsc_datasheet_2304140030_JST-S2B-PH-K-S-LF-SN_C173752.pdf,JST PH 目录 Side entry type 尺寸（dim_JST_PH_side.png）,evidence/PH-102/dim_JST_PH_side.png;evidence/PH-102/jlc.txt,B,弯插座插口朝板边；电池线红黑顺序因卖家而异，接前量,2026-10-02,环宽：官方焊盘 1.2×1.75、孔 0.75，2.0 脚距放不下更大焊盘，按 0.22 放宽（焊盘沿长边仍有 0.5）。,否,0.5,"1,2",S2B-PH-K-S,0.22,PCB 方焊盘为 1 脚，对应插座本体上的三角标记端,
PH-103,端子,PH2.0 3P 弯插（JST S3B-PH-K-S）,S3B-PH-K-S(LF)(SN),JST,C157929,扩展库,¥0.2257@10+（立创商城）,立创商城 13335，嘉立创 133353,JST PH2.0 3P 弯针座,未查询（淘宝需登录，按关键词自查）,国产 PH2.0 弯针座可用,JST 原厂 PH，额定 2A（AWG24），脚距 2.0,不适用,不适用,3,1 脚在本体标记端（方焊盘），依次编号,2.0,不适用,方针 0.5,0.75,1.2×1.75,侧插型，长 = 脚数×2+1.9，插入方向 4.8，板上高 6.0（见图）,卧式直插（插口朝板边）,6.0,Connector_Generic:Conn_01x03,Connector_JST:JST_PH_S3B-PH-K_1x03_P2.00mm_Horizontal,${KICAD10_3DMODEL_DIR}/Connector_JST.3dshapes/JST_PH_S3B-PH-K_1x03_P2.00mm_Horizontal.step,https://www.lcsc.com/datasheet/lcsc_datasheet_2304140030_JST-S3B-PH-K-S-LF-SN_C157929.pdf,JST PH 目录 Side entry type 尺寸（见 evidence/PH-102/dim_JST_PH_side.png）,evidence/PH-103/jlc.txt;evidence/PH-102/dim_JST_PH_side.png,B,弯插座插口朝板边；电池线红黑顺序因卖家而异，接前量,2026-10-02,环宽：官方焊盘 1.2×1.75、孔 0.75，2.0 脚距放不下更大焊盘，按 0.22 放宽（焊盘沿长边仍有 0.5）。,否,0.5,"1,2",S3B-PH-K-S,0.22,PCB 方焊盘为 1 脚，对应插座本体上的三角标记端,
PH-104,端子,PH2.0 4P 弯插（JST S4B-PH-K-S）,S4B-PH-K-S(LF)(SN),JST,C157926,扩展库,¥0.4548@10+（立创商城）,立创商城 1914，嘉立创 19146,JST PH2.0 4P 弯针座,未查询（淘宝需登录，按关键词自查）,国产 PH2.0 弯针座可用,JST 原厂 PH，额定 2A（AWG24），脚距 2.0,不适用,不适用,4,1 脚在本体标记端（方焊盘），依次编号,2.0,不适用,方针 0.5,0.75,1.2×1.75,侧插型，长 = 脚数×2+1.9，插入方向 4.8，板上高 6.0（见图）,卧式直插（插口朝板边）,6.0,Connector_Generic:Conn_01x04,Connector_JST:JST_PH_S4B-PH-K_1x04_P2.00mm_Horizontal,${KICAD10_3DMODEL_DIR}/Connector_JST.3dshapes/JST_PH_S4B-PH-K_1x04_P2.00mm_Horizontal.step,https://www.lcsc.com/datasheet/lcsc_datasheet_2304140030_JST-S4B-PH-K-S-LF-SN_C157926.pdf,JST PH 目录 Side entry type 尺寸（见 evidence/PH-102/dim_JST_PH_side.png）,evidence/PH-104/jlc.txt;evidence/PH-102/dim_JST_PH_side.png,B,弯插座插口朝板边；电池线红黑顺序因卖家而异，接前量,2026-10-02,环宽：官方焊盘 1.2×1.75、孔 0.75，2.0 脚距放不下更大焊盘，按 0.22 放宽（焊盘沿长边仍有 0.5）。,否,0.5,"1,2",S4B-PH-K-S,0.22,PCB 方焊盘为 1 脚，对应插座本体上的三角标记端,
PH-105,端子,PH2.0 5P 弯插（JST S5B-PH-K-S）,S5B-PH-K-S(LF)(SN),JST,C157923,扩展库,¥0.4737@10+（立创商城）,立创商城 6385，嘉立创 63858,JST PH2.0 5P 弯针座,未查询（淘宝需登录，按关键词自查）,国产 PH2.0 弯针座可用,JST 原厂 PH，额定 2A（AWG24），脚距 2.0,不适用,不适用,5,1 脚在本体标记端（方焊盘），依次编号,2.0,不适用,方针 0.5,0.75,1.2×1.75,侧插型，长 = 脚数×2+1.9，插入方向 4.8，板上高 6.0（见图）,卧式直插（插口朝板边）,6.0,Connector_Generic:Conn_01x05,Connector_JST:JST_PH_S5B-PH-K_1x05_P2.00mm_Horizontal,${KICAD10_3DMODEL_DIR}/Connector_JST.3dshapes/JST_PH_S5B-PH-K_1x05_P2.00mm_Horizontal.step,https://www.lcsc.com/datasheet/lcsc_datasheet_2304140030_JST-S5B-PH-K-S-LF-SN_C157923.pdf,JST PH 目录 Side entry type 尺寸（见 evidence/PH-102/dim_JST_PH_side.png）,evidence/PH-105/jlc.txt;evidence/PH-102/dim_JST_PH_side.png,B,弯插座插口朝板边；电池线红黑顺序因卖家而异，接前量,2026-10-02,环宽：官方焊盘 1.2×1.75、孔 0.75，2.0 脚距放不下更大焊盘，按 0.22 放宽（焊盘沿长边仍有 0.5）。,否,0.5,"1,2",S5B-PH-K-S,0.22,PCB 方焊盘为 1 脚，对应插座本体上的三角标记端,
PH-106,端子,PH2.0 6P 弯插（JST S6B-PH-K-S）,S6B-PH-K-S(LF)(SN),JST,C157920,扩展库,¥0.436@10+（立创商城）,立创商城 11691，嘉立创 116916,JST PH2.0 6P 弯针座,未查询（淘宝需登录，按关键词自查）,国产 PH2.0 弯针座可用,JST 原厂 PH，额定 2A（AWG24），脚距 2.0,不适用,不适用,6,1 脚在本体标记端（方焊盘），依次编号,2.0,不适用,方针 0.5,0.75,1.2×1.75,侧插型，长 = 脚数×2+1.9，插入方向 4.8，板上高 6.0（见图）,卧式直插（插口朝板边）,6.0,Connector_Generic:Conn_01x06,Connector_JST:JST_PH_S6B-PH-K_1x06_P2.00mm_Horizontal,${KICAD10_3DMODEL_DIR}/Connector_JST.3dshapes/JST_PH_S6B-PH-K_1x06_P2.00mm_Horizontal.step,https://www.lcsc.com/datasheet/lcsc_datasheet_2304140030_JST-S6B-PH-K-S-LF-SN_C157920.pdf,JST PH 目录 Side entry type 尺寸（见 evidence/PH-102/dim_JST_PH_side.png）,evidence/PH-106/jlc.txt;evidence/PH-102/dim_JST_PH_side.png,B,弯插座插口朝板边；电池线红黑顺序因卖家而异，接前量,2026-10-02,环宽：官方焊盘 1.2×1.75、孔 0.75，2.0 脚距放不下更大焊盘，按 0.22 放宽（焊盘沿长边仍有 0.5）。,否,0.5,"1,2",S6B-PH-K-S,0.22,PCB 方焊盘为 1 脚，对应插座本体上的三角标记端,
SW-001,开关,6×6 直插轻触开关 高 5mm,K2-1102DP-C4SW-04,Korean Hroparts Elec,C110153,扩展库,¥0.3612@10+（立创商城）,立创商城 8585，嘉立创 86680,6*6*5 轻触开关 直插 4 脚,未查询（淘宝需登录，按关键词自查）,TS665CJ（SHOU HAN）/ C393938：首韩 TS665CJ 6×6，脚位相同,6×6 直插 4 脚轻触开关，行程 0.25，按压力按型号后缀分档（见规格书）,不适用,GPIO 内部上拉，按下接地为低电平,2,四只脚两两相通：同一侧（相距 4.5）的两脚是一对开关触点，相距 6.5 的两脚常通,4.5（1–2 脚，另一方向 6.5）,6.5,片状脚 0.70 宽 × 0.30 厚,1.1,2×2,6.0 × 6.0，按钮高 5.0（总高）,立式直插,5.0,Switch:SW_Push,StudentHW:SW_PUSH_6mm,${KICAD10_3DMODEL_DIR}/Button_Switch_THT.3dshapes/SW_PUSH_6mm.step,https://www.lcsc.com/datasheet/lcsc_datasheet_2108131530_Korean-Hroparts-Elec-K2-1102DP-C4SW-04_C110153.pdf,厂家规格书 韩荣 K2-1102DP 图纸与高度表（dim_K2_6x6.png、dim_K2_height_table.png，图片型，人工读图）,evidence/SW-001/dim_K2_6x6.png;evidence/SW-001/dim_K2_height_table.png;evidence/SW-001/jlc.txt,B,方向放错会变成常通（6.5 方向两脚本来就通）；按封装丝印方向放,2026-10-02,封装与 V1.1 的 6×6×7.3 轻触开关同一个（V1.1 实焊）。环宽：封装孔 1.1、焊盘 2.0，环宽 0.45，沿用 V1.1 实焊尺寸。,否,0.76,"1,2",,0.45,无极性；同一侧（相距 4.5）两脚是开关触点，相距 6.5 的两脚常通,
SW-002,开关,6×6 直插轻触开关 高 7mm,K2-1102DP-G3SW-04,Korean Hroparts Elec,C136682,扩展库,¥0.4155@10+（立创商城）,立创商城 641，嘉立创 6410,6*6*7 轻触开关 直插 4 脚,未查询（淘宝需登录，按关键词自查）,任意品牌 6×6×7 直插 4 脚轻触开关（脚距 6.5×4.5）,6×6 直插 4 脚轻触开关，行程 0.25，按压力按型号后缀分档（见规格书）,不适用,GPIO 内部上拉，按下接地为低电平,2,四只脚两两相通：同一侧（相距 4.5）的两脚是一对开关触点，相距 6.5 的两脚常通,4.5（1–2 脚，另一方向 6.5）,6.5,片状脚 0.70 宽 × 0.30 厚,1.1,2×2,6.0 × 6.0，按钮高 7.0（总高）,立式直插,7.0,Switch:SW_Push,StudentHW:SW_PUSH_6mm,${KICAD10_3DMODEL_DIR}/Button_Switch_THT.3dshapes/SW_PUSH_6mm.step,https://www.lcsc.com/datasheet/lcsc_datasheet_2108131730_Korean-Hroparts-Elec-K2-1102DP-G3SW-04_C136682.pdf,V1.1 实物验证；厂家规格书 韩荣 K2-1102DP 图纸（图片型，人工读图，见 evidence/SW-001/dim_K2_6x6.png）,evidence/SW-002/jlc.txt;evidence/SW-001/dim_K2_6x6.png;evidence/SW-001/dim_K2_height_table.png,A,方向放错会变成常通（6.5 方向两脚本来就通）；按封装丝印方向放,2026-10-02,V1.1 底板 SW2–SW4 已用此封装实焊（6×6×7.3）。,否,0.76,"1,2",,,无极性；同一侧（相距 4.5）两脚是开关触点，相距 6.5 的两脚常通,
SW-003,开关,6×6 直插轻触开关 高 9mm,K2-1102DP-K4SW-04,Korean Hroparts Elec,C111992,扩展库,¥0.3992@10+（立创商城）,立创商城 255，嘉立创 2556,6*6*9 轻触开关 直插 4 脚,未查询（淘宝需登录，按关键词自查）,任意品牌 6×6×9 直插 4 脚轻触开关（脚距 6.5×4.5）,6×6 直插 4 脚轻触开关，行程 0.25，按压力按型号后缀分档（见规格书）,不适用,GPIO 内部上拉，按下接地为低电平,2,四只脚两两相通：同一侧（相距 4.5）的两脚是一对开关触点，相距 6.5 的两脚常通,4.5（1–2 脚，另一方向 6.5）,6.5,片状脚 0.70 宽 × 0.30 厚,1.1,2×2,6.0 × 6.0，按钮高 9.0（总高）,立式直插,9.0,Switch:SW_Push,StudentHW:SW_PUSH_6mm,${KICAD10_3DMODEL_DIR}/Button_Switch_THT.3dshapes/SW_PUSH_6mm.step,https://wmsc.lcsc.com/wmsc/upload/file/pdf/v2/lcsc/2108131530_Korean-Hroparts-Elec-K2-1102DP-K4SW-04_C111992.pdf,厂家规格书 韩荣 K2-1102DP 图纸（图片型，人工读图，见 evidence/SW-001/dim_K2_6x6.png、dim_K2_height_table.png）,evidence/SW-003/jlc.txt;evidence/SW-001/dim_K2_6x6.png;evidence/SW-001/dim_K2_height_table.png,B,方向放错会变成常通（6.5 方向两脚本来就通）；按封装丝印方向放,2026-10-02,封装与 V1.1 的 6×6×7.3 轻触开关同一个（V1.1 实焊）。环宽：封装孔 1.1、焊盘 2.0，环宽 0.45，沿用 V1.1 实焊尺寸。,否,0.76,"1,2",,0.45,无极性；同一侧（相距 4.5）两脚是开关触点，相距 6.5 的两脚常通,
SW-004,开关,6×6 直插轻触开关 高 13mm,K2-1102DP-S4SW-04,Korean Hroparts Elec,C223774,扩展库,¥0.415@10+（立创商城）,立创商城 177，嘉立创 1775,6*6*13 轻触开关 直插 4 脚,未查询（淘宝需登录，按关键词自查）,任意品牌 6×6×13 直插 4 脚轻触开关（脚距 6.5×4.5）,6×6 直插 4 脚轻触开关，行程 0.25，按压力按型号后缀分档（见规格书）,不适用,GPIO 内部上拉，按下接地为低电平,2,四只脚两两相通：同一侧（相距 4.5）的两脚是一对开关触点，相距 6.5 的两脚常通,4.5（1–2 脚，另一方向 6.5）,6.5,片状脚 0.70 宽 × 0.30 厚,1.1,2×2,6.0 × 6.0，按钮高 13.0（总高）,立式直插,13.0,Switch:SW_Push,StudentHW:SW_PUSH_6mm,${KICAD10_3DMODEL_DIR}/Button_Switch_THT.3dshapes/SW_PUSH_6mm.step,https://www.lcsc.com/datasheet/lcsc_datasheet_2108131730_Korean-Hroparts-Elec-K2-1102DP-S4SW-04_C223774.pdf,厂家规格书 韩荣 K2-1102DP 图纸（图片型，人工读图，见 evidence/SW-001/dim_K2_6x6.png、dim_K2_height_table.png）,evidence/SW-004/jlc.txt;evidence/SW-001/dim_K2_6x6.png;evidence/SW-001/dim_K2_height_table.png,B,13 mm 高的按钮适合从外壳面板伸出；其余同 SW-001,2026-10-02,封装与 V1.1 的 6×6×7.3 轻触开关同一个（V1.1 实焊）。环宽：封装孔 1.1、焊盘 2.0，环宽 0.45，沿用 V1.1 实焊尺寸。,否,0.76,"1,2",,0.45,无极性；同一侧（相距 4.5）两脚是开关触点，相距 6.5 的两脚常通,
SW-010,开关,SS-12D10 拨动开关（单刀双掷）,SS-12D10L5,XKB Connection,C319012,扩展库,¥1.9703@5+（立创商城）,立创商城 3890，嘉立创 20895,SS-12D10 拨动开关 3 脚,未查询（淘宝需登录，按关键词自查）,SS-12D10-G5（DEALON）/ C2998777：DEALON SS-12D10-G5，脚距 4.7,单刀双掷，AC 125V/3A（作电源开关用于 5V 小电流），拨柄高 5,不适用,不适用,3,2=公共端（中间脚），1、3 为两侧触点；拨向哪边，中间脚就和那边接通,4.7,不适用,片状脚 1.30 宽 × 0.80 厚,1.8,2.6×2.6,13.0 × 6.8 × 6.4（不含拨柄）,立式直插,6.4 + 拨柄 5,Switch:SW_SPDT,StudentHW:SW_Slide_SS-12D10_P4.7mm,无,https://www.lcsc.com/datasheet/lcsc_datasheet_2110151630_XKB-Connection-SS-12D10L5_C319012.pdf,V1.1 实物验证；厂家规格书 XKB SS-12D10L5 图纸（dim_SS12D10L5.png，图片型，人工读图）,evidence/SW-010/dim_SS12D10L5.png;evidence/SW-010/jlc.txt,A,"做电源开关时，中间脚接负载、一侧接电源，另一侧悬空；丝印标出""开""的方向",2026-10-02,V1.1 底板 SW1 总电源开关已用此封装实焊。无 3D 模型（V1.1 原封装就没有），不影响焊接。,否,1.53,"1,2",,,2=中间公共脚；1、3 在两侧，无极性,
BZ-001,蜂鸣器,5V 有源蜂鸣器 12×9.5（TMB12A05）,TMB12A05,Jiangsu Huaneng Elec,C96093,扩展库,¥1.1812@5+（立创商城）,立创商城 17018，嘉立创 104692,有源蜂鸣器 5V 12*9.5 一体,未查询（淘宝需登录，按关键词自查）,TMB12A05（XHXDZ）/ C49246931：其他厂 TMB12A05，D12×9.5,有源，额定 5V（3–7V），≤30mA，2400±300Hz，≥95dB@10cm,5V（3.3V 也能响但声音小）,电流 30mA 超出 GPIO 能力，用 Q-001 S8050 驱动，蜂鸣器两端并 1N4148,2,1=+（长脚，外壳有 + 标记），2=-,7.6,不适用,引脚 Φ0.6±0.05,1,2×2,Φ12.0 × 高 9.5,立式直插,9.5,Device:Buzzer,Buzzer_Beeper:Buzzer_12x9.5RM7.6,${KICAD10_3DMODEL_DIR}/Buzzer_Beeper.3dshapes/Buzzer_12x9.5RM7.6.step,https://www.lcsc.com/datasheet/lcsc_datasheet_2405280932_Jiangsu-Huaneng-Elec-TMB12A05_C96093.pdf,厂家规格书 华能 TMB12A05 外形尺寸图（dim_TMB12A05.png）,evidence/BZ-001/dim_TMB12A05.png;evidence/BZ-001/jlc.txt,B,"V1.1 曾买成 0905 小型号插不上；必须买""有源""，无源的通直流不响；底部贴纸洗板后再撕",2026-10-02,封装与 V1.1 的蜂鸣器封装同一个；V1.1 实物为 0905，所以本条按厂家图定为 B 级。,是,0.65,"1,2",,,1=+：长脚，外壳 + 标记，PCB 方焊盘,
BZ-002,蜂鸣器,5V 无源蜂鸣器 12×8.5,YS-MBZ12085C05R42,Fengming,C409842,扩展库,¥0.9463@5+（立创商城）,立创商城 34，嘉立创 1480,无源蜂鸣器 5V 12*8.5,未查询（淘宝需登录，按关键词自查）,Cy-12085G-3016-P4（CY(Changzhou Chaoyin Elec)）/ C968749：超音 Cy-12085G 无源 Φ12×8.5，脚距 6.5，换前核对,无源电磁式，额定 5V（3–7V），线圈 42Ω，最大 80mA，谐振 2048Hz，≥85dB,5V,需要 PWM（约 2kHz）驱动，用 Q-001 S8050 驱动，两端并 1N4148,2,1、2（无源，方焊盘一侧按壳体标记接 +）,6.5,不适用,引脚 Φ0.6,1,2×2,Φ12 × 高 8.5,立式直插,8.5,Device:Buzzer,StudentHW:Buzzer_D12.0mm_H8.5mm_P6.50mm,${STUDENTHW_DIR}/kicad/StudentHW.3dshapes/BUZ-TH_D12.0-H8.5-P6.5.wrl,https://www.lcsc.com/datasheet/lcsc_datasheet_1912171631_Fengming-YS-MBZ12085C05R42_C409842.pdf,厂家规格书 锋鸣 YS-MBZ12085C05R42 外形尺寸（dim_YS_MBZ12085.png）,evidence/BZ-002/dim_YS_MBZ12085.png;evidence/BZ-002/jlc.txt,B,无源蜂鸣器通直流不响；只适用于手工焊接，不能过波峰焊；脚距 6.5 与有源 12 mm 的 7.6 不同,2026-10-02,按厂家图新画封装，3D 用立创 EDA 导出的模型。,否,0.6,"1,2",,,无源：1 脚（方焊盘）接壳体 + 标记一侧,
BZ-003,蜂鸣器,5V 有源蜂鸣器 9×5.5 小型（0905 类）,HNB09A05,Jiangsu Huaneng Elec,C96493,扩展库,¥1.4092@5+（立创商城）,立创商城 8367，嘉立创 46101,有源蜂鸣器 5V 0905 9*5.5,未查询（淘宝需登录，按关键词自查）,其他品牌 0905 有源蜂鸣器，脚距 5.0,有源，额定 5V（3–7V），≤30mA，2700±300Hz，≥85dB@10cm,5V,用 Q-001 S8050 驱动，两端并 1N4148,2,1=+（长脚），2=-,5.0,不适用,引脚 Φ0.6±0.05,1,2×2,Φ9.0 × 高 5.5,立式直插,5.5,Device:Buzzer,StudentHW:Buzzer_D9.0mm_H5.5mm_P5.00mm,${STUDENTHW_DIR}/kicad/StudentHW.3dshapes/BUZ-TH_D9.0-H5.5-P5.0.wrl,https://www.lcsc.com/datasheet/lcsc_datasheet_1811141138_Jiangsu-Huaneng-Elec-HNB09A05_C96493.pdf,厂家规格书 华能 HNB09A05 外形尺寸图（dim_HNB09A05.png）,evidence/BZ-003/dim_HNB09A05.png;evidence/BZ-003/jlc.txt,B,和 12 mm 蜂鸣器脚距不同（5.0 对 7.6），封装不能混用,2026-10-02,按厂家图新画封装，3D 用立创 EDA 导出的模型。,是,0.65,"1,2",,,1=+：长脚，PCB 方焊盘,
BAT-001,电池座,18650 单节电池座（直插）,BH-18650-A1AJ005,MYOUNG,C5290176,扩展库,¥4.25@1+（立创商城）,立创商城 4055，嘉立创 4702,18650 电池座 单节 直插,未查询（淘宝需登录，按关键词自查）,BH-18650-A6AJ012（MYOUNG）/ C19184084：美阳 BH-18650-A6AJ012，换前核对脚距,单节 18650，额定 3.7V；弹簧端为负极,电池输出 3.0–4.2V,不适用,2,1=+（无弹簧端），2=-（弹簧端）,70.0（厂家 70.00±3）,不适用,图纸未标；弹簧为 0.8 钢丝，按 0.8 估算，槽孔留余量,3.8×1.2 槽,5×2.4,75.5 × 21.0 × 18.2（高）,卧装直插,18.2,Device:Battery_Cell,StudentHW:BatteryHolder_MYOUNG_BH-18650-A1AJ005,${STUDENTHW_DIR}/kicad/StudentHW.3dshapes/BAT-TH_BH-18650-A1AJ005.wrl,https://wmsc.lcsc.com/wmsc/upload/file/pdf/v2/lcsc/2211291730_MYOUNG-BH-18650-A1AJ005_C5290176.pdf,厂家规格书 美阳 BH-18650-A1AJ005 图纸（dim_BH18650_A1AJ005.png，图片型，人工读图）,evidence/BAT-001/dim_BH18650_A1AJ005.png;evidence/BAT-001/jlc.txt,C,厂家脚距公差 ±3 mm，封装用 3.8 长槽孔吸收；电池座本身不带保护，18650 必须配保护板或带保护的充电模块,2026-10-02,引脚尺寸厂家图未标，按 C 级处理，到货后量一次引脚再确认。3D 用立创 EDA 导出的模型。,是,0.8,"1,2",,,1=+：无弹簧一端，PCB 方焊盘,
BAT-002,电池座,CR2032 纽扣电池座（直插，MYOUNG BS-07）,BS-07-A1BJ001,MYOUNG,C2979167,扩展库,¥2.4291@5+（立创商城）,立创商城 206，嘉立创 1076,CR2032 电池座 直插 BS-07,未查询（淘宝需登录，按关键词自查）,无脚位相同的替代；立创库存少时可用贴片的 CR2032-BS-6-1（C70377），封装不同,CR2032 纽扣电池，3V,电池输出 3V,不适用,2,1=+（离电池中心 12.40 的那只脚，在卡扣一侧），2=-（离中心 8.40）,20.8,不适用,片状脚 0.80 宽 × 0.5 厚,1.5,2.6×2.6,Φ23.2（外缘 26.6）× 高 9.0,卧装直插,9.0,Device:Battery_Cell,StudentHW:BatteryHolder_MYOUNG_BS-07-A1BJ001_CR2032_Pad2.6,${STUDENTHW_DIR}/kicad/StudentHW.3dshapes/BAT-TH_BS-07-A1BJ001.wrl,https://wmsc.lcsc.com/wmsc/upload/file/pdf/v2/lcsc/2203021630_MYOUNG-BS-07-A1BJ001_C2979167.pdf,厂家规格书 美阳 BS-07-A1BJ001 图纸与 PCB 图（dim_BS07_A1BJ001.png，图片型，人工读图）,evidence/BAT-002/dim_BS07_A1BJ001.png;evidence/BAT-002/jlc.txt,B,立创库存较少（约 200），批量用前确认；正负极看离中心的距离，不要只看脚的左右,2026-10-02,改自 KiCad 官方 BatteryHolder_MYOUNG_BS-07-A1BJ001_CR2032（孔 1.5 与厂家图一致），焊盘 2.0→2.6 加大环宽。,是,0.94,"1,2",,,1=+：卡扣一侧、离电池中心 12.40 的脚，PCB 方焊盘,
TERM-003,端子,5.08mm 螺钉端子 2P（KF301-5.08 同款）,WJ500V-5.08-2P,Ningbo Kangnex Elec,C8465,扩展库,¥0.8217@5+（立创商城）,立创商城 44137，嘉立创 266219,KF301-5.08 接线端子 2P,未查询（淘宝需登录，按关键词自查）,淘宝 KF301-5.08-2P 通用（同脚距同外形）,300V/10A（UL），线径 22–12 AWG，剥线 6–7 mm，M2.5 螺丝,不适用,不适用,2,1、2 按丝印，接线口朝板外,5.08,不适用,引脚 0.90 × 0.80,1.3,2.6×2.6,长 10.16（2P）× 深 10.0 × 高 14.07,立式直插，接线口朝板边,14.07,Connector:Screw_Terminal_01x02,"TerminalBlock_Phoenix:TerminalBlock_Phoenix_MKDS-1,5-2-5.08_1x02_P5.08mm_Horizontal","${KICAD10_3DMODEL_DIR}/TerminalBlock_Phoenix.3dshapes/TerminalBlock_Phoenix_MKDS-1,5-2-5.08_1x02_P5.08mm_Horizontal.step",https://www.lcsc.com/datasheet/lcsc_datasheet_1912251636_Ningbo-Kangnex-Elec-WJ500V-5-08-2P_C8465.pdf,厂家规格书 康奈克斯 WJ500V-5.08 图纸（dim_WJ500V_508.png）,evidence/TERM-003/dim_WJ500V_508.png;evidence/TERM-003/jlc.txt,B,"5.08 和 5.0 两种脚距外观几乎一样，3P 以上混用插不进；买淘宝货时认准""5.08""",2026-10-02,厂家推荐孔 Φ1.5，官方封装孔 1.3、焊盘 2.6；引脚对角约 1.2，能插入。立创无科发 KF301-5.08，用康奈克斯同款。,否,0.9,"1,2",WJ500V-5.08,,PCB 方焊盘为 1 脚；接线口朝板外,
TERM-004,端子,5.08mm 螺钉端子 3P（KF301-5.08 同款）,WJ500V-5.08-03P-14-00A,Ningbo Kangnex Elec,C72334,扩展库,¥1.3193@5+（立创商城）,立创商城 38178，嘉立创 209523,KF301-5.08 接线端子 3P,未查询（淘宝需登录，按关键词自查）,淘宝 KF301-5.08-3P 通用（同脚距同外形）,300V/10A（UL），线径 22–12 AWG，剥线 6–7 mm，M2.5 螺丝,不适用,不适用,3,1、2、3 按丝印，接线口朝板外,5.08,不适用,引脚 0.90 × 0.80,1.3,2.6×2.6,长 15.24（3P）× 深 10.0 × 高 14.07,立式直插，接线口朝板边,14.07,Connector:Screw_Terminal_01x03,"StudentHW:TerminalBlock_Phoenix_MKDS-1,5-3-5.08_1x03_P5.08mm_Horizontal","${KICAD10_3DMODEL_DIR}/TerminalBlock_Phoenix.3dshapes/TerminalBlock_Phoenix_MKDS-1,5-3-5.08_1x03_P5.08mm_Horizontal.step",https://www.lcsc.com/datasheet/lcsc_datasheet_1912251709_Ningbo-Kangnex-Elec-WJ500V-5-08-3P_C72334.pdf,厂家规格书 康奈克斯 WJ500V-5.08 图纸（与 TERM-003 同一份，见 evidence/TERM-003/dim_WJ500V_508.png）,evidence/TERM-004/jlc.txt;evidence/TERM-003/dim_WJ500V_508.png,B,"5.08 和 5.0 两种脚距外观几乎一样，3P 以上混用插不进；买淘宝货时认准""5.08""",2026-10-02,封装与 V1.1 的 KF301-5.08-3P（体温探头接口）同一个，V1.1 已实焊；本条换了品牌，所以定 B 级。厂家推荐孔 Φ1.5，封装孔 1.3，引脚对角约 1.2，能插入。,否,0.9,"1,2",WJ500V-5.08,,PCB 方焊盘为 1 脚；接线口朝板外,
RES-001,电阻,1/4W 金属膜电阻 1%，卧装 7.62 mm,MFR0W4F1001A50,UNI-ROYAL(Uniroyal Elec),C57435,扩展库,¥0.086@50+（立创商城）,立创商城 2911，嘉立创 151160,1/4W 金属膜电阻 1% 色环 直插,未查询（淘宝需登录，按关键词自查）,MF1/4W-10K±1%-ST52（VO）/ C2903232：VO 1/4W 1% 色环（该编号为 10kΩ，按需换阻值），本体 Φ2.7×6.2,1/4W（70℃），±1%，金属膜，最高工作电压 250V；图示型号 1kΩ,不适用,不适用,2,无极性,7.62,不适用,引线 Φ0.54±0.05,0.8,1.6×1.6,Φ2.2±0.3 × 6.5±1.0（最长 7.5）,卧装直插，贴板,约 2.5（贴板卧装）,Device:R,StudentHW:R_Axial_DIN0207_L6.3mm_D2.5mm_P7.62mm_Horizontal,${KICAD10_3DMODEL_DIR}/Resistor_THT.3dshapes/R_Axial_DIN0207_L6.3mm_D2.5mm_P7.62mm_Horizontal.step,https://www.lcsc.com/datasheet/lcsc_datasheet_2304140030_UNI-ROYAL-Uniroyal-Elec-MFR0W4F1001A50_C57435.pdf,厂家规格书 UNI-ROYAL MFR 系列尺寸表（dim_MFR_1-4W.png）,evidence/RES-001/dim_MFR_1-4W.png;evidence/RES-001/jlc.txt,B,本体最长可到 7.5 mm，7.62 脚距要贴着本体弯脚；嫌难弯就用 RES-002 的 10.16 脚距,2026-10-02,同系列常用阻值（尺寸、封装相同，只换 C 编号）：100Ω C57438、220Ω C57439、330Ω C58608、1kΩ C57435、2.2kΩ C58595、 4.7kΩ C57204、5.1kΩ C58591、10kΩ C57436、100kΩ C58597。封装与 V1.1 底板同一个。,否,0.59,"1,2",MFR,,无极性,1k
RES-002,电阻,1/4W 金属膜电阻 1%，卧装 10.16 mm,MFR0W4F1002A50,UNI-ROYAL(Uniroyal Elec),C57436,扩展库,¥0.0864@50+（立创商城）,立创商城 2961，嘉立创 155174,1/4W 金属膜电阻 1% 色环 直插,未查询（淘宝需登录，按关键词自查）,MF1/4W-10KΩ±1% T（CCO(Chian Chia Elec)）/ C119347：CCO 10kΩ 1/4W 金属膜，本体 Φ2.3×6.5,1/4W（70℃），±1%，金属膜，最高工作电压 250V；图示型号 10kΩ,不适用,不适用,2,无极性,10.16,不适用,引线 Φ0.54±0.05,0.8,1.6×1.6,Φ2.2±0.3 × 6.5±1.0（最长 7.5）,卧装直插，贴板,约 2.5（贴板卧装）,Device:R,Resistor_THT:R_Axial_DIN0207_L6.3mm_D2.5mm_P10.16mm_Horizontal,${KICAD10_3DMODEL_DIR}/Resistor_THT.3dshapes/R_Axial_DIN0207_L6.3mm_D2.5mm_P10.16mm_Horizontal.step,https://www.lcsc.com/datasheet/lcsc_datasheet_2304140030_UNI-ROYAL-Uniroyal-Elec-MFR0W4F1002A50_C57436.pdf,厂家规格书 UNI-ROYAL MFR 系列尺寸表（与 RES-001 同一份，见 evidence/RES-001/dim_MFR_1-4W.png）,evidence/RES-002/jlc.txt;evidence/RES-001/dim_MFR_1-4W.png,B,脚距 10.16 比 7.62 占地大，但弯脚不用贴本体，新手更好焊,2026-10-02,阻值 C 编号同 RES-001 列表。,否,0.59,"1,2",MFR,,无极性,10k
POT-001,电阻,3296W 多圈精密可调电阻 10kΩ,3296W-1-103LF,BOURNS,C34846,扩展库,¥5.18@1+（立创商城）,立创商城 37881，嘉立创 38425,3296W 精密可调电阻 103,未查询（淘宝需登录，按关键词自查）,3296W-1-103（BOCHEN(Chengdu Guosheng Tech)）/ C118954：国产 3296W 同尺寸,10kΩ ±10%，25 圈，0.5W（70℃），旋钮在顶部,不适用,不适用,3,1=CCW 端，2=滑动端（中间脚），3=CW 端；顺时针拧，滑动端向 3 脚移动,2.54,不适用（三脚一排）,引脚 Φ0.51±0.03,0.8,1.6×1.6,9.53 × 4.83 × 10.03（高）,立式直插,10.03,Device:R_Potentiometer_Trim,StudentHW:Potentiometer_Bourns_3296W_Vertical_Pad1.6,${KICAD10_3DMODEL_DIR}/Potentiometer_THT.3dshapes/Potentiometer_Bourns_3296W_Vertical.step,https://www.lcsc.com/datasheet/lcsc_datasheet_2304140030_BOURNS-3296W-1-103LF_C34846.pdf,Bourns 3296 规格书 Product Dimensions 与 3296W 引脚图（dim_Bourns3296W.png）,evidence/POT-001/dim_Bourns3296W.png;evidence/POT-001/jlc.txt,B,官方封装焊盘 1.44、环宽只有 0.32，库里改成 1.6；三只脚不在本体正中，按丝印外框方向放,2026-10-02,改自 KiCad 官方 Potentiometer_Bourns_3296W_Vertical，只加大焊盘。其他阻值把 103 换成对应代码（如 102=1k、503=50k）。,否,0.54,"1,2",,,2=中间滑动端；1、3 两端，顺时针拧滑动端向 3 脚移动,10k
CAP-001,电容,瓷片电容 104（100nF/50V），脚距 5.08 mm,CC1H104MC1FD3F6C10MF,Dersonic,C254085,扩展库,¥0.1592@20+（立创商城）,立创商城 16941，嘉立创 340043,瓷片电容 104 50V 直插 5.08,未查询（淘宝需登录，按关键词自查）,CC1H104ZC1FD3F5O1100（Dersonic）/ C2832508：同厂 100nF/50V 瓷片，Z 档 -20%/+80%,100nF ±20%，50V，高介电常数瓷片（容量随温度和电压变化大，只做去耦）,不适用,不适用,2,无极性,5.0（厂家 F=5.08±0.8，与 5.00 封装通用）,不适用,引线 Φ≤0.55,0.8,1.6×1.6,直径 6+0.7（最大 6.7）× 厚 2.2±0.5,立式直插,约 7–9（本体直径加引脚弯折段，规格书未给总高）,Device:C,Capacitor_THT:C_Disc_D7.0mm_W2.5mm_P5.00mm,${KICAD10_3DMODEL_DIR}/Capacitor_THT.3dshapes/C_Disc_D7.0mm_W2.5mm_P5.00mm.step,https://www.lcsc.com/datasheet/lcsc_datasheet_2008261834_Dersonic-CC1H104MC1FD3F6C10MF_C254085.pdf,厂家规格书 Dersonic 瓷片电容尺寸表（dim_disc104.png）,evidence/CAP-001/dim_disc104.png;evidence/CAP-001/jlc.txt,B,直径 6.7 比 V1.1 用的 5 mm 瓷片大，要用 D7.0 封装，否则和相邻元件打架,2026-10-02,精度要求高（滤波、定时）的地方改用 CAP-004 独石电容。,否,0.55,"1,2",,,无极性,100nF
CAP-002,电容,瓷片电容 103（10nF/50V），脚距 5.08 mm,CC1H103ZC1ED3F4D1100,Dersonic,C2761727,扩展库,¥0.106@50+（立创商城）,立创商城 113，嘉立创 6073,瓷片电容 103 50V 直插,未查询（淘宝需登录，按关键词自查）,CC3A103MC1IEF48C30MF（Dersonic）/ C263209：10nF 1kV 高压瓷片，体积可能更大，换前核对直径,10nF，-20%/+80%（Z 档），50V，高介电常数瓷片,不适用,不适用,2,无极性,5.0（厂家 F=5.08，与 5.00 封装通用）,不适用,引线 Φ≤0.55,0.8,1.6×1.6,直径 4.8+0.7（最大 5.5）× 厚 ≤3.2,立式直插,约 6–8（规格书未给总高）,Device:C,Capacitor_THT:C_Disc_D5.1mm_W3.2mm_P5.00mm,${KICAD10_3DMODEL_DIR}/Capacitor_THT.3dshapes/C_Disc_D5.1mm_W3.2mm_P5.00mm.step,https://wmsc.lcsc.com/wmsc/upload/file/pdf/v2/lcsc/2110271930_Dersonic-CC1H103ZC1ED3F4D1100_C2761727.pdf,厂家规格书 Dersonic 瓷片电容尺寸表（dim_disc103.png）,evidence/CAP-002/dim_disc103.png;evidence/CAP-002/jlc.txt,B,本体最大 5.5，比封装外框 5.1 稍大，两边各留 0.3 mm,2026-10-02,Z 档容量偏差大（-20%~+80%），只用于去耦、按键消抖。,否,0.55,"1,2",,,无极性,10nF
CAP-003,电容,瓷片电容 22pF（晶振负载），脚距 5 mm,N06S1B220KN0B0S0N0,STE(Songtian Elec),C260725,扩展库,¥0.1622@20+（立创商城）,立创商城 227，嘉立创 4547,瓷片电容 22pF 直插,未查询（淘宝需登录，按关键词自查）,CC45SL3AD220JYNNA（TDK）/ C694484：TDK 22pF SL 1kV,22pF ±10%，SL 温度特性，1kV 高压瓷片,不适用,不适用,2,无极性,5.0（厂家 F=5.0±0.8）,不适用,引线 Φ0.5,0.8,1.6×1.6,直径 5.5±1（最大 6.5）× 厚 2.0±1,立式直插,约 7–9（规格书未给总高）,Device:C,Capacitor_THT:C_Disc_D6.0mm_W2.5mm_P5.00mm,${KICAD10_3DMODEL_DIR}/Capacitor_THT.3dshapes/C_Disc_D6.0mm_W2.5mm_P5.00mm.step,https://www.lcsc.com/datasheet/lcsc_datasheet_2304140030_STE-Songtian-Elec-N06S1B220KN0B0S0N0_C260725.pdf,厂家规格书 松田 HV 系列尺寸表（dim_STE_HV.png）,evidence/CAP-003/dim_STE_HV.png;evidence/CAP-003/jlc.txt,B,这是 1kV 高压瓷片，体积比普通 50V 的大；用模块的项目一般用不到晶振负载电容,2026-10-02,pF 级小电容选 SL/NP0 类，容量稳定。,否,0.5,"1,2",HV Series,,无极性,22pF
CAP-004,电容,独石电容 104（100nF/50V X7R），脚距 5.08 mm,CT4-0805B104K500F3,FH (Guangdong Fenghua Advanced Tech),C84772,扩展库,¥0.2472@10+（立创商城）,立创商城 4073，嘉立创 41405,独石电容 104 50V 直插 5.08,未查询（淘宝需登录，按关键词自查）,CD1H104KC94ER1D000（Dersonic）/ C263181：Dersonic 100nF/50V 独石,100nF ±10%，50V，X7R（B 特性，温度稳定）,不适用,不适用,2,无极性,5.0（厂家 F=5.08，与 5.00 封装通用）,不适用,引线 Φ0.5±0.1,0.8,1.6×1.6,长 ≤4.2 × 宽 ≤3.8 × 厚 ≤3.8（c1 型）,立式直插,约 6（规格书未给总高）,Device:C,Capacitor_THT:C_Disc_D6.0mm_W4.4mm_P5.00mm,${KICAD10_3DMODEL_DIR}/Capacitor_THT.3dshapes/C_Disc_D6.0mm_W4.4mm_P5.00mm.step,https://www.lcsc.com/datasheet/lcsc_datasheet_2304140030_FH--Guangdong-Fenghua-Advanced-Tech-CT4-0805B104K500F3_C84772.pdf,厂家规格书 风华 CT4 系列外形 c1（dim_CT4.png）,evidence/CAP-004/dim_CT4.png;evidence/CAP-004/jlc.txt,B,独石电容方块状，比瓷片厚，用 W4.4 的封装,2026-10-02,比瓷片容量准、温度稳定，推荐作为通用去耦电容。,否,0.6,"1,2",CT4,,无极性,100nF
CAP-010,电解电容,电解电容 10µF/25V Φ5×11,KM106M025D11RR0VH2FP0,CX(Dongguan Chengxing Elec),C43347,扩展库,¥0.1121@50+（立创商城）,立创商城 1112，嘉立创 57093,电解电容 10uF 25V 5*11,未查询（淘宝需登录，按关键词自查）,RL1E100MC110A00CV0（Changzhou Huawei Elec）/ C216293：华威 10µF/25V Φ5×11,10µF ±20%，25V，105℃,不适用,不适用,2,1=+（长脚），2=-（短脚，外套负号条一侧）,2.0,不适用,引线 Φ0.5±0.05,0.8,1.6×1.6,Φ5（最大 5.5）× 11（最大 12.5）,立式直插,最大 12.5,Device:C_Polarized,StudentHW:CP_Radial_D5.0mm_P2.00mm,${KICAD10_3DMODEL_DIR}/Capacitor_THT.3dshapes/CP_Radial_D5.0mm_P2.00mm.step,https://www.lcsc.com/datasheet/lcsc_datasheet_2110271230_CX-Dongguan-Chengxing-Elec-KM106M025D11RR0VH2FP0_C43347.pdf,V1.1 实物验证；厂家规格书 CX KM 系列尺寸表（dim_KM_series.png）,evidence/CAP-010/dim_KM_series.png;evidence/CAP-010/jlc.txt,A,方焊盘是正极；外套上负号条那边是负极,2026-10-02,V1.1 底板已用此封装实焊（10µF/25V Φ5）。,是,0.55,"1,2",KM Series,,1=+：长脚；短脚和外套负号条一侧为 -；PCB 方焊盘为 +,10uF/25V
CAP-011,电解电容,电解电容 100µF/16V Φ5×11,KM107M016D11RR0VH2FP0,CX(Dongguan Chengxing Elec),C43348,扩展库,¥0.1185@50+（立创商城）,立创商城 1838，嘉立创 95053,电解电容 100uF 16V 5*11,未查询（淘宝需登录，按关键词自查）,16V100uF CD288（HRK）/ C2960368：HRK 100µF/16V Φ5×11,100µF ±20%，16V，105℃,不适用,不适用,2,1=+（长脚），2=-（短脚，外套负号条一侧）,2.0,不适用,引线 Φ0.5±0.05,0.8,1.6×1.6,Φ5（最大 5.5）× 11（最大 12.5）,立式直插,最大 12.5,Device:C_Polarized,StudentHW:CP_Radial_D5.0mm_P2.00mm,${KICAD10_3DMODEL_DIR}/Capacitor_THT.3dshapes/CP_Radial_D5.0mm_P2.00mm.step,https://www.lcsc.com/datasheet/lcsc_datasheet_2110271230_CX-Dongguan-Chengxing-Elec-KM107M016D11RR0VH2FP0_C43348.pdf,厂家规格书 CX KM 系列尺寸表（与 CAP-010 同一份，见 evidence/CAP-010/dim_KM_series.png）,evidence/CAP-011/jlc.txt;evidence/CAP-010/dim_KM_series.png,B,V1.1 用的 100µF/16V 是 Φ6.3 的，这颗是 Φ5，封装不同不要混买,2026-10-02,买 Φ6.3 的就改用 CAP-012 的封装。,是,0.55,"1,2",KM Series,,1=+：长脚；短脚和外套负号条一侧为 -；PCB 方焊盘为 +,100uF/16V
CAP-012,电解电容,电解电容 220µF/16V Φ6.3×11,KM227M016E11RR0VH2FP0,CX(Dongguan Chengxing Elec),C43349,扩展库,¥0.1681@20+（立创商城）,立创商城 6130，嘉立创 133300,电解电容 220uF 16V 6.3*11,未查询（淘宝需登录，按关键词自查）,ERG16V220M6X11（jieerrui）/ C47344173：杰尔瑞 220µF/16V Φ6.3×11,220µF ±20%，16V，105℃,不适用,不适用,2,1=+（长脚），2=-（短脚，外套负号条一侧）,2.5,不适用,引线 Φ0.5±0.05,0.8,1.6×1.6,Φ6.3（最大 6.8）× 11（最大 12.5）,立式直插,最大 12.5,Device:C_Polarized,StudentHW:CP_Radial_D6.3mm_P2.50mm,${KICAD10_3DMODEL_DIR}/Capacitor_THT.3dshapes/CP_Radial_D6.3mm_P2.50mm.step,https://www.lcsc.com/datasheet/lcsc_datasheet_2110271230_CX-Dongguan-Chengxing-Elec-KM227M016E11RR0VH2FP0_C43349.pdf,厂家规格书 CX KM 系列尺寸表（见 evidence/CAP-010/dim_KM_series.png）,evidence/CAP-012/jlc.txt;evidence/CAP-010/dim_KM_series.png,B,方焊盘是正极,2026-10-02,封装与 V1.1 的 100µF/16V Φ6.3 同一个。,是,0.55,"1,2",KM Series,,1=+：长脚；短脚和外套负号条一侧为 -；PCB 方焊盘为 +,220uF/16V
CAP-013,电解电容,电解电容 470µF/16V Φ8×12,KM477M016F12RR0VH2FP0,CX(Dongguan Chengxing Elec),C28067,扩展库,¥0.2674@20+（立创商城）,立创商城 4642，嘉立创 99480,电解电容 470uF 16V 8*12,未查询（淘宝需登录，按关键词自查）,ERG16V470M8X12（jieerrui）/ C47344174：杰尔瑞 470µF/16V Φ8×12,470µF ±20%，16V，105℃,不适用,不适用,2,1=+（长脚），2=-（短脚，外套负号条一侧）,3.5,不适用,引线 Φ0.5±0.05,0.8,1.6×1.6,Φ8（最大 8.5）× 12（最大 13.5）,立式直插,最大 13.5,Device:C_Polarized,StudentHW:CP_Radial_D8.0mm_P3.50mm,${KICAD10_3DMODEL_DIR}/Capacitor_THT.3dshapes/CP_Radial_D8.0mm_P3.50mm.step,https://www.lcsc.com/datasheet/lcsc_datasheet_2110271230_CX-Dongguan-Chengxing-Elec-KM477M016F12RR0VH2FP0_C28067.pdf,厂家规格书 CX KM 系列尺寸表（见 evidence/CAP-010/dim_KM_series.png）,evidence/CAP-013/jlc.txt;evidence/CAP-010/dim_KM_series.png,B,方焊盘是正极,2026-10-02,封装与 V1.1 的 1000µF/10V Φ8 同一个。,是,0.55,"1,2",KM Series,,1=+：长脚；短脚和外套负号条一侧为 -；PCB 方焊盘为 +,470uF/16V
CAP-014,电解电容,电解电容 1000µF/16V Φ8×16,KM108M016F16RR0VH2FP0,CX(Dongguan Chengxing Elec),C43832,扩展库,¥0.4448@10+（立创商城）,立创商城 9648，嘉立创 99297,电解电容 1000uF 16V 8*16,未查询（淘宝需登录，按关键词自查）,ERA16V1000M8X16（jieerrui）/ C49256792：杰尔瑞 1000µF/16V Φ8×16,1000µF ±20%，16V，105℃,不适用,不适用,2,1=+（长脚），2=-（短脚，外套负号条一侧）,3.5,不适用,引线 Φ0.5±0.05,0.8,1.6×1.6,Φ8（最大 8.5）× 16（最大 17.5）,立式直插,最大 17.5,Device:C_Polarized,StudentHW:CP_Radial_D8.0mm_P3.50mm,${KICAD10_3DMODEL_DIR}/Capacitor_THT.3dshapes/CP_Radial_D8.0mm_P3.50mm.step,https://wmsc.lcsc.com/wmsc/upload/file/pdf/v2/lcsc/2110271230_CX-Dongguan-Chengxing-Elec-KM108M016F16RR0VH2FP0_C43832.pdf,厂家规格书 CX KM 系列尺寸表（见 evidence/CAP-010/dim_KM_series.png）,evidence/CAP-014/jlc.txt;evidence/CAP-010/dim_KM_series.png,B,高 17.5 mm，注意外壳和上层模块的高度；封装自带的 3D 模型是通用高度，比这颗实物矮,2026-10-02,和 CAP-015 封装相同，只是更高、耐压 16V。,是,0.55,"1,2",KM Series,,1=+：长脚；短脚和外套负号条一侧为 -；PCB 方焊盘为 +,1000uF/16V
CAP-015,电解电容,电解电容 1000µF/10V Φ8×12,KM108M010F12RR0VH2FP0,CX(Dongguan Chengxing Elec),C10752,扩展库,¥0.3007@20+（立创商城）,立创商城 2945，嘉立创 60656,电解电容 1000uF 10V 8*12,未查询（淘宝需登录，按关键词自查）,GR108M010F12RR0VL4FP0（CX(Dongguan Chengxing Elec)）/ C3299：同厂 GR 系列 1000µF/10V Φ8×12,1000µF ±20%，10V，105℃,不适用,不适用,2,1=+（长脚），2=-（短脚，外套负号条一侧）,3.5,不适用,引线 Φ0.5±0.05,0.8,1.6×1.6,Φ8（最大 8.5）× 12（最大 13.5）,立式直插,最大 13.5,Device:C_Polarized,StudentHW:CP_Radial_D8.0mm_P3.50mm,${KICAD10_3DMODEL_DIR}/Capacitor_THT.3dshapes/CP_Radial_D8.0mm_P3.50mm.step,https://www.lcsc.com/datasheet/lcsc_datasheet_2110271230_CX-Dongguan-Chengxing-Elec-KM108M010F12RR0VH2FP0_C10752.pdf,V1.1 实物验证；厂家规格书 CX KM 系列尺寸表（见 evidence/CAP-010/dim_KM_series.png）,evidence/CAP-015/jlc.txt;evidence/CAP-010/dim_KM_series.png,A,10V 耐压只能用在 5V 及以下电源上,2026-10-02,V1.1 底板已用此封装实焊（1000µF/10V Φ8）。,是,0.55,"1,2",KM Series,,1=+：长脚；短脚和外套负号条一侧为 -；PCB 方焊盘为 +,1000uF/10V
FUS-001,保险,直插自恢复保险丝 0.5A,RL60-050,RUILON(Shenzhen Ruilongyuan Elec),C21025,扩展库,¥0.644@5+（立创商城）,立创商城 1557，嘉立创 7811,自恢复保险丝 0.5A 60V 直插,未查询（淘宝需登录，按关键词自查）,MF-R050（BOURNS）/ C208476：Bourns MF-R050，同规格,维持电流 0.50A，动作电流 1.0A，最高 60V，最大故障电流 40A,不适用,不适用,2,无极性,5.08（厂家 5.1±0.5）,不适用,引线 Φ0.5,1,2×2,宽 7.9 × 高 16.2 × 厚 3.1（均为最大值）,立式直插,最大 16.2,Device:Polyfuse,StudentHW:Fuse_PTC_Radial_P5.08mm,无,https://www.lcsc.com/datasheet/lcsc_datasheet_2403081021_RUILON-Shenzhen-Ruilongyuan-Elec-RL60-050_C21025.pdf,厂家规格书 瑞隆源 RL60 系列尺寸表（dim_RL60.png）,evidence/FUS-001/dim_RL60.png;evidence/FUS-001/jlc.txt,B,两脚出厂是弯的（一前一后），插直排 5.08 孔前把脚掰正,2026-10-02,封装与 V1.1 的 2A 自恢复保险同一个。无 3D 模型（V1.1 原封装就没有），不影响焊接。,否,0.5,"1,2",,,无极性,
FUS-002,保险,直插自恢复保险丝 1.1A,RL30-110,RUILON(Shenzhen Ruilongyuan Elec),C21017,扩展库,¥0.8599@5+（立创商城）,立创商城 845，嘉立创 4225,自恢复保险丝 1.1A 30V 直插,未查询（淘宝需登录，按关键词自查）,MF-R110（BOURNS）/ C208481：Bourns MF-R110，同规格,维持电流 1.10A，动作电流 2.2A，最高 30V，最大故障电流 40A,不适用,不适用,2,无极性,5.08（厂家 5.1±0.5）,不适用,引线 Φ0.5,1,2×2,宽 7.4 × 高 18.5 × 厚 3.0（均为最大值）,立式直插,最大 18.5,Device:Polyfuse,StudentHW:Fuse_PTC_Radial_P5.08mm,无,https://www.lcsc.com/datasheet/lcsc_datasheet_2403081021_RUILON-Shenzhen-Ruilongyuan-Elec-RL30-110_C21017.pdf,厂家规格书 瑞隆源 RL30 系列尺寸表（dim_RL30.png）,evidence/FUS-002/dim_RL30.png;evidence/FUS-002/jlc.txt,B,30V 耐压，只能用在 30V 以下；两脚出厂是弯的，插孔前掰正,2026-10-02,无 3D 模型（沿用 V1.1 封装），不影响焊接。,否,0.5,"1,2",,,无极性,
FUS-003,保险,直插自恢复保险丝 2A,RL30-200,RUILON(Shenzhen Ruilongyuan Elec),C21019,扩展库,¥1.3292@5+（立创商城）,立创商城 3376，嘉立创 16884,自恢复保险丝 2A 30V 直插,未查询（淘宝需登录，按关键词自查）,JK60-200（Jinrui Electronic Materials Co.）/ C369092：金瑞 JK60-200（2A），脚距 5.1,维持电流 2.0A，动作电流 4.0A，最高 30V，最大故障电流 40A,不适用,不适用,2,无极性,5.08（厂家 5.1±0.5）,不适用,引线 Φ0.6,1,2×2,宽 10.2 × 高 20.2 × 厚 3.0（均为最大值）,立式直插,最大 20.2,Device:Polyfuse,StudentHW:Fuse_PTC_Radial_P5.08mm,无,https://www.lcsc.com/datasheet/lcsc_datasheet_2403081021_RUILON-Shenzhen-Ruilongyuan-Elec-RL30-200_C21019.pdf,V1.1 实物验证；厂家规格书 瑞隆源 RL30 系列尺寸表（见 evidence/FUS-002/dim_RL30.png）,evidence/FUS-003/jlc.txt;evidence/FUS-002/dim_RL30.png,A,本体宽 10.2，比封装外框 9.2 宽，两侧各留 0.6 mm 以上空位；高 20 mm，注意外壳,2026-10-02,V1.1 底板已用此封装实焊 2A 自恢复保险。无 3D 模型（V1.1 原封装就没有），不影响焊接。,否,0.6,"1,2",,,无极性,
DIO-001,二极管,开关二极管 1N4148（DO-35）,1N4148TR,onsemi,C84410,扩展库,¥0.1169@50+（立创商城）,立创商城 2112，嘉立创 105609,1N4148 直插 DO-35,未查询（淘宝需登录，按关键词自查）,1N4148（Changzhou Starsea Elec）/ C85057：星海 1N4148 DO-35,反向耐压 100V，平均电流 200mA，反向恢复 4ns,不适用,不适用,2,1=K（黑色环一端），2=A,7.62,不适用,引线 Φ0.46–0.533,0.8,1.6×1.6,Φ1.53–1.91 × 3.05–4.56（玻璃封装）,卧装直插,约 2（贴板卧装）,Diode:1N4148,StudentHW:D_DO-35_SOD27_P7.62mm_Horizontal,${KICAD10_3DMODEL_DIR}/Diode_THT.3dshapes/D_DO-35_SOD27_P7.62mm_Horizontal.step,https://www.lcsc.com/datasheet/lcsc_datasheet_2304140030_onsemi-1N4148TR_C84410.pdf,厂家规格书 onsemi DO-35 外形尺寸（dim_DO35.png）,evidence/DIO-001/dim_DO35.png;evidence/DIO-001/jlc.txt,B,色环端接方焊盘（K）；用作蜂鸣器/继电器续流时 K 接电源正,2026-10-02,封装与 V1.1 底板 D3 同一个。,是,0.533,"1,2",,,1=K：黑色环一端，PCB 方焊盘,
DIO-002,二极管,整流二极管 1N4007（DO-41）,1N4007,LGE,C402311,扩展库,¥0.1395@50+（立创商城）,立创商城 3714，嘉立创 185742,1N4007 直插 DO-41,未查询（淘宝需登录，按关键词自查）,1N4007G（MDD(Microdiode Semiconductor)）/ C2457：MDD 1N4007G,反向耐压 1000V，平均电流 1A，正向压降约 1.1V@1A,不适用,不适用,2,1=K（色环端），2=A,10.16,不适用,引线 Φ0.61–0.71,1.1,2.2×2.2,Φ2.0–2.7 × 4.2–5.2,卧装直插,约 2.7（贴板卧装）,Diode:1N4007,StudentHW:D_DO-41_SOD81_P10.16mm_Horizontal,${KICAD10_3DMODEL_DIR}/Diode_THT.3dshapes/D_DO-41_SOD81_P10.16mm_Horizontal.step,https://www.lcsc.com/datasheet/lcsc_datasheet_2410010131_LGE-1N4007_C402311.pdf,厂家规格书 LGE DO-41 外形尺寸（dim_DO41_LGE.png）,evidence/DIO-002/dim_DO41_LGE.png;evidence/DIO-002/jlc.txt,B,1N4007 压降约 1V，做 5V 防反接会让后级只剩约 4V；低压防反接用 DIO-003 肖特基,2026-10-02,封装与 V1.1 的 1N5819 同一个。,是,0.71,"1,2",,,1=K：色环一端，PCB 方焊盘,
DIO-003,二极管,肖特基二极管 1N5819（DO-41）,1N5819,MDD(Microdiode Semiconductor),C2474,扩展库,¥0.2303@20+（立创商城）,立创商城 3212，嘉立创 64383,1N5819 直插 DO-41,未查询（淘宝需登录，按关键词自查）,1N5819（LGE）/ C402218：LGE 1N5819,反向耐压 40V，平均电流 1A，正向压降 ≤0.6V@1A,不适用,不适用,2,1=K（色环端），2=A,10.16,不适用,引线 Φ0.55–0.65,1.1,2.2×2.2,DO-41 Φ2.0–2.7 × 4.1–5.2（见规格书）,卧装直插,约 2.7（贴板卧装）,Diode:1N5819,StudentHW:D_DO-41_SOD81_P10.16mm_Horizontal,${KICAD10_3DMODEL_DIR}/Diode_THT.3dshapes/D_DO-41_SOD81_P10.16mm_Horizontal.step,https://www.lcsc.com/datasheet/lcsc_datasheet_2407291648_MDD-Microdiode-Semiconductor-1N5819_C2474.pdf,V1.1 实物验证；厂家规格书 MDD DO-41 外形尺寸（dim_DO41_MDD.png）,evidence/DIO-003/dim_DO41_MDD.png;evidence/DIO-003/jlc.txt,A,色环端（K）接负载一侧，接反整机不上电,2026-10-02,V1.1 底板已用此封装实焊（输入防反接）。,是,0.65,"1,2",,,1=K：色环一端，PCB 方焊盘,
DIO-004,二极管,稳压二极管 1N4733A 5.1V 1W（DO-41）,1N4733A,LGE,C5157516,扩展库,¥0.5516@5+（立创商城）,立创商城 880，嘉立创 4402,1N4733A 5.1V 1W 稳压二极管 直插,未查询（淘宝需登录，按关键词自查）,1N4733A-TAP（Vishay Intertech）/ C241985：Vishay 1N4733A-TAP，引线较细，同样可插 1.2 孔,稳压 5.1V（测试电流 49mA），1W，动态电阻 7Ω,不适用,不适用,2,1=K（色环端），2=A；稳压时 K 接正,10.16,不适用,引线 Φ0.8±0.15（最粗 0.95）,1.2,2.4×2.4,Φ2.5 × 最长 4.6（玻璃封装）,卧装直插,约 2.6（贴板卧装）,Device:D_Zener,StudentHW:D_DO-41_SOD81_P10.16mm_Horizontal_Hole1.2,${KICAD10_3DMODEL_DIR}/Diode_THT.3dshapes/D_DO-41_SOD81_P10.16mm_Horizontal.step,https://wmsc.lcsc.com/wmsc/upload/file/pdf/v2/lcsc/2209021800_LGE-1N4733A_C5157516.pdf,厂家规格书 LGE 玻封 DO-41 外形尺寸（dim_DO41_glass.png）,evidence/DIO-004/dim_DO41_glass.png;evidence/DIO-004/jlc.txt,B,LGE 这颗引线最粗 0.95，官方 DO-41 封装 1.1 孔插不进，用库里的 1.2 孔版本；稳压管必须串限流电阻,2026-10-02,改自 KiCad 官方 D_DO-41_SOD81_P10.16mm_Horizontal，孔 1.1→1.2，焊盘 2.2→2.4。,是,0.95,"1,2",,,1=K：色环一端，PCB 方焊盘,
DIO-005,二极管,单向 TVS P6KE6.8A（DO-15）,P6KE6.8A,Littelfuse,C409413,扩展库,¥0.7191@5+（立创商城）,立创商城 719，嘉立创 3599,P6KE6.8A 单向 TVS 直插,未查询（淘宝需登录，按关键词自查）,P6KE6.8A（LGE）/ C713671：LGE P6KE6.8A,600W，工作电压 5.8V，击穿 6.45–7.14V，钳位 10.5V@58A,不适用,不适用,2,1=K（色环端），2=A；并在 5V 电源上，K 接 5V、A 接地,10.16,不适用,引线 Φ0.71–0.86,1.2,2.4×2.4,Φ2.6–3.6 × 5.8–7.6,卧装直插,约 3.6（贴板卧装）,Device:D_Zener,StudentHW:D_DO-15_P10.16mm_Horizontal,${KICAD10_3DMODEL_DIR}/Diode_THT.3dshapes/D_DO-15_P10.16mm_Horizontal.step,https://www.lcsc.com/datasheet/lcsc_datasheet_2304231849_Littelfuse-P6KE6-8A_C409413.pdf,V1.1 实物验证；厂家规格书 Littelfuse P6KE DO-15 尺寸表（dim_DO15_Littelfuse.png）,evidence/DIO-005/dim_DO15_Littelfuse.png;evidence/DIO-005/jlc.txt,A,必须买单向（A 后缀）；买成 CA 双向的在 5V 上也能用，但没有反接保护作用,2026-10-02,V1.1 底板已用此封装实焊。KiCad 没有单向 TVS 专用符号，用稳压管符号表示方向（1=K）。,是,0.86,"1,2",,,1=K：色环一端，PCB 方焊盘,
LED-001,LED,5mm 红色 LED,XL-502SURD,XINGLIGHT,C2895492,扩展库,¥0.1926@20+（立创商城）,立创商城 9440，嘉立创 188815,5mm LED 红色 雾状 直插,未查询（淘宝需登录，按关键词自查）,333-2SURD/S530-A3（Everlight Elec）/ C87271：亿光 333-2SURD 5mm 红,红，正向压降 1.8/2.2/2.4V（最小/典型/最大，20mA），雾状,不适用,3.3V 或 5V GPIO 串 1kΩ 直接点亮（约 1–3mA，指示用足够亮）,2,1=K（短脚、管壳平边），2=A（长脚）,2.54,不适用,引脚 0.5 方,0.9,1.8×1.8,Φ5.0，底边 Φ5.5，高 8.7,立式直插,8.7（贴板）,Device:LED,StudentHW:LED_D5.0mm,${KICAD10_3DMODEL_DIR}/LED_THT.3dshapes/LED_D5.0mm.step,https://wmsc.lcsc.com/wmsc/upload/file/pdf/v2/lcsc/2404291052_XINGLIGHT-XL-502SURD_C2895492.pdf,V1.1 实物验证；厂家规格书 XINGLIGHT 5mm 外形图（dim_LED5mm.png）,evidence/LED-001/dim_LED5mm.png;evidence/LED-001/jlc.txt,A,方焊盘是 K（负极、短脚）；管壳平边对丝印平边,2026-10-02,V1.1 底板已用此封装实焊（5mm LED + 1kΩ）。,是,0.5,"1,2",,,1=K：短脚、管壳平边一侧，PCB 方焊盘,
LED-002,LED,5mm 绿色 LED（黄绿，低压降）,XL-502SYGD,XINGLIGHT,C2895550,扩展库,¥0.1937@20+（立创商城）,立创商城 855，嘉立创 17613,5mm LED 绿色 雾状 直插,未查询（淘宝需登录，按关键词自查）,XL-502UGD（XINGLIGHT）/ C2895548：同厂 XL-502UGD 翠绿，压降约 3V，3.3V 驱动偏暗,黄绿，正向压降 2.0/2.2/2.6V（20mA），雾状,不适用,3.3V 或 5V GPIO 串 1kΩ 直接点亮,2,1=K（短脚、管壳平边），2=A（长脚）,2.54,不适用,引脚 0.5 方,0.9,1.8×1.8,Φ5.0，底边 Φ5.5，高 8.7,立式直插,8.7（贴板）,Device:LED,StudentHW:LED_D5.0mm,${KICAD10_3DMODEL_DIR}/LED_THT.3dshapes/LED_D5.0mm.step,https://wmsc.lcsc.com/wmsc/upload/file/pdf/v2/lcsc/2401120947_XINGLIGHT-XL-502SYGD_C2895550.pdf,V1.1 实物验证；厂家规格书 XINGLIGHT 5mm 外形图（见 evidence/LED-001/dim_LED5mm.png）,evidence/LED-002/jlc.txt;evidence/LED-001/dim_LED5mm.png,A,"方焊盘是 K（负极、短脚）；要""翠绿""的选压降约 3V 的那种，3.3V 下串 1kΩ 会很暗",2026-10-02,V1.1 底板已用此封装实焊。,是,0.5,"1,2",,,1=K：短脚、管壳平边一侧，PCB 方焊盘,
LED-003,LED,5mm 蓝色 LED,XL-502UBD,XINGLIGHT,C2895496,扩展库,¥0.1941@20+（立创商城）,立创商城 591，嘉立创 12377,5mm LED 蓝色 雾状 直插,未查询（淘宝需登录，按关键词自查）,XL-502UBC（XINGLIGHT）/ C2895488：同厂 XL-502UBC 透明蓝,蓝，正向压降 2.8/3.0/3.4V（20mA），雾状,不适用,压降最高 3.4V，3.3V GPIO 直接驱动不可靠；接 5V 串 1kΩ，或用三极管从 5V 驱动,2,1=K（短脚、管壳平边），2=A（长脚）,2.54,不适用,引脚 0.5 方,0.9,1.8×1.8,Φ5.0，底边 Φ5.5，高 8.7,立式直插,8.7（贴板）,Device:LED,StudentHW:LED_D5.0mm,${KICAD10_3DMODEL_DIR}/LED_THT.3dshapes/LED_D5.0mm.step,https://wmsc.lcsc.com/wmsc/upload/file/pdf/v2/lcsc/2401120947_XINGLIGHT-XL-502UBD_C2895496.pdf,V1.1 实物验证；厂家规格书 XINGLIGHT 5mm 外形图（见 evidence/LED-001/dim_LED5mm.png）,evidence/LED-003/jlc.txt;evidence/LED-001/dim_LED5mm.png,A,蓝光、白光 LED 在 3.3V GPIO 上可能不亮或很暗,2026-10-02,V1.1 底板已用此封装实焊。,是,0.5,"1,2",,,1=K：短脚、管壳平边一侧，PCB 方焊盘,
LED-004,LED,5mm 黄色 LED,XL-502UYD,XINGLIGHT,C2895494,扩展库,¥0.2293@20+（立创商城）,立创商城 1097，嘉立创 21954,5mm LED 黄色 雾状 直插,未查询（淘宝需登录，按关键词自查）,XL-502UYC（XINGLIGHT）/ C2895486：同厂 XL-502UYC 透明黄,黄，正向压降 1.8/2.0/2.4V（20mA），雾状,不适用,3.3V 或 5V GPIO 串 1kΩ 直接点亮,2,1=K（短脚、管壳平边），2=A（长脚）,2.54,不适用,引脚 0.5 方,0.9,1.8×1.8,Φ5.0，底边 Φ5.5，高 8.7,立式直插,8.7（贴板）,Device:LED,StudentHW:LED_D5.0mm,${KICAD10_3DMODEL_DIR}/LED_THT.3dshapes/LED_D5.0mm.step,https://wmsc.lcsc.com/wmsc/upload/file/pdf/v2/lcsc/2401120947_XINGLIGHT-XL-502UYD_C2895494.pdf,V1.1 实物验证；厂家规格书 XINGLIGHT 5mm 外形图（见 evidence/LED-001/dim_LED5mm.png）,evidence/LED-004/jlc.txt;evidence/LED-001/dim_LED5mm.png,A,方焊盘是 K（负极、短脚）；管壳平边对丝印平边,2026-10-02,V1.1 底板已用此封装实焊。,是,0.5,"1,2",,,1=K：短脚、管壳平边一侧，PCB 方焊盘,
LED-005,LED,5mm 白色 LED,XL-502UWC,XINGLIGHT,C2895480,扩展库,¥0.2057@20+（立创商城）,立创商城 3388，嘉立创 67776,5mm LED 白色 直插,未查询（淘宝需登录，按关键词自查）,XL-504UWC（XINGLIGHT）/ C2895481：同厂 XL-504UWC（4 号外形，换前核对高度）,白，正向压降 2.8/3.0/3.4V（20mA），透明,不适用,压降最高 3.4V，3.3V GPIO 直接驱动不可靠；接 5V 串 1kΩ，或用三极管从 5V 驱动,2,1=K（短脚、管壳平边），2=A（长脚）,2.54,不适用,引脚 0.5 方,0.9,1.8×1.8,Φ5.0，底边 Φ5.5，高 8.7,立式直插,8.7（贴板）,Device:LED,StudentHW:LED_D5.0mm,${KICAD10_3DMODEL_DIR}/LED_THT.3dshapes/LED_D5.0mm.step,https://wmsc.lcsc.com/wmsc/upload/file/pdf/v2/lcsc/2401120947_XINGLIGHT-XL-502UWC_C2895480.pdf,V1.1 实物验证；厂家规格书 XINGLIGHT 5mm 外形图（见 evidence/LED-001/dim_LED5mm.png）,evidence/LED-005/jlc.txt;evidence/LED-001/dim_LED5mm.png,A,白光透明头很刺眼，做指示灯电流取 1–2mA 即可,2026-10-02,V1.1 底板已用此封装实焊。,是,0.5,"1,2",,,1=K：短脚、管壳平边一侧，PCB 方焊盘,
LED-006,LED,3mm 红色 LED,XL-302SURD,XINGLIGHT,C2895470,扩展库,¥0.1593@20+（立创商城）,立创商城 16256，嘉立创 326818,3mm LED 红色 雾状 直插,未查询（淘宝需登录，按关键词自查）,204-10SURD/S530-A3（Everlight Elec）/ C99772：亿光 204-10SURD 3mm 红,红，正向压降 1.8/2.2/2.4V（20mA），雾状,不适用,3.3V 或 5V GPIO 串 1kΩ 直接点亮,2,1=K（短脚、管壳平边），2=A（长脚）,2.54,不适用,引脚 0.5 方,0.9,1.8×1.8,Φ3.0，底边 Φ3.8，高 5.2,立式直插,5.2（贴板）,Device:LED,LED_THT:LED_D3.0mm,${KICAD10_3DMODEL_DIR}/LED_THT.3dshapes/LED_D3.0mm.step,https://www.lcsc.com/datasheet/lcsc_datasheet_2410121451_XINGLIGHT-XL-302SURD_C2895470.pdf,厂家规格书 XINGLIGHT 3mm 外形图（dim_LED3mm.png）,evidence/LED-006/dim_LED3mm.png;evidence/LED-006/jlc.txt,B,方焊盘是 K（负极、短脚）；管壳平边对丝印平边,2026-10-02,3mm 和 5mm 脚距都是 2.54，封装外框不同，不要混用。,是,0.5,"1,2",,,1=K：短脚、管壳平边一侧，PCB 方焊盘,
LED-007,LED,3mm 绿色 LED（黄绿，低压降）,XL-302SYGD,XINGLIGHT,C2895478,扩展库,¥0.1872@20+（立创商城）,立创商城 726，嘉立创 14812,3mm LED 绿色 雾状 直插,未查询（淘宝需登录，按关键词自查）,XL-302UGD（XINGLIGHT）/ C2895476：同厂 XL-302UGD 翠绿，压降约 3V,黄绿，正向压降 1.8/2.2/2.6V（20mA），雾状,不适用,3.3V 或 5V GPIO 串 1kΩ 直接点亮,2,1=K（短脚、管壳平边），2=A（长脚）,2.54,不适用,引脚 0.5 方,0.9,1.8×1.8,Φ3.0，底边 Φ3.8，高 5.2,立式直插,5.2（贴板）,Device:LED,LED_THT:LED_D3.0mm,${KICAD10_3DMODEL_DIR}/LED_THT.3dshapes/LED_D3.0mm.step,https://wmsc.lcsc.com/wmsc/upload/file/pdf/v2/lcsc/2401120947_XINGLIGHT-XL-302SYGD_C2895478.pdf,厂家规格书 XINGLIGHT 3mm 外形图（见 evidence/LED-006/dim_LED3mm.png）,evidence/LED-007/jlc.txt;evidence/LED-006/dim_LED3mm.png,B,方焊盘是 K（负极、短脚）；管壳平边对丝印平边,2026-10-02,3mm 和 5mm 脚距都是 2.54，封装外框不同，不要混用。,是,0.5,"1,2",,,1=K：短脚、管壳平边一侧，PCB 方焊盘,
LED-008,LED,3mm 蓝色 LED,XL-302UBD,XINGLIGHT,C2895474,扩展库,¥0.1765@20+（立创商城）,立创商城 2113，嘉立创 42279,3mm LED 蓝色 雾状 直插,未查询（淘宝需登录，按关键词自查）,XL-302UBC（XINGLIGHT）/ C2895464：同厂 XL-302UBC 透明蓝,蓝，正向压降 2.8/3.0/3.4V（20mA），雾状,不适用,压降最高 3.4V，3.3V GPIO 直接驱动不可靠；接 5V 串 1kΩ，或用三极管从 5V 驱动,2,1=K（短脚、管壳平边），2=A（长脚）,2.54,不适用,引脚 0.5 方,0.9,1.8×1.8,Φ3.0，底边 Φ3.8，高 5.2,立式直插,5.2（贴板）,Device:LED,LED_THT:LED_D3.0mm,${KICAD10_3DMODEL_DIR}/LED_THT.3dshapes/LED_D3.0mm.step,https://wmsc.lcsc.com/wmsc/upload/file/pdf/v2/lcsc/2401120946_XINGLIGHT-XL-302UBD_C2895474.pdf,厂家规格书 XINGLIGHT 3mm 外形图（见 evidence/LED-006/dim_LED3mm.png）,evidence/LED-008/jlc.txt;evidence/LED-006/dim_LED3mm.png,B,蓝光、白光 LED 在 3.3V GPIO 上可能不亮或很暗,2026-10-02,3mm 和 5mm 脚距都是 2.54，封装外框不同，不要混用。,是,0.5,"1,2",,,1=K：短脚、管壳平边一侧，PCB 方焊盘,
LED-009,LED,3mm 黄色 LED,XL-302UYD,XINGLIGHT,C2895472,扩展库,¥0.2034@20+（立创商城）,立创商城 2478，嘉立创 49566,3mm LED 黄色 雾状 直插,未查询（淘宝需登录，按关键词自查）,XL-304UYD（XINGLIGHT）/ C2895473：同厂 XL-304UYD（4 号外形，换前核对高度）,黄，正向压降 1.8/2.2/2.4V（20mA），雾状,不适用,3.3V 或 5V GPIO 串 1kΩ 直接点亮,2,1=K（短脚、管壳平边），2=A（长脚）,2.54,不适用,引脚 0.5 方,0.9,1.8×1.8,Φ3.0，底边 Φ3.8，高 5.2,立式直插,5.2（贴板）,Device:LED,LED_THT:LED_D3.0mm,${KICAD10_3DMODEL_DIR}/LED_THT.3dshapes/LED_D3.0mm.step,https://wmsc.lcsc.com/wmsc/upload/file/pdf/v2/lcsc/2401120946_XINGLIGHT-XL-302UYD_C2895472.pdf,厂家规格书 XINGLIGHT 3mm 外形图（见 evidence/LED-006/dim_LED3mm.png）,evidence/LED-009/jlc.txt;evidence/LED-006/dim_LED3mm.png,B,方焊盘是 K（负极、短脚）；管壳平边对丝印平边,2026-10-02,3mm 和 5mm 脚距都是 2.54，封装外框不同，不要混用。,是,0.5,"1,2",,,1=K：短脚、管壳平边一侧，PCB 方焊盘,
LED-010,LED,3mm 白色 LED,XL-302UWC,XINGLIGHT,C2895458,扩展库,¥0.1759@20+（立创商城）,立创商城 1734，嘉立创 35606,3mm LED 白色 直插,未查询（淘宝需登录，按关键词自查）,XL-304UWC（XINGLIGHT）/ C2895459：同厂 XL-304UWC（4 号外形，换前核对高度）,白，正向压降 2.8/3.0/3.4V（20mA），透明,不适用,压降最高 3.4V，3.3V GPIO 直接驱动不可靠；接 5V 串 1kΩ，或用三极管从 5V 驱动,2,1=K（短脚、管壳平边），2=A（长脚）,2.54,不适用,引脚 0.5 方,0.9,1.8×1.8,Φ3.0，底边 Φ3.8，高 5.2,立式直插,5.2（贴板）,Device:LED,LED_THT:LED_D3.0mm,${KICAD10_3DMODEL_DIR}/LED_THT.3dshapes/LED_D3.0mm.step,https://wmsc.lcsc.com/wmsc/upload/file/pdf/v2/lcsc/2401120947_XINGLIGHT-XL-302UWC_C2895458.pdf,厂家规格书 XINGLIGHT 3mm 外形图（见 evidence/LED-006/dim_LED3mm.png）,evidence/LED-010/jlc.txt;evidence/LED-006/dim_LED3mm.png,B,白光透明头很刺眼，做指示灯电流取 1–2mA 即可,2026-10-02,3mm 和 5mm 脚距都是 2.54，封装外框不同，不要混用。,是,0.5,"1,2",,,1=K：短脚、管壳平边一侧，PCB 方焊盘,
Q-001,三极管,NPN 三极管 S8050（TO-92）,S8050,LGE,C717453,扩展库,¥0.1586@20+（立创商城）,立创商城 492，嘉立创 10669,S8050 TO-92 直插 三极管,未查询（淘宝需登录，按关键词自查）,"S8050(RANGE:160-300)（Jiangsu Changjing Electronics Technology Co., Ltd.）/ C8327：长晶 S8050，hFE 160–300 档，引脚同为 E-B-C",NPN，Vceo 25V，Ic 0.5A，Pc 0.625W，hFE 85–400（1V/50mA）,不适用,3.3V GPIO 串 1kΩ 驱动基极，可开关约 100mA 负载（蜂鸣器、继电器）,3,1=E，2=B，3=C（平面朝自己、引脚朝下，从左到右）,2.54（引脚根部 1.27，焊时两边脚向外掰开）,不适用,引脚 0.41–0.53,0.8,1.5×1.5,TO-92 宽 4.45–5.21 × 厚 3.18–4.19 × 高 4.32–5.33,立式直插,最高 5.33 + 留脚高度,Transistor_BJT:S8050,StudentHW:TO-92_Inline_Wide,${KICAD10_3DMODEL_DIR}/Package_TO_SOT_THT.3dshapes/TO-92_Inline_Wide.step,https://www.lcsc.com/datasheet/lcsc_datasheet_2008031905_LGE-S8050_C717453.pdf,V1.1 实物验证；厂家规格书 LGE TO-92 外形与引脚图（dim_TO92_S8050.png）,evidence/Q-001/dim_TO92_S8050.png;evidence/Q-001/jlc.txt,A,不同厂家 S8050 有 EBC 和 ECB 两种脚序，买前看规格书；本条 LGE 为 E-B-C,2026-10-02,V1.1 底板已用此封装实焊（蜂鸣器驱动，E-B-C）。,是,0.53,"1,2",,,1=E、2=B、3=C：平面朝自己、引脚朝下，从左到右,
Q-002,三极管,PNP 三极管 S8550（TO-92）,S8550,LGE,C717454,扩展库,¥0.1452@20+（立创商城）,立创商城 100，嘉立创 2004,S8550 TO-92 直插 三极管,未查询（淘宝需登录，按关键词自查）,"S8550(RANGE:160-300)（Jiangsu Changjing Electronics Technology Co., Ltd.）/ C141644：长晶 S8550，hFE 160–300 档，引脚 E-B-C",PNP，Vceo -25V，Ic -0.5A，Pc 0.625W,不适用,用作高边开关：基极拉低导通；GPIO 是 3.3V 而负载接 5V 时关不断，需再加一级 NPN,3,1=E，2=B，3=C（平面朝自己、引脚朝下，从左到右）,2.54（引脚根部 1.27，焊时两边脚向外掰开）,不适用,引脚 0.41–0.53（见规格书）,0.8,1.5×1.5,TO-92（见规格书）,立式直插,约 4.5 + 留脚高度,Transistor_BJT:S8550,StudentHW:TO-92_Inline_Wide,${KICAD10_3DMODEL_DIR}/Package_TO_SOT_THT.3dshapes/TO-92_Inline_Wide.step,https://www.lcsc.com/datasheet/lcsc_datasheet_2008031905_LGE-S8550_C717454.pdf,厂家规格书 LGE TO-92 外形与引脚图（dim_TO92_S8550.png）,evidence/Q-002/dim_TO92_S8550.png;evidence/Q-002/jlc.txt,B,不同厂家脚序不同，买前看规格书；本条 LGE 为 E-B-C,2026-10-02,封装与 V1.1 的 S8050 同一个（V1.1 实焊）。环宽：TO-92 宽脚距封装孔 0.8、焊盘 1.5，环宽 0.35，沿用 V1.1 实焊尺寸。,是,0.53,"1,2",,0.35,1=E、2=B、3=C：平面朝自己、引脚朝下，从左到右,
OPT-001,光耦,光耦 PC817（DIP-4）,PC817X3NSZ9F,Sharp Microelectronics,C96006,扩展库,¥0.5789@5+（立创商城）,立创商城 5518，嘉立创 31496,PC817 DIP-4 光耦,未查询（淘宝需登录，按关键词自查）,EL817(C)-F（Everlight Elec）/ C181890：亿光 EL817(C)，脚位相同,单路晶体管输出光耦；输入 LED 电流取 5–10mA；电流传输比按后缀分档,不适用,输入端 3.3V GPIO 串 330Ω 约 6mA；输出端集电极上拉到对方电源,4,1=阳极 A，2=阴极 K，3=发射极 E，4=集电极 C（圆点为 1 脚）,2.54,7.62,引脚 0.5±0.1 × 0.26,0.8,1.6×1.6,6.5 × 4.6 × 3.5,直插（DIP）,约 3.5,Isolator:PC817,Package_DIP:DIP-4_W7.62mm,${KICAD10_3DMODEL_DIR}/Package_DIP.3dshapes/DIP-4_W7.62mm.step,https://www.lcsc.com/datasheet/lcsc_datasheet_2304140030_Sharp-Microelectronics-PC817X3NSZ9F_C96006.pdf,厂家规格书 Sharp PC817X 外形图（图片型 PDF，人工读图，dim_PC817_outline.png）,evidence/OPT-001/dim_PC817_outline.png;evidence/OPT-001/jlc.txt,B,1 脚圆点要对丝印 1 脚；输出侧要自己接上拉电阻,2026-10-02,嘉立创商城 EL817 规格书下载不到，主选改为 Sharp 原厂 PC817X。,是,0.6,"1,2",,,1=阳极 A：本体圆点一角，PCB 方焊盘,
REG-002,稳压器,3.3V 800mA LDO LD1117V33（TO-220）,LD1117V33,STMicroelectronics,C283467,扩展库,¥2.87@1+（立创商城）,立创商城 6092，嘉立创 6092,LD1117V33 TO-220,未查询（淘宝需登录，按关键词自查）,LD1117V33C（STMicroelectronics）/ C672117：ST LD1117V33C（输出精度不同），脚位相同,输出 3.3V，800mA，压差约 1V（典型），输入最高 15V,输入 4.5–12V,不适用,3,1=GND，2=VOUT（与散热片相通），3=VIN（正面看、引脚朝下，从左到右）,2.54,不适用,引脚宽 0.61–0.88 × 厚 0.48–0.70,1.2,1.9×3,宽 10–10.4 × 厚 4.4–4.6 × 本体加散热片高 15.25–15.75,立装直插,约 15.5 + 留脚高度,Regulator_Linear:LM1117T-3.3,StudentHW:TO-220-3_Vertical_GND-OUT-IN,${KICAD10_3DMODEL_DIR}/Package_TO_SOT_THT.3dshapes/TO-220-3_Vertical.step,https://www.lcsc.com/datasheet/lcsc_datasheet_1810221222_STMicroelectronics-LD1117V33_C283467.pdf,厂家规格书 ST LD1117 TO-220 尺寸表（dim_TO220_ST_LD1117.png）与引脚图（dim_pins_LD1117.png）,evidence/REG-002/dim_TO220_ST_LD1117.png;evidence/REG-002/dim_pins_LD1117.png;evidence/REG-002/jlc.txt,B,散热片接的是输出 3.3V，不能和别的散热片或地相碰,2026-10-02,KiCad 没有 LD1117V33 符号，用引脚号相同的 LM1117T-3.3（1 GND、2 VO、3 VI）。 封装孔 1.2、焊盘 1.9×3.0；2.54 脚距放不下更大焊盘，环宽按 0.35 放宽，焊盘向上下加长补焊锡面积。,否,0.88,"1,2",,0.35,1=GND、2=VOUT、3=VIN：正面（有字面）朝自己、引脚朝下，从左到右,
REG-003,稳压器,3.3V 3A LDO LM1085-3.3（TO-220）,LM1085T-3.3,HGSEMI,C444383,扩展库,¥2.3605@5+（立创商城）,立创商城 186，嘉立创 930,LM1085IT-3.3 TO-220,未查询（淘宝需登录，按关键词自查）,LM1085IT-3.3/HG（HGSEMI）/ C49384189：华冠 LM1085IT-3.3/HG，TO-220-3，脚位相同,输出 3.3V，3A，压差最大 1.5V（3A 时），限流 3.2–4.5A,输入 4.8–12V（大电流时按发热算）,不适用,3,1=ADJ/GND，2=VOUT（与散热片相通），3=VIN（正面看、引脚朝下，从左到右）,2.54,不适用,引脚宽 0.71–0.97 × 厚 0.33–0.42,1.2,1.9×3,宽 10–10.4 × 厚 4.45–4.62 × 塑封高 8.5–9.1（含散热片约 15）,立装直插（要卧装就把引脚弯 90° 贴板，另加 M3 螺丝）,约 15 + 留脚高度,Regulator_Linear:LM1085-3.3,StudentHW:TO-220-3_Vertical_GND-OUT-IN,${KICAD10_3DMODEL_DIR}/Package_TO_SOT_THT.3dshapes/TO-220-3_Vertical.step,https://www.lcsc.com/datasheet/lcsc_datasheet_2209211400_HGSEMI-LM1085T-3-3_C444383.pdf,厂家规格书 华冠 LM1085 TO-220-3 尺寸表（dim_TO220.png）与引脚图（dim_pins_LM1085.png）,evidence/REG-003/dim_TO220.png;evidence/REG-003/dim_pins_LM1085.png;evidence/REG-003/jlc.txt,B,V1.1 曾买成 TO-263 贴片的 AMS1085CM，插不进孔；下单认准 TO-220 型号（LM1085T / LM1085IT / AMS1085CT）,2026-10-02,"该厂规格书页眉误写成""降压开关""，正文为 LDO，以正文为准。 封装孔 1.2、焊盘 1.9×3.0；2.54 脚距放不下更大焊盘，环宽按 0.35 放宽，焊盘向上下加长补焊锡面积。",否,0.97,"1,2",LM1085T-3.3,0.35,1=ADJ/GND、2=VOUT、3=VIN：正面（有字面）朝自己、引脚朝下，从左到右,
REG-004,稳压器,5V 1.5A 稳压 L7805CV（TO-220）,L7805CV,STMicroelectronics,C111887,扩展库,¥2.23@1+（立创商城）,立创商城 26176，嘉立创 26292,L7805CV TO-220,未查询（淘宝需登录，按关键词自查）,"L7805CV(UMW)（UMW(Youtai Semiconductor Co., Ltd.)）/ C347289：UMW L7805CV，脚位相同",输出 5V，1.5A，压差约 2V（1A），输入最高 35V,输入 7–25V,不适用,3,1=IN，2=GND（与散热片相通），3=OUT（正面看、引脚朝下，从左到右）,2.54,不适用,引脚宽 0.61–0.88 × 厚 0.48–0.70,1.2,1.9×3,宽 10–10.4 × 厚 4.4–4.6 × 本体加散热片高 15.25–15.75,立装直插,约 15.5 + 留脚高度,Regulator_Linear:L7805,StudentHW:TO-220-3_Vertical_IN-GND-OUT,${KICAD10_3DMODEL_DIR}/Package_TO_SOT_THT.3dshapes/TO-220-3_Vertical.step,https://www.lcsc.com/datasheet/lcsc_datasheet_2304140030_STMicroelectronics-L7805CV_C111887.pdf,厂家规格书 ST L78 TO-220 尺寸表（dim_TO220_ST_L7805.png）与引脚图（dim_pins_L7805.png）,evidence/REG-004/dim_TO220_ST_L7805.png;evidence/REG-004/dim_pins_L7805.png;evidence/REG-004/jlc.txt,B,脚序是 IN-GND-OUT，和 1117/1085 的 GND-OUT-IN 不同，封装也分开了，不能互换,2026-10-02,12V→5V 带 0.5A 发热 3.5W，必须加散热片。 封装孔 1.2、焊盘 1.9×3.0；2.54 脚距放不下更大焊盘，环宽按 0.35 放宽，焊盘向上下加长补焊锡面积。,否,0.88,"1,2",,0.35,1=IN、2=GND、3=OUT：正面（有字面）朝自己、引脚朝下，从左到右,
MCU-001,主控板,立创 ESP32-S3 核心板 LCKFB-ESP32S3R8N8（40P）,LCKFB-ESP32S3R8N8,LCSC-boards,C20626143,扩展库,¥35.9@1+（立创商城）,立创商城 397，嘉立创 397,立创 ESP32S3R8N8 开发板,未查询（淘宝需登录，按关键词自查）,无同脚位替代（立创独家板型）,ESP32-S3R8，8MB PSRAM + 8MB Flash，Wi-Fi/BLE，USB 直接下载,5V（Type-C 或 5V 脚）；板载 LDO 输出 3V3,GPIO 3.3V，不耐 5V,40,正面朝上、天线朝上看：左列自上而下 1–20 = GPIO1–6、GND、GPIO7–14、RST、3V3×3、GND； 右列自下而上 21–40 = GND、5V×3、BOOT(GPIO0)、GPIO48、47、38、39、40、21、GND、18、17、16、15、41、42、45、46。 1 脚（GPIO1）在天线端左上，方焊盘,2.54,17.78,排针方针 0.64,1,1.7×1.7,51.66 × 20.32（Type-C 略伸出）,底板焊两条 1×20 排母，核心板插上,排母 8.5 + 板厚，约 10,StudentHW:LCKFB_ESP32S3R8N8,StudentHW:Module_LCKFB_ESP32S3R8N8,无,https://www.lcsc.com/datasheet/lcsc_datasheet_2412061428_LCSC-boards-LCKFB-ESP32S3R8N8_C20626143.pdf,V1.1 实物验证；立创开发板规格书 尺寸标注图与引脚定义图（dim_LCKFB_S3_size.png、dim_LCKFB_S3_pinout.png，图片型，人工读图）,evidence/MCU-001/dim_LCKFB_S3_pinout.png;evidence/MCU-001/dim_LCKFB_S3_size.png;evidence/MCU-001/jlc.txt,A,GPIO45、GPIO46 不能接上拉，否则无法启动；天线端不要压金属件或铺铜,2026-10-02,V1.1 底板用两条 PinSocket_1x20 实焊，排距 17.78 与本封装一致。封装把两排画在一起，丝印印出全部脚名和天线、USB 方向。 环宽：孔 1.0 焊盘 1.7，2.54 脚距限制按 0.35 放宽。模块无 3D 模型。,是,0.64,"1,2",ESP32,0.35,1=GPIO1：天线端左上，PCB 方焊盘（丝印印全脚名）,
MCU-002,主控板,立创·地猛星 STM32F103C8T6 核心板（Type-C）,LCKFB-DKX-STM32F103C8T6,LCSC-boards,C22396880,扩展库,¥11.46@1+（立创商城）,立创商城 783，嘉立创 783,立创 地猛星 STM32F103C8T6,未查询（淘宝需登录，按关键词自查）,"淘宝""蓝色药丸""STM32F103C8T6 最小系统板脚位相同（见 MCU-003）",STM32F103C8T6，72MHz，64KB Flash，20KB RAM；Type-C 供电，SWD 下载,5V（Type-C 或 5V 脚）,3.3V，标 FT 的脚耐 5V,40,正面朝上、USB 在左：下排自左向右 1–20 = PB12–15、PA8–12、PA15、PB3–9、5V、GND、3V3； 上排自右向左 21–40 = VBAT、PC13–15、PA0–7、PB0、PB1、PB10、PB11、RST、3V3、GND、GND,2.54,15.24（图上未标，按 2.54 网格量得）,排针方针 0.64,1,1.7×1.7,53.34 × 22.86,底板焊两条 1×20 排母,排母 8.5 + 板厚，约 10,StudentHW:STM32F103C8T6_BluePill,StudentHW:Module_STM32F103C8T6_BluePill,无,https://www.lcsc.com/datasheet/lcsc_datasheet_2408010918_LCSC-boards-LCKFB-DKX-STM32F103C8T6_C22396880.pdf,立创开发板规格书 结构尺寸与引脚图（dim_DKX_STM32_size.png、dim_DKX_STM32_pinout.png，图片型，人工读图）,evidence/MCU-002/dim_DKX_STM32_pinout.png;evidence/MCU-002/dim_DKX_STM32_size.png;evidence/MCU-002/jlc.txt,C,排距厂家图未标，到货后用卡尺量两排针中心距是否 15.24；BOOT0 跳线帽平时接 0,2026-10-02,外形和脚位与经典蓝色药丸相同，共用一个封装。环宽：孔 1.0 焊盘 1.7，2.54 脚距限制按 0.35 放宽。模块无 3D 模型。,是,0.64,"1,2",STM32,0.35,1=PB12：USB 在左时下排最左，PCB 方焊盘,
MCU-003,主控板,STM32F103C8T6 最小系统板（蓝色药丸，淘宝）,STM32F103C8T6 Blue Pill,淘宝通用,无,不适用,未查（淘宝需登录）,淘宝现货（未核实）,STM32F103C8T6 最小系统板 蓝色,未查询（淘宝需登录，按关键词自查）,立创·地猛星（MCU-002）脚位相同,STM32F103C8T6（部分为国产兼容芯片），Micro-USB 或 Type-C,5V（USB 或 5V 脚）,3.3V，标 FT 的脚耐 5V,40,同 MCU-002（下排 B12…3V3，上排 GND GND 3V3 R B11…VB）,2.54,15.24,排针方针 0.64,1,1.7×1.7,约 53 × 22.5,底板焊两条 1×20 排母,约 10,StudentHW:STM32F103C8T6_BluePill,StudentHW:Module_STM32F103C8T6_BluePill,无,https://www.lcsc.com/datasheet/lcsc_datasheet_2408010918_LCSC-boards-LCKFB-DKX-STM32F103C8T6_C22396880.pdf,无厂家图，按立创地猛星图纸（同板型）,evidence/MCU-002/dim_DKX_STM32_size.png;evidence/MCU-002/dim_DKX_STM32_pinout.png,C,淘宝货的 USB 口有 Micro 和 Type-C 两种；不少是国产兼容芯片，下载工具要选对；PA12 上拉电阻阻值常不对，USB 枚举失败时改 1.5kΩ,,规格书缺（淘宝通用板）。环宽按 0.35 放宽（2.54 脚距）。模块无 3D 模型。,是,0.64,"1,2",,0.35,1=PB12：USB 在左时下排最左，PCB 方焊盘,
MCU-004,主控板,乐鑫 ESP32-S3-DevKitC-1（44P）,ESP32-S3-DevKitC-1 v1.1,Espressif（乐鑫）,无,不适用,未查（乐鑫官方店约 70–100 元）,乐鑫官方店/淘宝,ESP32-S3-DevKitC-1 乐鑫官方,未查询（淘宝需登录，按关键词自查）,淘宝 N16R8 兼容板（MCU-005）脚位相同,ESP32-S3-WROOM-1 模组，USB/UART 双口，板载 RGB LED（GPIO38）,5V（USB 或 5V 脚）,GPIO 3.3V,44,天线朝上看：左列 J1 自上而下 1–22 = 3V3、3V3、RST、GPIO4–7、15–18、8、3、46、9–14、5V、GND； 右列 J3 自下而上 23–44（J3 第 22 脚为 23 号，J3 第 1 脚为 44 号）：J3 自上而下 = GND、TX(43)、RX(44)、1、2、42、41、40、39、38、37、36、35、0、45、48、47、21、20、19、GND、GND,2.54,22.86,排针方针 0.64,1,1.7×1.7,62.74 × 25.40（模组天线另伸出板外约 6）,底板焊两条 1×22 排母,约 10,StudentHW:ESP32-S3-DevKitC-1,StudentHW:Module_ESP32-S3-DevKitC-1,无,https://docs.espressif.com/projects/esp-dev-kits/en/latest/esp32s3/esp32-s3-devkitc-1/user_guide_v1.1.html,乐鑫官方尺寸图 DXF_ESP32-S3-DevKitC-1_V1.1（dim_DevKitC-1_v1.1.png，矢量图无文字层，人工读图并用 DXF 坐标复核）,evidence/MCU-004/dim_DevKitC-1_v1.1.png,B,天线伸出板外约 6 mm，底板这一端不要放元件；N8R8 版 GPIO35–37 被 PSRAM 占用,,立创编号 C20541519（N8R8）无库存，通常淘宝/乐鑫官方店购买。环宽按 0.35 放宽（2.54 脚距）。模块无 3D 模型。,是,0.64,"1,2",,0.35,1=3V3：天线朝上时左列最上，PCB 方焊盘,
MCU-005,主控板,ESP32-S3 N16R8 兼容开发板（淘宝，DevKitC-1 脚位）,ESP32-S3-N16R8 DevKitC-1 compatible,淘宝通用,无,不适用,未查（淘宝需登录）,淘宝现货（未核实）,ESP32-S3 N16R8 开发板 44 针,未查询（淘宝需登录，按关键词自查）,官方 DevKitC-1（MCU-004）,ESP32-S3 N16R8（16MB Flash + 8MB PSRAM），双 Type-C,5V,GPIO 3.3V,44,与 MCU-004 相同（按 DevKitC-1 脚位）,2.54,22.86,排针方针 0.64,1,1.7×1.7,约 63 × 25.5,底板焊两条 1×22 排母,约 10,StudentHW:ESP32-S3-DevKitC-1,StudentHW:Module_ESP32-S3-DevKitC-1,无,https://docs.espressif.com/projects/esp-dev-kits/en/latest/esp32s3/esp32-s3-devkitc-1/user_guide_v1.1.html,无厂家图，按乐鑫 DevKitC-1 尺寸图（脚位兼容板）,evidence/MCU-004/dim_DevKitC-1_v1.1.png,C,兼容板排针有 2×22 和 2×20 两种，买前看清针数；N16R8 的 GPIO35–37 不能用,,规格书缺（淘宝兼容板）。到货后量排距是否 22.86。环宽按 0.35 放宽。模块无 3D 模型。,是,0.64,"1,2",,0.35,1=3V3：天线朝上时左列最上，PCB 方焊盘,
MCU-006,主控板,乐鑫 ESP32-DevKitC V4（38P）,ESP32-DevKitC V4,Espressif（乐鑫）,无,不适用,未查（淘宝需登录）,乐鑫官方店/淘宝,ESP32-DevKitC V4 38针,未查询（淘宝需登录，按关键词自查）,淘宝 38P ESP32 开发板多为同脚位，但有排距 22.86 的窄版，买后量,ESP32-WROOM-32E 模组，Micro-USB/CP2102,5V（USB 或 5V 脚）,GPIO 3.3V；GPIO34–39 只能输入,38,天线朝上看：左列 J2 自上而下 1–19 = 3V3、EN、VP(36)、VN(39)、34、35、32、33、25、26、27、14、12、GND、13、SD2、SD3、CMD、5V； 右列 J3 自下而上 20–38，J3 自上而下 = GND、23、22、TX、RX、21、GND、19、18、5、17、16、4、0、2、15、SD1、SD0、CLK,2.54,25.4,排针方针 0.64,1,1.7×1.7,48.26 × 27.94（天线伸出 6.04）,底板焊两条 1×19 排母,约 10,StudentHW:ESP32-DevKitC-V4_38P,StudentHW:Module_ESP32-DevKitC-V4_38P,无,https://docs.espressif.com/projects/esp-dev-kits/en/latest/esp32/esp32-devkitc/user_guide.html,乐鑫官方尺寸图 esp32_devkitc_v4_dimensions（dim_DevKitC_V4.png，矢量图无文字层，人工读图）,evidence/MCU-006/dim_DevKitC_V4.png,B,SD0–SD3、CMD、CLK 接的是 Flash，不能当 GPIO 用；GPIO34–39 只能输入,,环宽按 0.35 放宽（2.54 脚距）。模块无 3D 模型。,是,0.64,"1,2",,0.35,1=3V3：天线朝上时左列最上，PCB 方焊盘,
MCU-007,主控板,ESP32 30P 开发板（DOIT DevKit V1 类，淘宝）,ESP32 DEVKIT V1 30P,淘宝通用（DOIT 版型）,无,不适用,未查（淘宝需登录）,淘宝现货（未核实）,ESP32 开发板 30P DOIT,未查询（淘宝需登录，按关键词自查）,38P 板见 MCU-006（脚位不同）,ESP32-WROOM-32，CP2102 或 CH340，Micro-USB,5V（USB 或 VIN）,GPIO 3.3V,30,天线朝上看：左列自上而下 1–15 = EN、VP(36)、VN(39)、34、35、32、33、25、26、27、14、12、13、GND、VIN； 右列自下而上 16–30，右列自上而下 = 23、22、TX、RX、21、19、18、5、17、16、4、2、15、GND、3V3,2.54,25.40（常见版；有 22.86 窄版）,排针方针 0.64,1,1.7×1.7,51.45 × 28.33,底板焊两条 1×15 排母,约 10,StudentHW:ESP32_DevKit_30P_W25.4,StudentHW:Module_ESP32_DevKit_30P_W25.4,无,https://www.espboards.dev/esp32/esp32doit-devkit-v1/,无厂家图；引脚和外形按 espboards.dev 公开引脚图（dim_DOIT_30P_pinout.png）量取,evidence/MCU-007/dim_DOIT_30P_pinout.png,C,同名板有两种排距（25.40 和 22.86），到货先量；VIN 是 5V 输入，不是 3.3V,,规格书缺（淘宝通用板）。环宽按 0.35 放宽。模块无 3D 模型。,是,0.64,"1,2",,0.35,1=EN：天线朝上时左列最上，PCB 方焊盘,
MCU-008,主控板,ESP32-C3 SuperMini（淘宝）,ESP32-C3 SuperMini,淘宝通用（nologo）,无,不适用,未查（淘宝需登录）,淘宝现货（未核实）,ESP32-C3 SuperMini,未查询（淘宝需登录，按关键词自查）,无同脚位替代,ESP32-C3FH4，4MB Flash，USB-C 直连下载，板载陶瓷天线,5V（USB-C 或 5V 脚）,GPIO 3.3V,16,正面朝上、USB-C 朝上：左列自上而下 1–8 = GPIO5、6、7、8、9、10、20(RX)、21(TX)； 右列自下而上 9–16，右列自上而下 = 5V、GND、3V3、GPIO4、3、2、1、0,2.54,15.24,排针方针 0.64,1,1.7×1.7,22.52 × 18.0,底板焊两条 1×8 排母,约 10,StudentHW:ESP32-C3_SuperMini,StudentHW:Module_ESP32-C3_SuperMini,无,https://www.espboards.dev/esp32/esp32-c3-super-mini/,无厂家图；外形 22.52×18 与引脚按 espboards.dev 公开引脚图（dim_C3_SuperMini_pinout.png）,evidence/MCU-008/dim_C3_SuperMini_pinout.png,C,5V/GND/3V3 在右列（正面看），别镜像；GPIO8 接板载 LED、GPIO9 是 BOOT 键，外接时注意,,规格书缺（淘宝通用板）。环宽按 0.35 放宽。模块无 3D 模型。,是,0.64,"1,2",,0.35,1=GPIO5：USB-C 朝上时左列最上，PCB 方焊盘,
MCU-009,主控板,Arduino Nano（含 CH340 兼容版）,Arduino Nano (A000005),Arduino（兼容版淘宝通用）,无,不适用,未查（淘宝需登录）,淘宝现货（未核实）,Arduino Nano CH340,未查询（淘宝需登录，按关键词自查）,CH340 兼容版尺寸、脚位相同,ATmega328P，16MHz，5V 逻辑，Mini-USB（兼容版多为 Type-C/Micro）,5V（USB）或 VIN 7–12V,5V 逻辑；接 3.3V 模块要电平转换,30,按 KiCad 符号 Arduino_Nano_v3.x：1–15 为 D1/TX、D0/RX、RST、GND、D2–D13；16–30 为 D13 对侧的 3V3、AREF、A0–A7、5V、RST、GND、VIN（以符号为准）,2.54,15.24,排针方针 0.64,1,1.6×1.6,43.2 × 18,底板焊两条 1×15 排母,约 10,MCU_Module:Arduino_Nano_v3.x,StudentHW:Arduino_Nano,无,https://docs.arduino.cc/resources/datasheets/A000005-datasheet.pdf,Arduino 官方规格书 A000005 Mechanical Information（dim_Arduino_Nano.png）,evidence/MCU-009/dim_Arduino_Nano.png,B,5V 逻辑，直接接 3.3V 传感器的输出没问题，但 Nano 输出给 3.3V 器件要分压；兼容版要装 CH340 驱动,,封装与 KiCad 官方 Module:Arduino_Nano 相同（本机缺官方 3D，去掉了模型引用，无 3D 模型）。环宽：孔 1.0 焊盘 1.6，按 0.3 放宽。,是,0.64,"1,2",Arduino Nano,0.3,1=D1/TX：PCB 方焊盘，按封装丝印对齐,
MCU-010,主控板,NodeMCU ESP8266 v3（CH340，宽版 27.94）,"NodeMCU v3 (LoLin, CH340)",淘宝通用,无,不适用,未查（淘宝需登录）,淘宝现货（未核实）,NodeMCU ESP8266 CH340 V3,未查询（淘宝需登录，按关键词自查）,CP2102 窄版（MCU-011）脚位相同、排距不同,ESP-12E/F，4MB Flash，CH340,5V（USB 或 VIN）,GPIO 3.3V；A0 量程 0–3.3V（板上分压）,30,天线朝上：左列自上而下 1–15 = A0、RSV、RSV、SD3、SD2、SD1、CMD、SD0、CLK、GND、3V3、EN、RST、GND、VIN； 右列自下而上 16–30，右列自上而下 = D0、D1、D2、D3、D4、3V3、GND、D5、D6、D7、D8、RX、TX、GND、3V3,2.54,27.94,排针方针 0.64,1,1.7×1.7,约 58 × 31,底板焊两条 1×15 排母,约 10,StudentHW:NodeMCU_ESP8266_CH340_W27.94,StudentHW:Module_NodeMCU_ESP8266_CH340_W27.94,无,https://frightanic.com/iot/comparison-of-esp8266-nodemcu-development-boards/,无厂家图；引脚按 frightanic.com NodeMCU 引脚图（dim_NodeMCU_pins.png），外形 58×31、排距 1.1 英寸按公开对比资料,evidence/MCU-010/dim_NodeMCU_pins.png,C,宽版（CH340）占满面包板，窄版（CP2102）排距 22.86，封装不能混用；引脚在长边上的位置按通用图估计，到货先量,,规格书缺（淘宝通用板）。环宽按 0.35 放宽。模块无 3D 模型。,是,0.64,"1,2",,0.35,1=A0：天线朝上时左列最上，PCB 方焊盘,
MCU-011,主控板,NodeMCU ESP8266 v2（CP2102，窄版 22.86）,"NodeMCU v2 (Amica, CP2102)",淘宝通用,无,不适用,未查（淘宝需登录）,淘宝现货（未核实）,NodeMCU ESP8266 CP2102,未查询（淘宝需登录，按关键词自查）,CH340 宽版（MCU-010）,ESP-12E/F，4MB Flash，CP2102,5V（USB 或 VIN）,GPIO 3.3V,30,与 MCU-010 相同,2.54,22.86,排针方针 0.64,1,1.7×1.7,约 48 × 26,底板焊两条 1×15 排母,约 10,StudentHW:NodeMCU_ESP8266_CP2102_W22.86,StudentHW:Module_NodeMCU_ESP8266_CP2102_W22.86,无,https://frightanic.com/iot/comparison-of-esp8266-nodemcu-development-boards/,无厂家图；引脚同 MCU-010，外形 48×26、排距 0.9 英寸按公开对比资料,evidence/MCU-010/dim_NodeMCU_pins.png,C,和 CH340 宽版排距不同；引脚在长边上的位置按通用图估计，到货先量,,规格书缺（淘宝通用板）。环宽按 0.35 放宽。模块无 3D 模型。,是,0.64,"1,2",,0.35,1=A0：天线朝上时左列最上，PCB 方焊盘,
DSP-001,显示屏,0.96 寸 I2C OLED 4P（GND 在前）,0.96 OLED I2C GND-VCC-SCL-SDA (MC096GX),全动电子 QD（lcdwiki），淘宝通用,无,不适用,未查（淘宝需登录）,淘宝现货（未核实）,0.96寸 OLED 4针 IIC GND VCC,未查询（淘宝需登录，按关键词自查）,VCC 在前版（DSP-002）不能直接替换,SSD1306，128×64，I2C 地址 0x3C（板上电阻改 0x3D）,3.3–5V,3.3V/5V 兼容,4,1=GND（方焊盘）、2=VCC、3=SCL、4=SDA,2.54,不适用,排针方针 0.64,1,1.7×1.7,27.30 × 27.80，四角 Φ2 孔,底板焊 1×4 排母，屏插上（或杜邦线）,排母 8.5 + 屏厚约 3,StudentHW:OLED_0.96_I2C_GND-VCC-SCL-SDA,StudentHW:Module_OLED_0.96_I2C_GND-VCC-SCL-SDA,无,https://www.lcdwiki.com/0.96inch_OLED_Module_MC096GX,V1.1 实物验证（GND-VCC-SCL-SDA 针序）；外形按 lcdwiki MC096 尺寸图（见 evidence/DSP-002/dim_MC096VX_size.png）,evidence/DSP-002/dim_MC096VX_size.png,A,针序有 GND 在前、VCC 在前两种，VCC 在前的屏插 GND 在前的座会烧屏；买前看屏背面丝印,,规格书缺（MC096 只有尺寸图）。V1.1 用 PinSocket_1x04 实焊此针序。环宽按 0.35 放宽。模块无 3D 模型。,是,0.64,"1,2",,0.35,1=GND：PCB 方焊盘；买 GND 在前的版本，到货看屏背丝印,
DSP-002,显示屏,0.96 寸 I2C OLED 4P（VCC 在前）,0.96 OLED I2C VCC-GND-SCL-SDA (MC096VX),全动电子 QD（lcdwiki），淘宝通用,无,不适用,未查（淘宝需登录）,淘宝现货（未核实）,0.96寸 OLED 4针 IIC VCC GND,未查询（淘宝需登录，按关键词自查）,GND 在前版（DSP-001）不能直接替换,SSD1306，128×64，I2C,3.3–5V,3.3V/5V 兼容,4,1=VCC（方焊盘）、2=GND、3=SCL、4=SDA,2.54,不适用,排针方针 0.64,1,1.7×1.7,27.30 × 27.80，四角 Φ2 孔距边 2.0,底板焊 1×4 排母,排母 8.5 + 屏厚约 3,StudentHW:OLED_0.96_I2C_VCC-GND-SCL-SDA,StudentHW:Module_OLED_0.96_I2C_VCC-GND-SCL-SDA,无,https://www.lcdwiki.com/0.96inch_OLED_Module_MC096VX,lcdwiki MC096VX 产品尺寸图（dim_MC096VX_size.png）,evidence/DSP-002/dim_MC096VX_size.png,B,同 DSP-001，针序反了会烧屏,,规格书缺（只有尺寸图）。上排两孔位置按下排对称（图上只标了下排 2.00）。环宽按 0.35 放宽。模块无 3D 模型。,是,0.64,"1,2",,0.35,1=VCC：PCB 方焊盘；买 VCC 在前的版本，到货看屏背丝印,
DSP-003,显示屏,1.3 寸 I2C OLED 4P（SH1106，GND 在前）,1.3 OLED I2C SH1106 (MC130GX),全动电子 QD（lcdwiki）,无,不适用,未查（淘宝需登录）,淘宝现货（未核实）,1.3寸 OLED IIC 4针 SH1106,未查询（淘宝需登录，按关键词自查）,VCC 在前版（DSP-004）,SH1106，128×64，I2C,3.3–5V,3.3V/5V 兼容,4,1=GND（方焊盘）、2=VCC、3=SCL、4=SDA,2.54,不适用,排针方针 0.64,1,1.7×1.7,35.40 × 33.50，四角 Φ3.0 孔距边 2.50,底板焊 1×4 排母,排母 8.5 + 屏厚约 3,StudentHW:OLED_1.3_I2C_GND-VCC-SCL-SDA,StudentHW:Module_OLED_1.3_I2C_GND-VCC-SCL-SDA,无,https://www.lcdwiki.com/res/MC130GX_VX/1.3inch_IIC_OLED_Module_MC130GX&MC130VX_User_Manual_CN.pdf,lcdwiki MC130GX 尺寸图与用户手册（dim_OLED130_size.png）,evidence/DSP-003/dim_OLED130_size.png,B,驱动是 SH1106 不是 SSD1306，程序里要选对，否则画面偏移 2 列,,环宽按 0.35 放宽。模块无 3D 模型。,是,0.64,"1,2",MC130,0.35,1=GND：PCB 方焊盘；买 GND 在前的版本，到货看屏背丝印,
DSP-004,显示屏,1.3 寸 I2C OLED 4P（SH1106，VCC 在前）,1.3 OLED I2C SH1106 (MC130VX),全动电子 QD（lcdwiki）,无,不适用,未查（淘宝需登录）,淘宝现货（未核实）,1.3寸 OLED IIC 4针 VCC GND,未查询（淘宝需登录，按关键词自查）,GND 在前版（DSP-003）,SH1106，128×64，I2C,3.3–5V,3.3V/5V 兼容,4,1=VCC（方焊盘）、2=GND、3=SCL、4=SDA,2.54,不适用,排针方针 0.64,1,1.7×1.7,35.40 × 33.50,底板焊 1×4 排母,排母 8.5 + 屏厚约 3,StudentHW:OLED_1.3_I2C_VCC-GND-SCL-SDA,StudentHW:Module_OLED_1.3_I2C_VCC-GND-SCL-SDA,无,https://www.lcdwiki.com/res/MC130GX_VX/1.3inch_IIC_OLED_Module_MC130GX&MC130VX_User_Manual_CN.pdf,lcdwiki MC130GX/VX 共用用户手册与尺寸图（见 evidence/DSP-003）,evidence/DSP-003/dim_OLED130_size.png;evidence/DSP-003/datasheet.pdf,B,针序反了会烧屏；SH1106 驱动,,规格书与 DSP-003 共用（MC130GX&MC130VX 手册，复制一份到本条目录）。环宽按 0.35 放宽。模块无 3D 模型。,是,0.64,"1,2",MC130VX,0.35,1=VCC：PCB 方焊盘；买 VCC 在前的版本，到货看屏背丝印,
DSP-005,显示屏,0.91 寸 I2C OLED 128×32,0.91 OLED I2C SSD1306 (MC091GX),全动电子 QD（lcdwiki）,无,不适用,未查（淘宝需登录）,淘宝现货（未核实）,0.91寸 OLED 128x32 IIC,未查询（淘宝需登录，按关键词自查）,无,SSD1306，128×32，I2C,3.3–5V,3.3V/5V 兼容,4,引脚竖排在左端，自下而上 1=GND（方焊盘）、2=VCC、3=SCL、4=SDA,2.54,不适用,排针方针 0.64,1,1.7×1.7,38.00 × 12.00，无安装孔,底板焊 1×4 排母（屏较薄，另加固定）,排母 8.5 + 屏厚,StudentHW:OLED_0.91_I2C_128x32,StudentHW:Module_OLED_0.91_I2C_128x32,无,https://www.lcdwiki.com/res/MC091GX/0.91inch_IIC_OLED_Module_MC091GX_User_Manual_EN.pdf,lcdwiki MC091GX 尺寸图与用户手册（dim_OLED091_size.png）,evidence/DSP-005/dim_OLED091_size.png,B,没有安装孔，只靠排针支撑，外壳要压住,,环宽按 0.35 放宽。模块无 3D 模型。,是,0.64,"1,2",MC091,0.35,1=GND：竖排最下，PCB 方焊盘,
DSP-006,显示屏,0.96 寸 SPI OLED 7P,0.96 OLED SPI 7P (MSP096X),全动电子 QD（lcdwiki）,无,不适用,未查（淘宝需登录）,淘宝现货（未核实）,0.96寸 OLED SPI 7针,未查询（淘宝需登录，按关键词自查）,无,SSD1306，128×64，4 线 SPI（改电阻可切 I2C）,3.3–5V,3.3V/5V 兼容,7,1=GND（方焊盘）、2=VCC、3=D0(SCK)、4=D1(MOSI)、5=RES、6=DC、7=CS,2.54,不适用,排针方针 0.64,1,1.7×1.7,27.30 × 27.80，四角 Φ2 孔距边 2.0,底板焊 1×7 排母,排母 8.5 + 屏厚约 3,StudentHW:OLED_0.96_SPI_7P,StudentHW:Module_OLED_0.96_SPI_7P,无,https://www.lcdwiki.com/0.96inch_SPI_OLED_Module,lcdwiki MSP096X 尺寸图与用户手册（dim_OLEDSPI_size.png）,evidence/DSP-006/dim_OLEDSPI_size.png,B,RES 脚必须接 GPIO 或上拉，悬空屏不亮,,环宽按 0.35 放宽。模块无 3D 模型。,是,0.64,"1,2",MSP096,0.35,1=GND：PCB 方焊盘，对照屏背丝印,
DSP-007,显示屏,1.8 寸 SPI TFT ST7735S（8P）,1.8 TFT SPI ST7735S (MSP1803),全动电子 QD（lcdwiki）,无,不适用,未查（淘宝需登录）,淘宝现货（未核实）,1.8寸 TFT ST7735 SPI 8针,未查询（淘宝需登录，按关键词自查）,无,ST7735S，128×160，4 线 SPI，带 SD 卡座,3.3–5V（背光 LED 脚接 3.3V）,3.3V,8,屏下边 1=VCC（方焊盘）、2=GND、3=CS、4=RESET、5=A0(DC)、6=SDA、7=SCK、8=LED,2.54,不适用,排针方针 0.64,1,1.7×1.7,34.50 × 58.00，四角 Φ3.2 孔距边 3.0,底板焊 1×8 排母,排母 8.5 + 屏厚约 4,StudentHW:TFT_1.8_ST7735_8P,StudentHW:Module_TFT_1.8_ST7735_8P,无,https://www.lcdwiki.com/res/MSP1803/1.8inch_SPI_Module_MSP1803_User_Manual_EN.pdf,lcdwiki MSP1803 尺寸图与用户手册（dim_TFT18_size.png）,evidence/DSP-007/dim_TFT18_size.png,B,上边还有 4 个 SD 卡引脚孔，不要在底板对应位置放元件；排针横向位置图上未直接标，按居中（量图 8.4）,,环宽按 0.35 放宽。模块无 3D 模型。,是,0.64,"1,2",MSP1803,0.35,1=VCC：PCB 方焊盘，对照屏背丝印,
DSP-008,显示屏,1.54 寸 IPS ST7789 240×240（8P）,1.54 IPS SPI ST7789 (MSP1541),全动电子 QD（lcdwiki）,无,不适用,未查（淘宝需登录）,淘宝现货（未核实）,1.54寸 IPS ST7789 240x240 SPI,未查询（淘宝需登录，按关键词自查）,无,ST7789，240×240，4 线 SPI,3.3V（只能接 3.3V）,3.3V,8,屏上边 1=GND（方焊盘）、2=VCC、3=SCL、4=SDA、5=RES、6=DC、7=CS、8=BLK,2.54,不适用,排针方针 0.64,1,1.7×1.7,32.00 × 43.72，四角 Φ2 孔距边 2.5,底板焊 1×8 排母,排母 8.5 + 屏厚约 4,StudentHW:IPS_1.54_ST7789_8P,StudentHW:Module_IPS_1.54_ST7789_8P,无,https://www.lcdwiki.com/res/MSP1541/1.54inch_4-line-SPI_IPS_Module_MSP1541_User_Manual_EN.pdf,lcdwiki MSP1541 尺寸图与用户手册（dim_IPS154_size.png）,evidence/DSP-008/dim_IPS154_size.png,B,VCC 只能接 3.3V，接 5V 会烧,,上排两孔按下排对称。环宽按 0.35 放宽。模块无 3D 模型。,是,0.64,"1,2",MSP1541,0.35,1=GND：PCB 方焊盘，对照屏背丝印,
DSP-009,显示屏,2.0 寸 IPS ST7789 240×320（8P）,2.0 IPS SPI ST7789 (MSP2008),全动电子 QD（lcdwiki）,无,不适用,未查（淘宝需登录）,淘宝现货（未核实）,2.0寸 IPS ST7789 240x320 SPI,未查询（淘宝需登录，按关键词自查）,无,ST7789，240×320，4 线 SPI,3.3V（只能接 3.3V）,3.3V,8,屏上边 1=GND（方焊盘）、2=VCC、3=SCL、4=SDA、5=RES、6=DC、7=CS、8=BLK,2.54,不适用,排针方针 0.64,1,1.7×1.7,36.48 × 61.12，四角 Φ2 孔距边 2.5,底板焊 1×8 排母,排母 8.5 + 屏厚约 4,StudentHW:IPS_2.0_ST7789_8P,StudentHW:Module_IPS_2.0_ST7789_8P,无,https://www.lcdwiki.com/res/MSP2008/2.0inch_4-line-SPI_IPS_Module_MSP2008_User_Manual_CN.pdf,lcdwiki MSP2008 尺寸图与用户手册（dim_IPS20_size.png）,evidence/DSP-009/dim_IPS20_size.png,B,VCC 只能接 3.3V,,下排两孔按上排对称。环宽按 0.35 放宽。模块无 3D 模型。,是,0.64,"1,2",MSP2008,0.35,1=GND：PCB 方焊盘，对照屏背丝印,
DSP-010,显示屏,2.4 寸 SPI TFT ILI9341 带触摸（14P）,2.4 TFT SPI ILI9341 (MSP2402),全动电子 QD（lcdwiki）,无,不适用,未查（淘宝需登录）,淘宝现货（未核实）,2.4寸 TFT ILI9341 SPI 触摸 14针,未查询（淘宝需登录，按关键词自查）,无,ILI9341，240×320，SPI，电阻触摸（XPT2046），带 SD 卡座,3.3–5V,3.3V,14,屏下边 1=VCC（方焊盘）、2=GND、3=CS、4=RESET、5=DC、6=SDI(MOSI)、7=SCK、8=LED、9=SDO(MISO)、10=T_CLK、11=T_CS、12=T_DIN、13=T_DO、14=T_IRQ,2.54,不适用,排针方针 0.64,1,1.7×1.7,42.72 × 77.18，四角 Φ3.2 孔,底板焊 1×14 排母,排母 8.5 + 屏厚约 4.3,StudentHW:TFT_2.4_ILI9341_14P,StudentHW:Module_TFT_2.4_ILI9341_14P,无,https://www.lcdwiki.com/res/MSP2402/2.4inch_SPI_Module_MSP2402_User_Manual_EN.pdf,lcdwiki MSP2401/2402 LCM OUTLINE 尺寸图（dim_TFT24_size.png）与用户手册,evidence/DSP-010/dim_TFT24_size.png,B,屏和触摸共用 SPI，各自的 CS 要分开；上边 4 个 SD 卡孔不要放元件,,环宽按 0.35 放宽。模块无 3D 模型。,是,0.64,"1,2",MSP2402,0.35,1=VCC：PCB 方焊盘，对照屏背丝印,
DSP-011,显示屏,2.8 寸 SPI TFT ILI9341 带触摸（14P）,2.8 TFT SPI ILI9341 (MSP2807),全动电子 QD（lcdwiki）,无,不适用,未查（淘宝需登录）,淘宝现货（未核实）,2.8寸 TFT ILI9341 SPI 触摸 14针,未查询（淘宝需登录，按关键词自查）,无,ILI9341，240×320，SPI，电阻触摸，带 SD 卡座,3.3–5V,3.3V,14,与 DSP-010 相同（1=VCC … 14=T_IRQ）,2.54,不适用,排针方针 0.64,1,1.7×1.7,50.00 × 86.00，四角 Φ3.2 孔,底板焊 1×14 排母,排母 8.5 + 屏厚约 5.6,StudentHW:TFT_2.8_ILI9341_14P,StudentHW:Module_TFT_2.8_ILI9341_14P,无,https://www.lcdwiki.com/res/MSP2807/2.8inch_SPI_Module_MSP2807_User_Manual_EN.pdf,lcdwiki MSP2807 LCM OUTLINE 尺寸图（dim_TFT28_size.png）与用户手册,evidence/DSP-011/dim_TFT28_size.png,B,同 DSP-010,,环宽按 0.35 放宽。模块无 3D 模型。,是,0.64,"1,2",MSP2807,0.35,1=VCC：PCB 方焊盘，对照屏背丝印,
SEG-001,数码管,0.56 寸 1 位数码管 共阴（红）,FJ5161AH,Shenzhen Zhihao Elec,C8093,扩展库,¥1.3349@5+（立创商城）,立创商城 2621，嘉立创 13109,0.56寸 一位 数码管 共阴 5161AS,未查询（淘宝需登录，按关键词自查）,同脚位 0.56 寸 1 位共阴（5161AS 类）通用,1 位，0.56 英寸（字高 14.2），红光，共阴,每段正向压降约 2V，串 330Ω–1kΩ,段脚接 GPIO（经限流电阻），公共脚接 GND,10,A=7、B=6、C=4、D=2、E=1、F=9、G=10、DP=5，3 和 8 为公共阴极；正面看左下为 1 脚，逆时针,2.54,15.24,引脚 Φ0.51,0.8,1.6×2.52,19.00 × 12.60 × 8.00,直插,8.0,Display_Character:SM420561N,StudentHW:7Seg_0.56in_1Digit_10P,${KICAD10_3DMODEL_DIR}/Display_7Segment.3dshapes/7SegmentLED_LTS6760_LTS6780.step,https://www.lcsc.com/datasheet/lcsc_datasheet_2304031000_Shenzhen-Zhihao-Elec-FJ5161AH_C8093.pdf,厂家规格书 志浩 FJ5161AH（dim_FJ5161AH.png），型号在图内，人工读图,evidence/SEG-001/dim_FJ5161AH.png;evidence/SEG-001/jlc.txt,B,共阴和共阳外观一样，型号 A=共阴、B=共阳；小数点在右下角，那边朝下,2026-10-02,改自 KiCad 官方 7SegmentLED_LTS6760（0.56 寸标准脚位），焊盘加大。无 3D 模型（官方原封装无模型）。,是,0.51,"1,2",FJ5161,,1 脚：正面（显示面）朝上、小数点在右下时左下角，逆时针编号,
SEG-002,数码管,0.56 寸 1 位数码管 共阳（红）,FJ5161BH,Shenzhen Zhihao Elec,C8092,扩展库,¥1.2807@5+（立创商城）,立创商城 329，嘉立创 1648,0.56寸 一位 数码管 共阳 5161BS,未查询（淘宝需登录，按关键词自查）,同脚位 0.56 寸 1 位共阳（5161BS 类）通用,1 位，0.56 英寸，红光，共阳,每段约 2V，串 330Ω–1kΩ,公共脚接 VCC，段脚经电阻接 GPIO（低电平点亮）,10,A=7、B=6、C=4、D=2、E=1、F=9、G=10、DP=5，3 和 8 为公共阳极,2.54,15.24,引脚 Φ0.51,0.8,1.6×2.52,19.00 × 12.60 × 8.00,直插,8.0,StudentHW:7Seg_1Digit_CA,StudentHW:7Seg_0.56in_1Digit_10P,${KICAD10_3DMODEL_DIR}/Display_7Segment.3dshapes/7SegmentLED_LTS6760_LTS6780.step,https://www.lcsc.com/datasheet/lcsc_datasheet_2304031000_Shenzhen-Zhihao-Elec-FJ5161BH_C8092.pdf,厂家规格书 志浩 FJ5161BH（dim_FJ5161BH.png，型号在图片里，人工读图）,evidence/SEG-002/dim_FJ5161BH.png;evidence/SEG-002/jlc.txt,B,立创库存较少（约 300）；共阳的段脚是低电平点亮,2026-10-02,无 3D 模型（官方原封装无模型）。,是,0.51,"1,2",,,1 脚：正面（显示面）朝上、小数点在右下时左下角，逆时针编号,
SEG-003,数码管,0.56 寸 4 位数码管 共阴（红）,FJ5461AH Red,Shenzhen Zhihao Elec,C54396,扩展库,¥4.44@1+（立创商城）,立创商城 6526，嘉立创 6818,0.56寸 四位 数码管 共阴 5461AS,未查询（淘宝需登录，按关键词自查）,无合适替代,4 位，0.56 英寸，红光，共阴，动态扫描,每段约 2V,段脚经电阻接 GPIO，位选脚经三极管接 GND（或用 TM1637 模块）,12,A=11、B=7、C=4、D=2、E=1、F=10、G=5、DP=3；DIG1=12、DIG2=9、DIG3=8、DIG4=6；正面看左下为 1 脚,2.54,15.24,引脚 Φ0.51,0.8,1.6×1.6,50.4 × 19.0 × 8.0,直插,8.0,Display_Character:CC56-12SRWA,StudentHW:7Seg_0.56in_4Digit_12P,${KICAD10_3DMODEL_DIR}/Display_7Segment.3dshapes/CA56-12SRWA.step,https://www.lcsc.com/datasheet/lcsc_datasheet_1809192116_Shenzhen-Zhihao-Elec-FJ5461AH-_C54396.pdf,厂家规格书 志浩 FJ5461AH 尺寸图（dim_FJ5461AH.png，图片型，人工读图）,evidence/SEG-003/dim_FJ5461AH.png;evidence/SEG-003/jlc.txt,B,4 位要动态扫描，单片机 IO 不够时直接用 TM1637 模块,2026-10-02,脚位与 KiCad 官方 CC56-12 一致；封装改自官方 CA56-12SRWA，孔 1.0→0.8、焊盘 1.5→1.6。无 3D 模型（官方原封装无模型）。,是,0.51,"1,2",,,1 脚：正面（显示面）朝上、小数点在右下时左下角，逆时针编号,
SEG-004,数码管,0.56 寸 4 位数码管 共阳（红）,FJ5461BH Pure Red,Shenzhen Zhihao Elec,C38183,扩展库,¥4.53@1+（立创商城）,立创商城 2144，嘉立创 2315,0.56寸 四位 数码管 共阳 5461BS,未查询（淘宝需登录，按关键词自查）,无合适替代,4 位，0.56 英寸，红光，共阳,每段约 2V,位选脚经 PNP 接 VCC，段脚低电平点亮,12,与 SEG-003 相同，DIG1–4（12、9、8、6）为公共阳极,2.54,15.24,引脚 Φ0.51,0.8,1.6×1.6,50.2 × 19.0 × 8.0,直插,8.0,Display_Character:CA56-12SRWA,StudentHW:7Seg_0.56in_4Digit_12P,${KICAD10_3DMODEL_DIR}/Display_7Segment.3dshapes/CA56-12SRWA.step,https://www.lcsc.com/datasheet/lcsc_datasheet_2210192330_Shenzhen-Zhihao-Elec-FJ5461BH-_C38183.pdf,厂家规格书 志浩 FJ5461BH（dim_FJ5461BH.png）,evidence/SEG-004/dim_FJ5461BH.png;evidence/SEG-004/jlc.txt,B,共阳段脚低电平点亮，程序取反,2026-10-02,封装与 SEG-003 相同。无 3D 模型（官方原封装无模型）。,是,0.51,"1,2",FJ5461BH,,1 脚：正面（显示面）朝上、小数点在右下时左下角，逆时针编号,
MCU-012,主控板,树莓派 Raspberry Pi Pico（RP2040，焊排针直插）,Raspberry Pi Pico,Raspberry Pi,C7203002,扩展库,$7.1645@1+（嘉立创海外价，美元）,嘉立创 1093,树莓派 Pico RP2040 官方,未查询（淘宝需登录，按关键词自查）,Pico W（MCU-013）脚位相同；Pico H 自带排针,RP2040 双核 Cortex-M0+ 133MHz，264KB SRAM，板载 2MB Flash，Micro-USB；26 个 GPIO（3 路 ADC）,5V 从 VBUS（USB）或 VSYS（1.8–5.5V）进，板载 DC-DC 出 3V3,GPIO 3.3V，不耐 5V,40,USB 朝上看：左列自上而下 1–20 = GP0、GP1、GND、GP2–GP5、GND、GP6–GP9、GND、GP10–GP13、GND、GP14、GP15； 右列自下而上 21–40 = GP16、GP17、GND、GP18–GP21、GND、GP22、RUN、GP26、GP27、AGND、GP28、ADC_VREF、3V3(OUT)、3V3_EN、GND、VSYS、VBUS （按 KiCad 官方符号 MCU_Module:RaspberryPi_Pico，与 Pico 规格书 2.1 节引脚图一致）,2.54,17.78,排针方针 0.64（Pico 板孔 Φ1.0）,1,1.6×1.6,51 × 21 × 1（PCB），Micro-USB 伸出顶边 1.3,底板焊两条 1×20 排母（或直接焊排针），Pico 焊排针后插上；USB 端朝板外,排母 8.5 + 板厚，约 10,MCU_Module:RaspberryPi_Pico,Module:RaspberryPi_Pico_Common_THT,${KICAD10_3DMODEL_DIR}/Module.3dshapes/RaspberryPi_Pico_PinSockets_H8.50mm.step;${KICAD10_3DMODEL_DIR}/Module.3dshapes/RaspberryPi_Pico_AddedHeaders_H2.54mm.step;${KICAD10_3DMODEL_DIR}/Module.3dshapes/RaspberryPi_Pico_H.step;${KICAD10_3DMODEL_DIR}/Module.3dshapes/RaspberryPi_Pico_W_AddedHeaders_H2.54mm.step;${KICAD10_3DMODEL_DIR}/Module.3dshapes/RaspberryPi_Pico_WH.step,https://datasheets.raspberrypi.com/pico/pico-datasheet.pdf,树莓派 Pico 规格书 Figure 3（第 2 章机械规格，dim_Pico_mechanical.png）：21×51，排距 17.78，脚距 2.54，孔 Φ1.0，首末脚距 48.26,evidence/MCU-012/dim_Pico_mechanical.png;evidence/MCU-012/jlc.txt,B,GPIO 不耐 5V，接 5V 模块要分压或电平转换；ADC 只有 GP26–28 三路；板载 LED 在 GP25（不在排针上）,2026-09-19,KiCad 官方封装与规格书一致（排距 17.78、首末脚 48.26、孔 1.0）。环宽：焊盘 1.6、孔 1.0，环宽 0.3，2.54 脚距下按 0.3 放宽。 C 编号与型号由 jlcparts 镜像核实；规格书 PDF 云端未能下载（datasheets.raspberrypi.com 被拦），尺寸图来自本地交接线索。,是,0.64,"1,2",Pico,0.3,1=GP0：USB 朝上时左列最上，PCB 圆角方焊盘,
MCU-013,主控板,树莓派 Raspberry Pi Pico W（RP2040 + Wi-Fi）,Raspberry Pi Pico W,Raspberry Pi,C7203003,扩展库,$12.8637@1+（嘉立创海外价，美元）,嘉立创 862,树莓派 Pico W 无线,未查询（淘宝需登录，按关键词自查）,不要 Wi-Fi 用 Pico（MCU-012）,RP2040 + 英飞凌 CYW43439（2.4GHz Wi-Fi），其余同 Pico,同 Pico：VBUS 或 VSYS（1.8–5.5V）,GPIO 3.3V，不耐 5V,40,与 MCU-012 Pico 相同（KiCad 符号 RaspberryPi_Pico_W 引脚与 Pico 完全一致）,2.54,17.78,排针方针 0.64,1,1.6×1.6,51 × 21（官方称与 Pico 外形相同）,同 MCU-012；天线在 USB 对面一端，底板这一端不铺铜,约 10,MCU_Module:RaspberryPi_Pico_W,Module:RaspberryPi_Pico_Common_THT,${KICAD10_3DMODEL_DIR}/Module.3dshapes/RaspberryPi_Pico_PinSockets_H8.50mm.step;${KICAD10_3DMODEL_DIR}/Module.3dshapes/RaspberryPi_Pico_AddedHeaders_H2.54mm.step;${KICAD10_3DMODEL_DIR}/Module.3dshapes/RaspberryPi_Pico_H.step;${KICAD10_3DMODEL_DIR}/Module.3dshapes/RaspberryPi_Pico_W_AddedHeaders_H2.54mm.step;${KICAD10_3DMODEL_DIR}/Module.3dshapes/RaspberryPi_Pico_WH.step,https://datasheets.raspberrypi.com/picow/pico-w-datasheet.pdf,云端未取到 Pico W 规格书，暂用 Pico 机械图（evidence/MCU-012/dim_Pico_mechanical.png），未逐项核对 Pico W 自己的图,evidence/MCU-013/jlc.txt;evidence/MCU-012/dim_Pico_mechanical.png,C,板载 LED 接在 Wi-Fi 芯片上（不是 GP25），点灯代码与 Pico 不同；天线端不要压金属、铺铜,2026-09-19,本地拿到 Pico W 规格书机械图核对后可升 B。环宽：焊盘 1.6、孔 1.0，按 0.3 放宽。C 编号与型号由 jlcparts 镜像核实。,是,0.64,"1,2",Pico W,0.3,1=GP0：USB 朝上时左列最上，PCB 圆角方焊盘,
MCU-014,单片机,STC89C52RC 单片机（PDIP-40，插 IC 座）,STC89C52RC,STC（宏晶）,C14022,不适用,未查到,未查到,STC89C52RC 直插 DIP40,未查询（淘宝需登录，按关键词自查）,AT89S52（Microchip）引脚兼容，下载方式不同（ISP 而不是串口）,8051 内核，8KB Flash，512B RAM，32 个 I/O，串口 ISP 下载（P3.0/P3.1）,5V 版（工作电压范围以 STC89 手册为准，云端未取到手册正文）,5V TTL；P0 口开漏，需外接上拉,40,标准 8051 脚位：1–8=P1.0–P1.7，9=RST，10–17=P3.0–P3.7（10=RXD，11=TXD），18=XTAL2，19=XTAL1，20=GND， 21–28=P2.0–P2.7，29=PSEN，30=ALE，31=EA，32–39=P0.7–P0.0，40=VCC。缺口朝左时左下为 1 脚,2.54,15.24,规格书只给引脚肩宽 b=1.14–1.70，没给插入段宽度（芯片插在 IC 座里，焊在板上的是座子）,0.8,1.6×1.6,52.0 × 13.84（E1），排距 15.24（规格书 4.1 节 PDIP40）,板上焊 40P IC 座（圆孔座或锁紧座），芯片插座子,座子 + 芯片约 8（座子型号未定）,MCU_Microchip_8051:AT89x51xxP,Package_DIP:DIP-40_W15.24mm_Socket,${KICAD10_3DMODEL_DIR}/Package_DIP.3dshapes/DIP-40_W15.24mm_Socket.step,https://www.stcmicro.com/STC/STC89C52RC.html,STC89/90 系列技术手册 4.1 节 PDIP40 封装尺寸图（dim_STC89_PDIP40.png）：D 52.0、E 15.24、e 2.54,evidence/MCU-014/dim_STC89_PDIP40.png,C,P0 口没有内部上拉，做 I/O 要接 10k 排阻；下载要冷启动（先点下载再上电）；40P 座子要另买并核对排距 15.24（宽体）,,符号借用 AT89x51xxP（标准 8051 脚位，引脚兼容）。定 C 级的原因：手册尺寸表没给引脚插入段宽度，IC 座型号（决定孔径）还没定， 且云端没能用接口核实 C14022 的型号、没拿到手册 PDF（只有交接线索里的尺寸图截图）。规格书缺（云端未下载，本地 fetch_evidence 补）。,是,,"1,2",STC89C52,,1=P1.0：芯片缺口朝左、字面朝上时左下角，圆点标记；PCB 方焊盘,
MCU-015,主控板,WeAct STM32F411CEU6 核心板（BlackPill V3.1）,WeAct MiniF4 STM32F411CEU6 V3.1,WeAct Studio（微行工作室）,无,不适用,未查（淘宝需登录）,淘宝（未核实）,WeAct STM32F411CEU6 核心板,未查询（淘宝需登录，按关键词自查）,STM32F401CCU6 版已停售（WeAct README）；只要 F103 用 MCU-002/003,STM32F411CEU6，100MHz Cortex-M4F，512KB Flash，128KB RAM；USB-C；25MHz + 32.768kHz 晶振；NRST、BOOT0、用户键 KEY(PA0)、LED(PC13),5V（USB-C 或 5V 脚），板载 LDO 出 3.3V,3.3V，标 FT 的脚耐 5V（见 STM32F411 规格书引脚表）,40,USB 在左、正面朝上：下排自左向右 1–20 = PB12–PB15、PA8–PA12、PA15、PB3–PB9、5V、GND、3V3； 上排自右向左 21–40 = VBAT、PC13、PC14、PC15、NRST、PA0–PA7、PB0、PB1、PB2、PB10、3V3、GND、5V（WeAct 外形图丝印与原理图 P1/P2）,2.54,15.24,排针方针 0.64,1,1.7×1.7,52.81 × 20.78,底板焊两条 1×20 排母，核心板插上,排母 8.5 + 板厚，约 10,StudentHW:WeAct_BlackPill_STM32F411,StudentHW:Module_WeAct_BlackPill_STM32F411,无,https://github.com/WeActStudio/WeActStudio.MiniSTM32F4x1/tree/master/Hardware,WeAct 官方 MiniF4x1Cx_V31 Board Shape 外形图第 1 页（dim_BlackPill_V31_shape.png）：52.81×20.78、排距标 15.22；引脚名按同页丝印和 V3.1 原理图,evidence/MCU-015/board_shape_V31.pdf;evidence/MCU-015/datasheet.pdf;evidence/MCU-015/dim_BlackPill_V31_shape.png;evidence/MCU-015/source.txt;evidence/MCU-015/stm32f411ceu6_datasheet.pdf,B,外形图排距标 15.22，封装按 2.54 网格 15.24（差 0.02）；没有 WeAct Logo 和版本号的是仿品，脚位可能不同；PC13 驱动 LED 时不要再接外设,,规格书 = WeAct V3.1 原理图（datasheet.pdf），另存外形图 PDF 和 STM32F411CEU6 规格书（均取自 WeAct 官方 GitHub 仓库）。 环宽：孔 1.0 焊盘 1.7，2.54 脚距限制按 0.35 放宽。模块无 3D 模型。淘宝 WeAct 官方店购买。,是,0.64,"1,2",STM32F4X1,0.35,1=PB12：USB 在左时下排最左，PCB 方焊盘,
MCU-016,主控板,安信可 ESP32-CAM 摄像头开发板（16P）,Ai-Thinker ESP32-CAM WiFi BT BLE,Ai-Thinker（安信可）,C17333398,扩展库,$34.6817@1+（嘉立创海外价，美元）,嘉立创 0,安信可 ESP32-CAM 开发板 OV2640,未查询（淘宝需登录，按关键词自查）,"淘宝""ESP32-CAM-MB""底板只是下载座，不上板",ESP32（ESP32-S 模组）+ 4MB PSRAM，OV2640 摄像头，TF 卡座，板载闪光灯（GPIO4）,5V（规格书只给 5V），关闪光灯 180mA@5V，闪光灯最亮 310mA@5V,GPIO 3.3V，不耐 5V,16,正面（ESP32-S 模组面）朝上、天线朝上：左列自下而上 1–8 = 5V、GND、IO12、IO13、IO15、IO14、IO2、IO4； 右列自上而下 9–16 = GND、U0T、U0R、VCC、GND、IO0、IO16、3V3,2.54,22.86,排针方针 0.64,1,1.7×1.7,27 × 40 × 4.5（规格书 27×40.5×4.5±0.2）,底板焊两条 1×8 排母，模块插上；天线朝板外,排母 8.5 + 模块，约 13,StudentHW:ESP32-CAM_AiThinker,StudentHW:Module_ESP32-CAM_AiThinker,无,https://raw.githubusercontent.com/raphaelbs/esp32-cam-ai-thinker/master/assets/ESP32-CAM_Product_Specification.pdf,安信可 ESP32-CAM Wi-Fi+BT SoC Module V1.0 规格书第 1 页尺寸图（dim_ESP32-CAM_outline.png）：27×40，排距 22.86，末脚距板底 4.58,evidence/MCU-016/datasheet.pdf;evidence/MCU-016/dim_ESP32-CAM_outline.png;evidence/MCU-016/jlc.txt;evidence/MCU-016/source.txt,B,没有 USB 口，下载要外接 USB-TTL 并把 IO0 拉低；IO4 接闪光灯，TF 卡占 IO2/4/12/13/14/15，IO16 接 PSRAM，几乎没有空闲 GPIO； 右列 VCC 脚是电源输出（板上焊盘选 3.3V/5V），不要当输入；供电至少 5V 2A 级，否则拍照复位,2026-09-23,规格书取自 GitHub 公开仓库 raphaelbs/esp32-cam-ai-thinker 里的安信可原版 PDF。立创 C17333398 镜像显示库存 0，一般淘宝安信可官方店购买。 环宽按 0.35 放宽（2.54 脚距）。模块无 3D 模型。,是,0.64,"1,2",ESP32-CAM,0.35,1=5V：正面朝上、天线朝上时左列最下，PCB 方焊盘,
DSP-012,显示屏,LCD1602 字符屏（并口 16P，汉昇 HS1602A-B 蓝底白字）,HS1602A-B,HS（汉昇）,C18198249,扩展库,$2.4079@1+（嘉立创海外价，美元）,嘉立创 682,LCD1602 蓝屏 5V 汉昇,未查询（淘宝需登录，按关键词自查）,黄绿屏 HS1602A-Y（C18198250）外形、脚位相同（镜像描述同为 SPLC780 55.7×11）,16×2 字符，控制器 SPLC780（HD44780 兼容），5V,5V,5V（3.3V 主控驱动时数据线一般可用，但 VDD 必须 5V，详见兼容性速查）,16,按 HD44780 标准 1602 脚序：1=VSS、2=VDD、3=VO（对比度）、4=RS、5=RW、6=E、7–14=D0–D7、15=A（背光+）、16=K（背光-）；1 脚在左上角安装孔旁,2.54,不适用,屏上孔 Φ1.0，配 2.54 排针（方针 0.64）,1.2,1.8×2.6,80.0 × 36.0；安装孔 4×Φ3.0，孔距 75.0 × 31.0；通用款厚 11.0,屏背焊 1×16 排针，插在底板 1×16 排母上；四角用 M2.5/M3 铜柱固定,排母 8.5 + 屏厚 11.0，约 20,Display_Character:WC1602A,Display:WC1602A,${KICAD10_3DMODEL_DIR}/Display.3dshapes/WC1602A.step,https://www.lcsc.com/product-detail/C18198249.html,"汉昇 HS1602A 规格书""二、外形尺寸""图（dim_HS1602A_outline.png）：80×36，安装孔 75×31、Φ3，1 脚距左边 8.0、距上边 2.5，16-Φ1.0 脚距 2.54",evidence/DSP-012/dim_HS1602A_outline.png;evidence/DSP-012/jlc.txt,C,背光和 VO 对比度要接（VO 接 10k 电位器），不接对比度屏上看不到字；用 I2C 转接板时底板不放 16P，见 DSP-013,2026-09-29,KiCad 官方 WC1602A 封装与汉昇外形图逐项一致（安装孔 75×31、1 脚相对安装孔 5.5、2.5）。定 C 级原因：只拿到外形图页， 汉昇的引脚定义表云端没取到，脚序按 HD44780 标准写，到货对照屏背丝印（尤其 15/16 背光极性）。 环宽：焊盘 1.8×2.6、孔 1.2，按 0.3 放宽。规格书缺（云端未下载；本地 fetch_evidence 补后核对脚位可升 B）。,是,0.64,"1,2",HS1602,0.3,1=VSS：屏正面朝自己时左上角，靠安装孔一端，PCB 方焊盘,
DSP-013,显示屏,LCD1602/2004 的 PCF8574 I2C 转接板（底板放 1×4 排针，杜邦线连接）,PCF8574T I2C LCD backpack,淘宝通用,无,不适用,未查到,未查到,LCD1602 IIC 转接板 PCF8574,未查询（淘宝需登录，按关键词自查）,芯片是 PCF8574AT 的版本地址不同（0x3F），功能相同,PCF8574T 地址 0x27（A0–A2 跳线全断开），PCF8574AT 为 0x3F；板上电位器调对比度，跳线帽控制背光,5V（屏本身要 5V）,随供电（5V 供电时 I2C 上拉到 5V，见兼容性速查）,4,转接板排针 GND、VCC、SDA、SCL；底板排针同序：1=GND、2=VCC、3=SDA、4=SCL,2.54,不适用,方针 0.64,1,1.7×1.7,转接板焊在屏背面，不占底板面积,底板焊 1×4 直排针（HDR-001 截 4 针），4 根母对母杜邦线直通,8.2（排针）,StudentHW:Hdr_PCF8574_LCD_I2C_4P,StudentHW:Module_Hdr_PCF8574_LCD_I2C_4P,无,https://www.ti.com/lit/ds/symlink/pcf8574.pdf,底板上只有 1×4 排针，尺寸按 HDR-001 排针图纸（evidence/HDR-001/dim_PZ254_1xN.png）；转接板本身无厂家图,evidence/HDR-001/dim_PZ254_1xN.png,C,"汉昇 HS1602A-6B 这类""自带串口""的屏不是 PCF8574 方案，不能用 LiquidCrystal_I2C 库；地址 0x27/0x3F 两种， 先跑 I2C 扫描；5V 供电时 SDA/SCL 被转接板上拉到 5V，3.3V 主控要看兼容性速查",,规格书缺（淘宝模块，datasheet_url 给的是 TI PCF8574 芯片规格书）。环宽：排针焊盘 1.7、孔 1.0，按 0.35 放宽。模块无 3D 模型。,否,0.64,"1,2",,0.35,1=GND：PCB 方焊盘；转接板排针顺序以丝印为准,
DSP-014,显示屏,LCD2004 字符屏（20×4，配 I2C 转接板，不上板）,LCD2004 + PCF8574 backpack,淘宝通用,无,不适用,未查到,未查到,LCD2004 IIC 蓝屏 5V,未查询（淘宝需登录，按关键词自查）,屏小一点就用 LCD1602（DSP-012）,20×4 字符，HD44780 兼容，5V；经 DSP-013 转接板 I2C 连接,5V,经转接板为 I2C,0,屏 16P 并口焊转接板；底板只放 DSP-013 的 4P 排针,不适用,不适用,不适用,不适用,不适用,未核（Raystar RC2004A 规格书为 98×60、安装孔 93×55，但淘宝主流款没拿到图纸，不作数）,不上板：用铜柱固定在外壳上，杜邦线接底板 4P 排针,不适用,不适用,不适用,无,https://www.waveshare.com/datasheet/LCD_en_PDF/LCD2004.pdf,无厂家图纸（云端搜不到可下载的主流款尺寸图）,,C,外形和安装孔各家不一，开外壳孔前到货实测；屏要 5V,,不上板。规格书缺（淘宝通用屏）。安装尺寸待到货实测，见 待确认.md。,否,,"1,2",,,不上板（底板一侧见 DSP-013）,
DSP-015,数码管,TM1637 4 位数码管模块（0.36 寸，4P）,TM1637 4-digit module,淘宝通用,无,不适用,未查到,未查到,TM1637 4位数码管模块 时钟,未查询（淘宝需登录，按关键词自查）,要更多位数用 MAX7219 8 位数码管模块（未入库）,TM1637 驱动，两线串行（CLK、DIO，非标准 I2C，无地址）,未核（看 TM1637 规格书和模块说明）,随供电,4,模块排针常见 CLK、DIO、VCC、GND；底板排针同序：1=CLK、2=DIO、3=VCC、4=GND,2.54,不适用,方针 0.64,1,1.7×1.7,未核（模块自身尺寸各家不同）,底板焊 1×4 直排针，杜邦线直通；模块用螺丝固定在外壳面板,8.2（排针）,StudentHW:Hdr_TM1637_4P,StudentHW:Module_Hdr_TM1637_4P,无,https://lcsc.com/datasheet/lcsc_datasheet_2409280032_TM-Shenzhen-Titan-Micro-Elec-TM1637_C20001.pdf,底板上只有 1×4 排针，按 HDR-001 图纸（evidence/HDR-001/dim_PZ254_1xN.png）；模块无厂家图,evidence/HDR-001/dim_PZ254_1xN.png,C,DIO 不是 I2C 的 SDA，不能挂在 I2C 总线上；有的模块 VCC/GND 顺序反，对照丝印再接,,规格书缺（淘宝模块，datasheet_url 为天微 TM1637 芯片规格书，立创链接）。环宽按 0.35 放宽。模块无 3D 模型。,否,0.64,"1,2",,0.35,1=CLK：PCB 方焊盘；买到后先对照模块丝印，顺序不同就换杜邦线顺序,
DSP-016,显示屏,MAX7219 8×8 点阵模块（输入 5P）,MAX7219 8x8 dot matrix module,淘宝通用,无,不适用,未查到,未查到,MAX7219 点阵模块 8x8 单片机,未查询（淘宝需登录，按关键词自查）,多块可级联（输出 DOUT 接下一块 DIN）,MAX7219 驱动 8×8 共阴点阵，SPI 类三线（DIN、CS、CLK），10MHz,5V（电压范围以 MAX7219 规格书为准，云端未下载）,5V 器件；3.3V 主控输入高电平裕量不足，见兼容性速查,5,输入端排针 VCC、GND、DIN、CS、CLK；底板排针同序：1=VCC、2=GND、3=DIN、4=CS、5=CLK,2.54,不适用,方针 0.64,1,1.7×1.7,未核（常见约 32×32，不作数）,底板焊 1×5 直排针，杜邦线接模块输入端（DIN 一侧）,8.2（排针）,StudentHW:Hdr_MAX7219_5P,StudentHW:Module_Hdr_MAX7219_5P,无,https://www.analog.com/media/en/technical-documentation/data-sheets/max7219-max7221.pdf,底板上只有 1×5 排针，按 HDR-001 图纸（evidence/HDR-001/dim_PZ254_1xN.png）；模块无厂家图,evidence/HDR-001/dim_PZ254_1xN.png,C,输入输出两端都有 5P，接错到 DOUT 端不亮；全亮时电流大，按 MAX7219 规格书和段电流设置算电流预算,,规格书缺（淘宝模块，datasheet_url 为 ADI MAX7219 芯片规格书）。环宽按 0.35 放宽。模块无 3D 模型。,否,0.64,"1,2",,0.35,1=VCC：PCB 方焊盘；接模块 DIN 一侧（不是 DOUT 一侧）,
TOOL-001,工具,CH340 USB 转 TTL 模块（不上板）,CH340 USB-TTL module,淘宝通用,无,不适用,未查到,未查到,CH340 USB转TTL 模块 3.3V 5V,未查询（淘宝需登录，按关键词自查）,CP2102 模块（TOOL-002）,CH340G/CH340C，USB 转 UART，3.3V/5V 跳线选择,USB 5V,跳线选 3.3V 或 5V，接 3.3V 主控必须选 3.3V,0,杜邦线接底板 UART 排针：模块 TXD→主控 RX，RXD→主控 TX，GND 共地,不适用,不适用,不适用,不适用,不适用,不适用,不上板,不适用,不适用,不适用,无,https://www.wch-ic.com/downloads/CH340DS1_PDF.html,不上板，不需要尺寸图,,C,电平跳线默认常在 5V，接 ESP32/STM32 前改 3.3V；TX/RX 要交叉接,,不上板（下载/调试工具，底板只留 UART 排针）。规格书缺（淘宝模块，datasheet_url 为沁恒 CH340 规格书）。,否,,"1,2",,,不上板,
TOOL-002,工具,CP2102 USB 转 TTL 模块（不上板）,CP2102 USB-TTL module,淘宝通用,无,不适用,未查到,未查到,CP2102 USB转TTL 模块,未查询（淘宝需登录，按关键词自查）,CH340 模块（TOOL-001）,Silicon Labs CP2102，USB 转 UART,USB 5V,多数板 TXD/RXD 为 3.3V 电平，以模块说明为准,0,杜邦线接底板 UART 排针，TX/RX 交叉，GND 共地,不适用,不适用,不适用,不适用,不适用,不适用,不上板,不适用,不适用,不适用,无,https://www.silabs.com/documents/public/data-sheets/CP2102-9.pdf,不上板，不需要尺寸图,,C,模块上的 3V3 脚输出电流很小，不要给主控板供电,,不上板（下载/调试工具）。规格书缺（淘宝模块，datasheet_url 为 Silicon Labs CP2102 规格书）。,否,,"1,2",,,不上板,
TOOL-003,工具,ST-Link V2 下载器（不上板，接 SWD 4P 排针）,ST-LINK/V2 (compatible),淘宝通用（兼容版）,无,不适用,未查到,未查到,ST-LINK V2 下载器 STM32,未查询（淘宝需登录，按关键词自查）,WeAct/正点原子 DAPLink 也可下载 STM32,SWD 下载调试 STM32，SWIM 下载 STM8,USB 5V,3.3V,0,杜邦线接底板 SWD 排针：3V3、SWDIO、SWCLK、GND（顺序以核心板丝印为准）,不适用,不适用,不适用,不适用,不适用,不适用,不上板,不适用,不适用,不适用,无,https://www.st.com/resource/en/user_manual/um1075-stlinkv2-incircuit-debuggerprogrammer-for-stm8-and-stm32-stmicroelectronics.pdf,不上板，不需要尺寸图,,C,兼容版外壳上的引脚顺序各家不同，看外壳丝印接；核心板已由 USB 供电时不要再接 ST-Link 的 3.3V,,不上板（下载工具）。规格书缺（兼容版无规格书，datasheet_url 为 ST 原版 UM1075）。,否,,"1,2",,,不上板,
SEN-001,传感器,DHT11 温湿度模块（3P 板）,DHT11 module 3P,淘宝通用,无,不适用,未查（淘宝需登录）,淘宝（未核实）,DHT11 模块 3P 温湿度,未查询（淘宝需登录，按关键词自查）,无,DHT11（奥松），单总线；温湿度精度低（见选型速查）,DHT11 规格书：DC 3.3–5.5V,随供电,3,底板排针 1=VCC、2=DATA、3=GND（奥松 DHT11 规格书（components101 转存）；3P 板脚序各家不同，底板按功能名）,2.54,不适用,方针 0.64（排针）,1,1.7×1.7,未核（模块外形各家不同，底板只放排针）,底板焊 1×3 直排针，杜邦线按丝印脚名一一对接；要把模块直接插在排母上，先对照模块丝印确认顺序相同,8.2（排针）,StudentHW:Hdr_DHT11_3P,StudentHW:Module_Hdr_DHT11_3P,无,https://components101.com/sites/default/files/component_datasheet/DHT11-Temperature-Sensor.pdf,底板上只有排针，尺寸按 HDR-001 排针图纸（evidence/HDR-001/dim_PZ254_1xN.png）；模块本身没有厂家图,evidence/HDR-001/dim_PZ254_1xN.png,C,DATA 要上拉（多数 3P 板已带）；两次读取间隔 ≥1 s；精度低，只适合演示,,规格书缺（淘宝模块，datasheet_url 给的是芯片规格书或厂家资料页）。脚序来源：奥松 DHT11 规格书（components101 转存）；3P 板脚序各家不同，底板按功能名，二手资料，到货对照丝印。环宽：排针焊盘 1.7、孔 1.0，按 0.35 放宽（2.54 脚距）。模块无 3D 模型。,是,0.64,"1,2",,0.35,1=VCC：PCB 方焊盘；按丝印脚名接线,
SEN-003,传感器,DHT22 / AM2302 温湿度传感器（4P）,DHT22 (AM2302),淘宝通用,无,不适用,未查（淘宝需登录）,淘宝（未核实）,DHT22 AM2302 温湿度,未查询（淘宝需登录，按关键词自查）,无,单总线，温度 ±0.5℃、湿度 ±2%RH（max ±5%RH），0.5Hz 采样（规格书）,3.3–5.5V（以规格书为准）,随供电,4,底板排针 1=VDD、2=DATA、3=NC、4=GND（奥松 DHT22 规格书（SparkFun 转存）引脚 1 VDD、2 DATA、3 NC、4 GND）,2.54,不适用,方针 0.64（排针）,1,1.7×1.7,未核（模块外形各家不同，底板只放排针）,底板焊 1×4 直排针，杜邦线按丝印脚名一一对接；要把模块直接插在排母上，先对照模块丝印确认顺序相同,8.2（排针）,StudentHW:Hdr_DHT22_4P,StudentHW:Module_Hdr_DHT22_4P,无,https://cdn.sparkfun.com/assets/f/7/d/9/c/DHT22.pdf,底板上只有排针，尺寸按 HDR-001 排针图纸（evidence/HDR-001/dim_PZ254_1xN.png）；模块本身没有厂家图,evidence/HDR-001/dim_PZ254_1xN.png,C,两次读取间隔 ≥2 s；AM2302 是带线版本，线色以商品说明为准,,规格书缺（淘宝模块，datasheet_url 给的是芯片规格书或厂家资料页）。脚序来源：奥松 DHT22 规格书（SparkFun 转存）引脚 1 VDD、2 DATA、3 NC、4 GND，二手资料，到货对照丝印。环宽：排针焊盘 1.7、孔 1.0，按 0.35 放宽（2.54 脚距）。模块无 3D 模型。,是,0.64,"1,2",,0.35,1=VDD：PCB 方焊盘；按丝印脚名接线,
SEN-004,传感器,AHT20 温湿度模块（I2C 4P）,AHT20 module,淘宝通用,无,不适用,未查（淘宝需登录）,淘宝（未核实）,AHT20 温湿度模块 I2C,未查询（淘宝需登录，按关键词自查）,无,AHT20（奥松），I2C 地址 0x38（不可改），温度 ±0.3℃（规格书）,模块 VIN（芯片 2.0–5.5V，模块以说明为准）,随 VIN；板上 I2C 上拉阻值未核,4,底板排针 1=VIN、2=GND、3=SCL、4=SDA（Adafruit AHT20 引脚说明与教程站；淘宝蓝板顺序可能不同）,2.54,不适用,方针 0.64（排针）,1,1.7×1.7,未核（模块外形各家不同，底板只放排针）,底板焊 1×4 直排针，杜邦线按丝印脚名一一对接；要把模块直接插在排母上，先对照模块丝印确认顺序相同,8.2（排针）,StudentHW:Hdr_AHT20_4P,StudentHW:Module_Hdr_AHT20_4P,无,https://www.aosong.com/userfiles/files/media/Data%20Sheet%20AHT20.pdf,底板上只有排针，尺寸按 HDR-001 排针图纸（evidence/HDR-001/dim_PZ254_1xN.png）；模块本身没有厂家图,evidence/HDR-001/dim_PZ254_1xN.png,C,地址固定 0x38，与 PCF8574A 跳线全低（0x38）冲突,,规格书缺（淘宝模块，datasheet_url 给的是芯片规格书或厂家资料页）。脚序来源：Adafruit AHT20 引脚说明与教程站；淘宝蓝板顺序可能不同，二手资料，到货对照丝印。环宽：排针焊盘 1.7、孔 1.0，按 0.35 放宽（2.54 脚距）。模块无 3D 模型。,是,0.64,"1,2",,0.35,1=VIN：PCB 方焊盘；按丝印脚名接线,
SEN-005,传感器,AHT20 + BMP280 温湿度气压二合一模块（I2C 4P）,AHT20+BMP280 module,淘宝通用,无,不适用,未查（淘宝需登录）,淘宝（未核实）,AHT20 BMP280 温湿度气压模块,未查询（淘宝需登录，按关键词自查）,无,AHT20（0x38）+ BMP280（0x76 或 0x77，看模块 SDO 接法）,模块 VCC（以模块说明为准）,随 VCC；板上上拉未核,4,底板排针 1=VCC、2=GND、3=SCL、4=SDA（cirkitdesigner / ESPHome 社区资料）,2.54,不适用,方针 0.64（排针）,1,1.7×1.7,未核（模块外形各家不同，底板只放排针）,底板焊 1×4 直排针，杜邦线按丝印脚名一一对接；要把模块直接插在排母上，先对照模块丝印确认顺序相同,8.2（排针）,StudentHW:Hdr_AHT20_BMP280_4P,StudentHW:Module_Hdr_AHT20_BMP280_4P,无,https://www.bosch-sensortec.com/media/boschsensortec/downloads/datasheets/bst-bmp280-ds001.pdf,底板上只有排针，尺寸按 HDR-001 排针图纸（evidence/HDR-001/dim_PZ254_1xN.png）；模块本身没有厂家图,evidence/HDR-001/dim_PZ254_1xN.png,C,BMP280 地址 0x76/0x77 各家不同，先 I2C 扫描；有的板 BMP280 不响应要换地址,,规格书缺（淘宝模块，datasheet_url 给的是芯片规格书或厂家资料页）。脚序来源：cirkitdesigner / ESPHome 社区资料，二手资料，到货对照丝印。环宽：排针焊盘 1.7、孔 1.0，按 0.35 放宽（2.54 脚距）。模块无 3D 模型。,是,0.64,"1,2",,0.35,1=VCC：PCB 方焊盘；按丝印脚名接线,
SEN-006,传感器,SHT30 温湿度模块（GY-SHT30-D，I2C）,GY-SHT30-D,淘宝通用,无,不适用,未查（淘宝需登录）,淘宝（未核实）,SHT30 温湿度模块 GY-SHT30-D,未查询（淘宝需登录，按关键词自查）,无,SHT30（盛思锐），I2C 0x44，ADR 接 VIN 改 0x45（模块 ADR 下拉 10k）,VIN 2.5–5V（教程站，以模块为准）,随 VIN；SCL/SDA 各 10k 上拉到 VIN（教程站资料）,6,底板排针 1=VIN、2=GND、3=SCL、4=SDA、5=ADR、6=ALR（教程站 GY-SHT30-D 引脚说明（Adafruit SHT31-D 布局）；淘宝板脚数有 4P/6P 两种）,2.54,不适用,方针 0.64（排针）,1,1.7×1.7,未核（模块外形各家不同，底板只放排针）,底板焊 1×6 直排针，杜邦线按丝印脚名一一对接；要把模块直接插在排母上，先对照模块丝印确认顺序相同,8.2（排针）,StudentHW:Hdr_SHT30_6P,StudentHW:Module_Hdr_SHT30_6P,无,https://sensirion.com/media/documents/213E6A3B/63A5A569/Datasheet_SHT3x_DIS.pdf,底板上只有排针，尺寸按 HDR-001 排针图纸（evidence/HDR-001/dim_PZ254_1xN.png）；模块本身没有厂家图,evidence/HDR-001/dim_PZ254_1xN.png,C,同一总线两只 SHT30 用 ADR 分地址,,规格书缺（淘宝模块，datasheet_url 给的是芯片规格书或厂家资料页）。脚序来源：教程站 GY-SHT30-D 引脚说明（Adafruit SHT31-D 布局）；淘宝板脚数有 4P/6P 两种，二手资料，到货对照丝印。环宽：排针焊盘 1.7、孔 1.0，按 0.35 放宽（2.54 脚距）。模块无 3D 模型。,是,0.64,"1,2",,0.35,1=VIN：PCB 方焊盘；按丝印脚名接线,
SEN-007,传感器,DS18B20 数字温度传感器（TO-92）,DS18B20(XBLW),XBLW（芯伯乐，国产兼容）,C18723599,扩展库,$0.5655@1+（嘉立创海外价，美元）,嘉立创 1990,DS18B20 TO-92 温度传感器,未查询（淘宝需登录，按关键词自查）,原装 Maxim DS18B20+（C 编号未核）,单总线，-55~+125℃，12 位；DQ 需 4.7k 上拉（Maxim 规格书）,3.0–5.5V（Maxim 规格书）,随供电（开漏单总线）,3,1=GND、2=DQ、3=VDD（平面朝自己、引脚朝下，从左到右；Maxim 规格书）,2.54,不适用,未核（云端未取到 XBLW 规格书）,0.8,1.5×1.5,TO-92,立式直插，DQ 接 4.7k 上拉到 VDD,约 5（TO-92 本体，未核）,Sensor_Temperature:DS18B20,StudentHW:TO-92_Inline_Wide,${KICAD10_3DMODEL_DIR}/Package_TO_SOT_THT.3dshapes/TO-92_Inline_Wide.step,https://analog.com/media/en/technical-documentation/data-sheets/ds18b20.pdf,Maxim DS18B20 规格书第 1 页 Pin Configurations（dim_DS18B20_pins.png，GitHub 公开转存的原版 PDF）：TO-92 1=GND 2=DQ 3=VDD；规格书正文没有 TO-92 外形尺寸（另见 Maxim 21-0248），脚径未核,evidence/SEN-007/datasheet.pdf;evidence/SEN-007/dim_DS18B20_pins.png;evidence/SEN-007/jlc.txt;evidence/SEN-007/source.txt,C,国产兼容片有个别不支持寄生供电；VDD 和 GND 接反会烫手损坏,2026-09-29,环宽：TO-92 加宽封装焊盘 1.5、孔 0.8，按 0.35 放宽（同 Q-001）。C 编号与型号由 jlcparts 镜像核实（XBLW 国产兼容）。datasheet.pdf 为 Maxim 原版（引脚兼容），XBLW 自家规格书未取到；定 C 级是因为没有 TO-92 外形和脚径图。,是,,"1,2",DS18B20,0.35,1=GND：平面朝自己、引脚朝下最左，PCB 方焊盘,
SEN-008,传感器,DS18B20 防水探头（3 线，不上板）,DS18B20 waterproof probe,淘宝通用,无,不适用,未查（淘宝需登录）,淘宝（未核实）,DS18B20 防水探头 不锈钢,未查询（淘宝需登录，按关键词自查）,M1820 探头（SEN-009）换算公式不同,不锈钢封装 DS18B20，3 线,3.0–5.5V（Maxim 规格书）,随供电,0,红=VDD、黑=GND、黄=DQ（多数商家，以商品说明为准）（商品常见线色，未核）,不适用,不适用,不适用,不适用,不适用,不适用,不上板：接底板 TERM-004（KF301-5.08 3P）端子，底板放 4.7k 上拉,不适用,不适用,不适用,无,https://analog.com/media/en/technical-documentation/data-sheets/ds18b20.pdf,不上板，不需要尺寸图,,C,线色以商品为准；DQ 4.7k 上拉放底板端子旁,,不上板。规格书缺（淘宝模块/成品，datasheet_url 为芯片规格书或厂家资料）。,否,,"1,2",,,不上板,
SEN-009,传感器,M1820 数字温度探头（不上板，V1.1 已用）,M1820 probe,敏源传感（Mysentech）,无,不适用,未查（淘宝需登录）,淘宝（未核实）,M1820 温度探头 敏源,未查询（淘宝需登录，按关键词自查）,DS18B20 防水探头（SEN-008），换算公式不同，在 config.h 选择,单总线数字温度探头（与 DS18B20 接法相同、数据换算不同）,未核（以商品说明为准）,随供电,0,3 线接 KF301-5.08-3P，DQ 接 4.7kΩ 上拉（规范第 7 节 V1.1 实物验证）,不适用,不适用,不适用,不适用,不适用,不适用,不上板：接 TERM-004（KF301-5.08 3P）,不适用,不适用,不适用,无,https://www.mysentech.com/,V1.1 实物验证（规范第 7 节 ✅：KF301-5.08-3P 端子 + 4.7kΩ 上拉）,,A,与 DS18B20 换算公式不同，固件里必须选对型号,,不上板。V1.1 实物验证。规格书缺（云端未取到敏源规格书，datasheet_url 为厂家主页）。线色以商品说明为准。,否,,"1,2",,,不上板,
SEN-010,传感器,MLX90614 红外测温模块（GY-906，I2C）,GY-906 MLX90614,淘宝通用,无,不适用,未查（淘宝需登录）,淘宝（未核实）,GY-906 MLX90614 红外测温,未查询（淘宝需登录，按关键词自查）,无,MLX90614，I2C(SMBus) 地址 0x5A；物体 -70~+380℃（教程站）,模块 VIN（有 3.3V 版和 5V 版，买前看后缀）,模块带稳压和上拉（教程站资料，阻值未核）,4,底板排针 1=VIN、2=GND、3=SCL、4=SDA（教程站 GY-906 引脚说明）,2.54,不适用,方针 0.64（排针）,1,1.7×1.7,未核（模块外形各家不同，底板只放排针）,底板焊 1×4 直排针，杜邦线按丝印脚名一一对接；要把模块直接插在排母上，先对照模块丝印确认顺序相同,8.2（排针）,StudentHW:Hdr_GY-906_4P,StudentHW:Module_Hdr_GY-906_4P,无,https://www.melexis.com/-/media/files/documents/datasheets/mlx90614-datasheet-melexis.pdf,底板上只有排针，尺寸按 HDR-001 排针图纸（evidence/HDR-001/dim_PZ254_1xN.png）；模块本身没有厂家图,evidence/HDR-001/dim_PZ254_1xN.png,C,BAA/BCC/DCI 后缀视场角不同；3V 版接 5V 会坏,,规格书缺（淘宝模块，datasheet_url 给的是芯片规格书或厂家资料页）。脚序来源：教程站 GY-906 引脚说明，二手资料，到货对照丝印。环宽：排针焊盘 1.7、孔 1.0，按 0.35 放宽（2.54 脚距）。模块无 3D 模型。,是,0.64,"1,2",,0.35,1=VIN：PCB 方焊盘；按丝印脚名接线,
SEN-011,传感器,MAX30102 心率血氧模块（单排 7P 紫板）,MAX30102 module 7P,淘宝通用,无,不适用,未查（淘宝需登录）,淘宝（未核实）,MAX30102 心率血氧 模块,未查询（淘宝需登录，按关键词自查）,无,MAX30102，I2C 地址 0x57（规格书）,VIN（模块常标 3.3–5V，以模块为准）；芯片本身 1.8V + LED 3.3V,模块上拉电压各版不同（有的上拉到 1.8V），见兼容性速查,7,底板排针 1=VIN、2=SCL、3=SDA、4=INT、5=IRD、6=RD、7=GND（教程站 MAX30102 模块引脚说明（VIN SCL SDA INT IRD RD GND））,2.54,不适用,方针 0.64（排针）,1,1.7×1.7,未核（模块外形各家不同，底板只放排针）,底板焊 1×7 直排针，杜邦线按丝印脚名一一对接；要把模块直接插在排母上，先对照模块丝印确认顺序相同,8.2（排针）,StudentHW:Hdr_MAX30102_7P,StudentHW:Module_Hdr_MAX30102_7P,无,https://datasheets.maximintegrated.com/en/ds/MAX30102.pdf,底板上只有排针，尺寸按 HDR-001 排针图纸（evidence/HDR-001/dim_PZ254_1xN.png）；模块本身没有厂家图,evidence/HDR-001/dim_PZ254_1xN.png,C,地址 0x57 与 DS3231 模块上的 AT24C32（0x57）冲突；规范第 7 节：V1.1 买到的是两侧各 4 针版，插不上单排座——两侧版另见 待确认.md,,规格书缺（淘宝模块，datasheet_url 给的是芯片规格书或厂家资料页）。脚序来源：教程站 MAX30102 模块引脚说明（VIN SCL SDA INT IRD RD GND），二手资料，到货对照丝印。环宽：排针焊盘 1.7、孔 1.0，按 0.35 放宽（2.54 脚距）。模块无 3D 模型。,是,0.64,"1,2",,0.35,1=VIN：PCB 方焊盘；按丝印脚名接线,
SEN-012,传感器,PulseSensor 光电脉搏传感器（3 线）,PulseSensor,淘宝通用,无,不适用,未查（淘宝需登录）,淘宝（未核实）,Pulse Sensor 心率传感器,未查询（淘宝需登录，按关键词自查）,无,模拟输出心率波形，约 4mA（教程站）,3.3–5V（教程站）,模拟输出 0.3V~VCC，接 3.3V 主控用 3.3V 供电,3,底板排针 1=SIG、2=VCC、3=GND（pulsesensor.com 资料（紫=信号、红=VCC、黑=GND））,2.54,不适用,方针 0.64（排针）,1,1.7×1.7,未核（模块外形各家不同，底板只放排针）,底板焊 1×3 直排针，杜邦线按丝印脚名一一对接；要把模块直接插在排母上，先对照模块丝印确认顺序相同,8.2（排针）,StudentHW:Hdr_PulseSensor_3P,StudentHW:Module_Hdr_PulseSensor_3P,无,https://media.digikey.com/pdf/Data%20Sheets/Pulse%20Sensor%20PDFs/Pulse_Sensor.pdf,底板上只有排针，尺寸按 HDR-001 排针图纸（evidence/HDR-001/dim_PZ254_1xN.png）；模块本身没有厂家图,evidence/HDR-001/dim_PZ254_1xN.png,C,只能测心率不能测血氧；运动干扰大,,规格书缺（淘宝模块，datasheet_url 给的是芯片规格书或厂家资料页）。脚序来源：pulsesensor.com 资料（紫=信号、红=VCC、黑=GND），二手资料，到货对照丝印。环宽：排针焊盘 1.7、孔 1.0，按 0.35 放宽（2.54 脚距）。模块无 3D 模型。,是,0.64,"1,2",,0.35,1=SIG：PCB 方焊盘；按丝印脚名接线,
SEN-013,传感器,AD8232 单导联心电模块（6P）,AD8232 ECG module,淘宝通用,无,不适用,未查（淘宝需登录）,淘宝（未核实）,AD8232 心电 模块,未查询（淘宝需登录，按关键词自查）,无,AD8232 心电前端，模拟输出 + 导联脱落检测 LO+/LO-,3.3V（模块标注）,3.3V,6,底板排针 1=GND、2=3.3V、3=OUTPUT、4=LO-、5=LO+、6=SDN（SparkFun AD8232 Hookup Guide 引脚顺序）,2.54,不适用,方针 0.64（排针）,1,1.7×1.7,未核（模块外形各家不同，底板只放排针）,底板焊 1×6 直排针，杜邦线按丝印脚名一一对接；要把模块直接插在排母上，先对照模块丝印确认顺序相同,8.2（排针）,StudentHW:Hdr_AD8232_6P,StudentHW:Module_Hdr_AD8232_6P,无,https://www.analog.com/media/en/technical-documentation/data-sheets/ad8232.pdf,底板上只有排针，尺寸按 HDR-001 排针图纸（evidence/HDR-001/dim_PZ254_1xN.png）；模块本身没有厂家图,evidence/HDR-001/dim_PZ254_1xN.png,C,电极接触不良时 OUTPUT 乱跳，用 LO+/LO- 判断；不是医疗器械,,规格书缺（淘宝模块，datasheet_url 给的是芯片规格书或厂家资料页）。脚序来源：SparkFun AD8232 Hookup Guide 引脚顺序，二手资料，到货对照丝印。环宽：排针焊盘 1.7、孔 1.0，按 0.35 放宽（2.54 脚距）。模块无 3D 模型。,是,0.64,"1,2",,0.35,1=GND：PCB 方焊盘；按丝印脚名接线,
SEN-014,传感器,MPU6050 六轴模块（GY-521，8P）,GY-521 MPU6050,淘宝通用,无,不适用,未查（淘宝需登录）,淘宝（未核实）,GY-521 MPU6050 模块,未查询（淘宝需登录，按关键词自查）,无,MPU6050，I2C 地址 0x68（AD0 接高 0x69）,VCC 3.3–5V（模块带稳压，教程站）,模块上拉阻值和电压未核（见兼容性速查）,8,底板排针 1=VCC、2=GND、3=SCL、4=SDA、5=XDA、6=XCL、7=AD0、8=INT（教程站 GY-521 引脚说明（VCC GND SCL SDA XDA XCL AD0 INT））,2.54,不适用,方针 0.64（排针）,1,1.7×1.7,未核（模块外形各家不同，底板只放排针）,底板焊 1×8 直排针，杜邦线按丝印脚名一一对接；要把模块直接插在排母上，先对照模块丝印确认顺序相同,8.2（排针）,StudentHW:Hdr_GY-521_8P,StudentHW:Module_Hdr_GY-521_8P,无,https://product.tdk.com/system/files/dam/doc/product/sensor/mortion-inertial/imu/data_sheet/mpu-6000-datasheet1.pdf,底板上只有排针，尺寸按 HDR-001 排针图纸（evidence/HDR-001/dim_PZ254_1xN.png）；模块本身没有厂家图,evidence/HDR-001/dim_PZ254_1xN.png,C,0x68 与 DS3231（0x68）冲突，AD0 接 VCC 改 0x69；XDA/XCL 悬空,,规格书缺（淘宝模块，datasheet_url 给的是芯片规格书或厂家资料页）。脚序来源：教程站 GY-521 引脚说明（VCC GND SCL SDA XDA XCL AD0 INT），二手资料，到货对照丝印。环宽：排针焊盘 1.7、孔 1.0，按 0.35 放宽（2.54 脚距）。模块无 3D 模型。,是,0.64,"1,2",,0.35,1=VCC：PCB 方焊盘；按丝印脚名接线,
SEN-015,传感器,ADXL345 三轴加速度模块（GY-291，8P）,GY-291 ADXL345,淘宝通用,无,不适用,未查（淘宝需登录）,淘宝（未核实）,GY-291 ADXL345 模块,未查询（淘宝需登录，按关键词自查）,无,ADXL345，I2C 0x53（SDO 接地），SDO 接高 0x1D；也可 SPI,3–5V（模块标注，教程站）,模块称 SDA/SCL 兼容 5V（未核）,8,底板排针 1=GND、2=VCC、3=CS、4=INT1、5=INT2、6=SDO、7=SDA、8=SCL（教程站 GY-291 引脚说明）,2.54,不适用,方针 0.64（排针）,1,1.7×1.7,未核（模块外形各家不同，底板只放排针）,底板焊 1×8 直排针，杜邦线按丝印脚名一一对接；要把模块直接插在排母上，先对照模块丝印确认顺序相同,8.2（排针）,StudentHW:Hdr_GY-291_8P,StudentHW:Module_Hdr_GY-291_8P,无,https://www.analog.com/media/en/technical-documentation/data-sheets/adxl345.pdf,底板上只有排针，尺寸按 HDR-001 排针图纸（evidence/HDR-001/dim_PZ254_1xN.png）；模块本身没有厂家图,evidence/HDR-001/dim_PZ254_1xN.png,C,I2C 模式 CS 要接高；SDO 决定地址,,规格书缺（淘宝模块，datasheet_url 给的是芯片规格书或厂家资料页）。脚序来源：教程站 GY-291 引脚说明，二手资料，到货对照丝印。环宽：排针焊盘 1.7、孔 1.0，按 0.35 放宽（2.54 脚距）。模块无 3D 模型。,是,0.64,"1,2",,0.35,1=GND：PCB 方焊盘；按丝印脚名接线,
SEN-016,传感器,HC-SR501 人体红外模块（3P）,HC-SR501,淘宝通用,无,不适用,未查（淘宝需登录）,淘宝（未核实）,HC-SR501 人体红外感应模块,未查询（淘宝需登录，按关键词自查）,无,热释电人体感应，输出高 3.3V / 低 0V，感应 3–7m（教程站）,DC 4.5–20V（教程站）,输出 3.3V，可直连 3.3V 主控,3,底板排针 1=VCC、2=OUT、3=GND（教程站 HC-SR501 引脚说明；有的板丝印在透镜罩下）,2.54,不适用,方针 0.64（排针）,1,1.7×1.7,未核（模块外形各家不同，底板只放排针）,底板焊 1×3 直排针，杜邦线按丝印脚名一一对接；要把模块直接插在排母上，先对照模块丝印确认顺序相同,8.2（排针）,StudentHW:Hdr_HC-SR501_3P,StudentHW:Module_Hdr_HC-SR501_3P,无,https://components101.com/sensors/hc-sr501-pir-sensor,底板上只有排针，尺寸按 HDR-001 排针图纸（evidence/HDR-001/dim_PZ254_1xN.png）；模块本身没有厂家图,evidence/HDR-001/dim_PZ254_1xN.png,C,上电后约 1 分钟内会误触发；两个电位器调灵敏度和延时，跳线选可重复触发,,规格书缺（淘宝模块，datasheet_url 给的是芯片规格书或厂家资料页）。脚序来源：教程站 HC-SR501 引脚说明；有的板丝印在透镜罩下，二手资料，到货对照丝印。环宽：排针焊盘 1.7、孔 1.0，按 0.35 放宽（2.54 脚距）。模块无 3D 模型。,是,0.64,"1,2",,0.35,1=VCC：PCB 方焊盘；按丝印脚名接线,
SEN-017,传感器,AM312 迷你人体红外模块（3P）,AM312,淘宝通用,无,不适用,未查（淘宝需登录）,淘宝（未核实）,AM312 迷你人体感应,未查询（淘宝需登录，按关键词自查）,无,小型热释电，输出高 3.3V，静态 <0.1mA（教程站）,2.7–12V（教程站）,输出 3.3V,3,底板排针 1=VCC、2=OUT、3=GND（教程站 AM312 引脚说明）,2.54,不适用,方针 0.64（排针）,1,1.7×1.7,未核（模块外形各家不同，底板只放排针）,底板焊 1×3 直排针，杜邦线按丝印脚名一一对接；要把模块直接插在排母上，先对照模块丝印确认顺序相同,8.2（排针）,StudentHW:Hdr_AM312_3P,StudentHW:Module_Hdr_AM312_3P,无,https://pinouthub.com/am312-pir-sensor/,底板上只有排针，尺寸按 HDR-001 排针图纸（evidence/HDR-001/dim_PZ254_1xN.png）；模块本身没有厂家图,evidence/HDR-001/dim_PZ254_1xN.png,C,距离和角度比 HC-SR501 小，延时不可调,,规格书缺（淘宝模块，datasheet_url 给的是芯片规格书或厂家资料页）。脚序来源：教程站 AM312 引脚说明，二手资料，到货对照丝印。环宽：排针焊盘 1.7、孔 1.0，按 0.35 放宽（2.54 脚距）。模块无 3D 模型。,是,0.64,"1,2",,0.35,1=VCC：PCB 方焊盘；按丝印脚名接线,
SEN-018,传感器,HC-SR04 超声波测距模块（5V，4P）,HC-SR04,淘宝通用,无,不适用,未查（淘宝需登录）,淘宝（未核实）,HC-SR04 超声波模块,未查询（淘宝需登录，按关键词自查）,无,2–400cm，40kHz，Trig 10µs 触发（教程站）,5V，工作电流约 15mA（教程站）,Echo 输出 5V，接 3.3V 主控要分压,4,底板排针 1=VCC、2=TRIG、3=ECHO、4=GND（Handson Technology HC-SR04 用户指南与教程站）,2.54,不适用,方针 0.64（排针）,1,1.7×1.7,未核（模块外形各家不同，底板只放排针）,底板焊 1×4 直排针，杜邦线按丝印脚名一一对接；要把模块直接插在排母上，先对照模块丝印确认顺序相同,8.2（排针）,StudentHW:Hdr_HC-SR04_4P,StudentHW:Module_Hdr_HC-SR04_4P,无,https://www.handsontec.com/dataspecs/HC-SR04-Ultrasonic.pdf,底板上只有排针，尺寸按 HDR-001 排针图纸（evidence/HDR-001/dim_PZ254_1xN.png）；模块本身没有厂家图,evidence/HDR-001/dim_PZ254_1xN.png,C,老版只能 5V 供电；Echo 是 5V，ESP32/STM32 必须分压或换 HC-SR04P,,规格书缺（淘宝模块，datasheet_url 给的是芯片规格书或厂家资料页）。脚序来源：Handson Technology HC-SR04 用户指南与教程站，二手资料，到货对照丝印。环宽：排针焊盘 1.7、孔 1.0，按 0.35 放宽（2.54 脚距）。模块无 3D 模型。,是,0.64,"1,2",,0.35,1=VCC：PCB 方焊盘；按丝印脚名接线,
SEN-019,传感器,HC-SR04P 超声波测距模块（3.3–5V，4P）,HC-SR04P,淘宝通用,无,不适用,未查（淘宝需登录）,淘宝（未核实）,HC-SR04P 超声波 3.3V,未查询（淘宝需登录，按关键词自查）,无,与 HC-SR04 尺寸软件兼容，宽电压（商家资料）,3.3–5V（商家资料）,Echo 电平随供电：3.3V 供电即 3.3V 输出,4,底板排针 1=VCC、2=TRIG、3=ECHO、4=GND（商家资料（与 HC-SR04 相同））,2.54,不适用,方针 0.64（排针）,1,1.7×1.7,未核（模块外形各家不同，底板只放排针）,底板焊 1×4 直排针，杜邦线按丝印脚名一一对接；要把模块直接插在排母上，先对照模块丝印确认顺序相同,8.2（排针）,StudentHW:Hdr_HC-SR04P_4P,StudentHW:Module_Hdr_HC-SR04P_4P,无,https://x2robotics.ca/hc-sr04p-ultrasonic-ranging-sensor-3-3v-5v,底板上只有排针，尺寸按 HDR-001 排针图纸（evidence/HDR-001/dim_PZ254_1xN.png）；模块本身没有厂家图,evidence/HDR-001/dim_PZ254_1xN.png,C,要 3.3V 电平就用 3.3V 供电；外观与 HC-SR04 几乎一样，看丝印 P,,规格书缺（淘宝模块，datasheet_url 给的是芯片规格书或厂家资料页）。脚序来源：商家资料（与 HC-SR04 相同），二手资料，到货对照丝印。环宽：排针焊盘 1.7、孔 1.0，按 0.35 放宽（2.54 脚距）。模块无 3D 模型。,是,0.64,"1,2",,0.35,1=VCC：PCB 方焊盘；按丝印脚名接线,
SEN-020,传感器,VL53L0X 激光测距模块（GY-530，6P）,GY-530 VL53L0X,淘宝通用,无,不适用,未查（淘宝需登录）,淘宝（未核实）,GY-530 VL53L0X 激光测距,未查询（淘宝需登录，按关键词自查）,无,VL53L0X，I2C 0x29（可软件改），最远约 2m（教程站）,VIN 2.6–5.5V，板载稳压到 2.8V（教程站）,板载电平转换和上拉（教程站，阻值未核）,6,底板排针 1=VIN、2=GND、3=SCL、4=SDA、5=GPIO1、6=XSHUT（教程站 GY-530 引脚说明）,2.54,不适用,方针 0.64（排针）,1,1.7×1.7,未核（模块外形各家不同，底板只放排针）,底板焊 1×6 直排针，杜邦线按丝印脚名一一对接；要把模块直接插在排母上，先对照模块丝印确认顺序相同,8.2（排针）,StudentHW:Hdr_GY-530_6P,StudentHW:Module_Hdr_GY-530_6P,无,https://www.st.com/resource/en/datasheet/vl53l0x.pdf,底板上只有排针，尺寸按 HDR-001 排针图纸（evidence/HDR-001/dim_PZ254_1xN.png）；模块本身没有厂家图,evidence/HDR-001/dim_PZ254_1xN.png,C,多只同用要靠 XSHUT 逐个上电改地址；强光下量程变短,,规格书缺（淘宝模块，datasheet_url 给的是芯片规格书或厂家资料页）。脚序来源：教程站 GY-530 引脚说明，二手资料，到货对照丝印。环宽：排针焊盘 1.7、孔 1.0，按 0.35 放宽（2.54 脚距）。模块无 3D 模型。,是,0.64,"1,2",,0.35,1=VIN：PCB 方焊盘；按丝印脚名接线,
SEN-021,传感器,RCWL-0516 微波雷达感应模块（5P）,RCWL-0516,淘宝通用,无,不适用,未查（淘宝需登录）,淘宝（未核实）,RCWL-0516 微波雷达,未查询（淘宝需登录，按关键词自查）,无,多普勒微波（约 3.2GHz），OUT 高 3.3V 约 2s（教程站）,VIN 4–28V（教程站）；3V3 脚为输出（≤100mA）,OUT 3.3V,5,底板排针 1=3V3、2=GND、3=OUT、4=VIN、5=CDS（教程站 RCWL-0516 引脚说明）,2.54,不适用,方针 0.64（排针）,1,1.7×1.7,未核（模块外形各家不同，底板只放排针）,底板焊 1×5 直排针，杜邦线按丝印脚名一一对接；要把模块直接插在排母上，先对照模块丝印确认顺序相同,8.2（排针）,StudentHW:Hdr_RCWL-0516_5P,StudentHW:Module_Hdr_RCWL-0516_5P,无,https://www.datasheethub.com/rcwl-0516-microwave-radar-sensor-module/,底板上只有排针，尺寸按 HDR-001 排针图纸（evidence/HDR-001/dim_PZ254_1xN.png）；模块本身没有厂家图,evidence/HDR-001/dim_PZ254_1xN.png,C,能穿透塑料外壳，背面也会触发；3V3 脚是输出不是输入,,规格书缺（淘宝模块，datasheet_url 给的是芯片规格书或厂家资料页）。脚序来源：教程站 RCWL-0516 引脚说明，二手资料，到货对照丝印。环宽：排针焊盘 1.7、孔 1.0，按 0.35 放宽（2.54 脚距）。模块无 3D 模型。,是,0.64,"1,2",,0.35,1=3V3：PCB 方焊盘；按丝印脚名接线,
SEN-022,传感器,海凌科 HLK-LD2410C 24GHz 人体存在雷达（2.54 5P）,HLK-LD2410C,淘宝通用,无,不适用,未查（淘宝需登录）,淘宝（未核实）,HLK-LD2410C 人体存在雷达,未查询（淘宝需登录，按关键词自查）,无,24GHz 毫米波，人体存在/运动，UART 256000 + OUT 脚（海凌科手册）,VCC 5–12V，建议 5V（海凌科手册）,UART/OUT 3.3V（以手册为准）,5,底板排针 1=TX、2=RX、3=OUT、4=GND、5=VCC（海凌科 HLK-LD2410C 手册引脚表（孔径 0.9、脚距 2.54））,2.54,不适用,方针 0.64（排针）,1,1.7×1.7,未核（模块外形各家不同，底板只放排针）,底板焊 1×5 直排针，杜邦线按脚名对接；模块孔 0.9，排针可直接焊在模块上,8.2（排针）,StudentHW:Hdr_LD2410C_5P,StudentHW:Module_Hdr_LD2410C_5P,无,https://naylampmechatronics.com/img/cms/001080/HLK-LD2410C_datasheet.pdf,底板上只有排针，尺寸按 HDR-001 排针图纸（evidence/HDR-001/dim_PZ254_1xN.png）；模块本身没有厂家图,evidence/HDR-001/dim_PZ254_1xN.png,C,LD2410/LD2410B 是 1.27 脚距 7×35 小板，不是这个封装（见 待确认.md）；UART 默认 256000 波特率,,规格书缺（淘宝模块，datasheet_url 给的是芯片规格书或厂家资料页）。脚序来源：海凌科 HLK-LD2410C 手册引脚表（孔径 0.9、脚距 2.54），二手资料，到货对照丝印。环宽：排针焊盘 1.7、孔 1.0，按 0.35 放宽（2.54 脚距）。模块无 3D 模型。,是,0.64,"1,2",,0.35,1=TX：PCB 方焊盘；按丝印脚名接线,
SEN-023,传感器,海凌科 HLK-LD6002 60GHz 呼吸心率雷达（2.0 8P）,HLK-LD6002,Hi-Link（海凌科）,无,不适用,未查（淘宝需登录）,淘宝（未核实）,海凌科 HLK-LD6002 雷达,未查询（淘宝需登录，按关键词自查）,LD6002 与 LD6002C 外观相同、功能不同，插座上印功能名,60GHz FMCW 雷达，UART,3.3V（手册：3.1–3.5V，纹波 ≤50mV，电源能力 ≥1A；二手资料）,3.3V,8,1=3V3、2=GND、3=P19（上电须拉低）、4=TX2、5=AIO1、6=SCL0、7=TX0、8=RX0（海凌科手册引脚表，manuals.plus/教程站转述）,2.0,不适用,2.0 排针,0.8,1.35×1.35,约 25×31.5（手册，二手资料）,底板焊 1×8 2.0mm 排母（V1.1 同款），模块插上,未核,StudentHW:HLK-LD6002_8P,StudentHW:PinSocket_1x08_P2.00mm_Vertical,${KICAD10_3DMODEL_DIR}/Connector_PinSocket_2.00mm.3dshapes/PinSocket_1x08_P2.00mm_Vertical.step,https://www.hlktech.net/index.php?id=1180,封装 = SKT-003（V1.1 实焊的 2.0 排母，A 级）；引脚名按海凌科手册二手资料，云端未取到原版手册,evidence/SKT-003/dim_HX_PM20.png,C,要求低纹波 3.3V，建议单独 LDO；P19 上电必须为低，否则进下载模式；两款外观相同，插错功能不对,,封装与规范第 7 节 ✅ 的 V1.1 排母相同，但引脚名是二手资料，本地对照 V1.1 原理图和海凌科原版手册后可定 A。环宽：焊盘 1.35、孔 0.8，按 0.275 放宽（V1.1 原封装）。规格书缺（hlktech 被云端拦截）。模块无 3D 模型（排母有）。,是,0.5,"1,2",,0.275,1=3V3：PCB 方焊盘；插座旁印功能名区分 LD6002/LD6002C,
SEN-024,传感器,海凌科 HLK-LD6002C 60GHz 雷达（2.0 8P，外观同 LD6002）,HLK-LD6002C,Hi-Link（海凌科）,无,不适用,未查（淘宝需登录）,淘宝（未核实）,海凌科 HLK-LD6002C 雷达,未查询（淘宝需登录，按关键词自查）,LD6002 与 LD6002C 外观相同、功能不同，插座上印功能名,60GHz FMCW 雷达，UART,3.3V（手册：3.1–3.5V，纹波 ≤50mV，电源能力 ≥1A；二手资料）,3.3V,8,1=3V3、2=GND、3=P19（上电须拉低）、4=TX2、5=AIO1、6=SCL0、7=TX0、8=RX0（海凌科手册引脚表，manuals.plus/教程站转述）,2.0,不适用,2.0 排针,0.8,1.35×1.35,约 25×31.5（手册，二手资料）,底板焊 1×8 2.0mm 排母（V1.1 同款），模块插上,未核,StudentHW:HLK-LD6002C_8P,StudentHW:PinSocket_1x08_P2.00mm_Vertical,${KICAD10_3DMODEL_DIR}/Connector_PinSocket_2.00mm.3dshapes/PinSocket_1x08_P2.00mm_Vertical.step,https://www.hlktech.net/index.php?id=1180,封装 = SKT-003（V1.1 实焊的 2.0 排母，A 级）；引脚名按海凌科手册二手资料，云端未取到原版手册,evidence/SKT-003/dim_HX_PM20.png,C,要求低纹波 3.3V，建议单独 LDO；P19 上电必须为低，否则进下载模式；两款外观相同，插错功能不对,,封装与规范第 7 节 ✅ 的 V1.1 排母相同，但引脚名是二手资料，本地对照 V1.1 原理图和海凌科原版手册后可定 A。环宽：焊盘 1.35、孔 0.8，按 0.275 放宽（V1.1 原封装）。规格书缺（hlktech 被云端拦截）。模块无 3D 模型（排母有）。,是,0.5,"1,2",,0.275,1=3V3：PCB 方焊盘；插座旁印功能名区分 LD6002/LD6002C,
SEN-025,传感器,BH1750 光照模块（GY-302，5P）,GY-302 BH1750,淘宝通用,无,不适用,未查（淘宝需登录）,淘宝（未核实）,GY-302 BH1750 光照模块,未查询（淘宝需登录，按关键词自查）,无,BH1750FVI，1–65535 lx，I2C 0x23（ADDR 接高 0x5C）,模块 VCC（芯片 2.4–3.6V，模块带稳压，以模块为准）,上拉电压阻值未核,5,底板排针 1=VCC、2=GND、3=SCL、4=SDA、5=ADDR（教程站 GY-302 引脚说明）,2.54,不适用,方针 0.64（排针）,1,1.7×1.7,未核（模块外形各家不同，底板只放排针）,底板焊 1×5 直排针，杜邦线按丝印脚名一一对接；要把模块直接插在排母上，先对照模块丝印确认顺序相同,8.2（排针）,StudentHW:Hdr_GY-302_5P,StudentHW:Module_Hdr_GY-302_5P,无,https://www.mouser.com/datasheet/2/348/bh1750fvi-e-186247.pdf,底板上只有排针，尺寸按 HDR-001 排针图纸（evidence/HDR-001/dim_PZ254_1xN.png）；模块本身没有厂家图,evidence/HDR-001/dim_PZ254_1xN.png,C,ADDR 悬空/接地 0x23；同总线两只要一只 ADDR 接高,,规格书缺（淘宝模块，datasheet_url 给的是芯片规格书或厂家资料页）。脚序来源：教程站 GY-302 引脚说明，二手资料，到货对照丝印。环宽：排针焊盘 1.7、孔 1.0，按 0.35 放宽（2.54 脚距）。模块无 3D 模型。,是,0.64,"1,2",,0.35,1=VCC：PCB 方焊盘；按丝印脚名接线,
SEN-026,传感器,光敏电阻模块（LM393，4P）,LDR LM393 module 4P,淘宝通用,无,不适用,未查（淘宝需登录）,淘宝（未核实）,光敏电阻模块 4针 LM393,未查询（淘宝需登录，按关键词自查）,无,光敏电阻 + LM393 比较器，DO 阈值可调、AO 模拟,3.3–5V（教程站）,DO/AO 随供电,4,底板排针 1=VCC、2=GND、3=DO、4=AO（教程站（VCC GND DO AO））,2.54,不适用,方针 0.64（排针）,1,1.7×1.7,未核（模块外形各家不同，底板只放排针）,底板焊 1×4 直排针，杜邦线按丝印脚名一一对接；要把模块直接插在排母上，先对照模块丝印确认顺序相同,8.2（排针）,StudentHW:Hdr_LDR_LM393_4P,StudentHW:Module_Hdr_LDR_LM393_4P,无,https://notenoughtech.com/raspberry-pi/light-sensor-lm393-ky018/,底板上只有排针，尺寸按 HDR-001 排针图纸（evidence/HDR-001/dim_PZ254_1xN.png）；模块本身没有厂家图,evidence/HDR-001/dim_PZ254_1xN.png,C,DO 阈值靠板上电位器；AO 是模拟量,,规格书缺（淘宝模块，datasheet_url 给的是芯片规格书或厂家资料页）。脚序来源：教程站（VCC GND DO AO），二手资料，到货对照丝印。环宽：排针焊盘 1.7、孔 1.0，按 0.35 放宽（2.54 脚距）。模块无 3D 模型。,是,0.64,"1,2",,0.35,1=VCC：PCB 方焊盘；按丝印脚名接线,
SEN-027,传感器,声音传感器模块（KY-038 类，4P）,Sound sensor KY-038,淘宝通用,无,不适用,未查（淘宝需登录）,淘宝（未核实）,声音传感器模块 4针,未查询（淘宝需登录，按关键词自查）,无,驻极体话筒 + LM393，DO 声音阈值、AO 模拟,3.3–5V（教程站）,DO/AO 随供电,4,底板排针 1=VCC、2=GND、3=DO、4=AO（Joy-IT KY-038 资料（丝印顺序 AO G + DO，底板按功能名））,2.54,不适用,方针 0.64（排针）,1,1.7×1.7,未核（模块外形各家不同，底板只放排针）,底板焊 1×4 直排针，杜邦线按丝印脚名一一对接；要把模块直接插在排母上，先对照模块丝印确认顺序相同,8.2（排针）,StudentHW:Hdr_Sound_4P,StudentHW:Module_Hdr_Sound_4P,无,https://eclass.uth.gr/modules/document/file.php/E-CE_U_269/Sensors/Sensors_%20Datasheets/KY-038-Joy-IT.pdf,底板上只有排针，尺寸按 HDR-001 排针图纸（evidence/HDR-001/dim_PZ254_1xN.png）；模块本身没有厂家图,evidence/HDR-001/dim_PZ254_1xN.png,C,DO 阈值靠板上电位器；AO 是模拟量,,规格书缺（淘宝模块，datasheet_url 给的是芯片规格书或厂家资料页）。脚序来源：Joy-IT KY-038 资料（丝印顺序 AO G + DO，底板按功能名），二手资料，到货对照丝印。环宽：排针焊盘 1.7、孔 1.0，按 0.35 放宽（2.54 脚距）。模块无 3D 模型。,是,0.64,"1,2",,0.35,1=VCC：PCB 方焊盘；按丝印脚名接线,
SEN-028,传感器,火焰传感器模块（LM393，4P）,Flame sensor LM393,淘宝通用,无,不适用,未查（淘宝需登录）,淘宝（未核实）,火焰传感器模块 4针,未查询（淘宝需登录，按关键词自查）,无,红外接收管 760–1100nm + LM393,3.3–5V（教程站）,DO/AO 随供电,4,底板排针 1=VCC、2=GND、3=DO、4=AO（商家资料（VCC GND DO AO））,2.54,不适用,方针 0.64（排针）,1,1.7×1.7,未核（模块外形各家不同，底板只放排针）,底板焊 1×4 直排针，杜邦线按丝印脚名一一对接；要把模块直接插在排母上，先对照模块丝印确认顺序相同,8.2（排针）,StudentHW:Hdr_Flame_4P,StudentHW:Module_Hdr_Flame_4P,无,https://www.rajguruelectronics.com/Product/13200/A132002_Flame%20sensor%20Module%20LM393_Datasheet.pdf,底板上只有排针，尺寸按 HDR-001 排针图纸（evidence/HDR-001/dim_PZ254_1xN.png）；模块本身没有厂家图,evidence/HDR-001/dim_PZ254_1xN.png,C,DO 阈值靠板上电位器；AO 是模拟量,,规格书缺（淘宝模块，datasheet_url 给的是芯片规格书或厂家资料页）。脚序来源：商家资料（VCC GND DO AO），二手资料，到货对照丝印。环宽：排针焊盘 1.7、孔 1.0，按 0.35 放宽（2.54 脚距）。模块无 3D 模型。,是,0.64,"1,2",,0.35,1=VCC：PCB 方焊盘；按丝印脚名接线,
SEN-029,传感器,雨滴传感器模块（4P）,Raindrop sensor module,淘宝通用,无,不适用,未查（淘宝需登录）,淘宝（未核实）,雨滴传感器模块,未查询（淘宝需登录，按关键词自查）,无,雨滴板 + LM393，DO 阈值、AO 模拟,3.3–5V（教程站）,DO/AO 随供电,4,底板排针 1=VCC、2=GND、3=DO、4=AO（商家资料（VCC GND DO AO））,2.54,不适用,方针 0.64（排针）,1,1.7×1.7,未核（模块外形各家不同，底板只放排针）,底板焊 1×4 直排针，杜邦线按丝印脚名一一对接；要把模块直接插在排母上，先对照模块丝印确认顺序相同,8.2（排针）,StudentHW:Hdr_Rain_4P,StudentHW:Module_Hdr_Rain_4P,无,https://www.openhacks.com/uploadsproductos/rain_sensor_module.pdf,底板上只有排针，尺寸按 HDR-001 排针图纸（evidence/HDR-001/dim_PZ254_1xN.png）；模块本身没有厂家图,evidence/HDR-001/dim_PZ254_1xN.png,C,DO 阈值靠板上电位器；AO 是模拟量,,规格书缺（淘宝模块，datasheet_url 给的是芯片规格书或厂家资料页）。脚序来源：商家资料（VCC GND DO AO），二手资料，到货对照丝印。环宽：排针焊盘 1.7、孔 1.0，按 0.35 放宽（2.54 脚距）。模块无 3D 模型。,是,0.64,"1,2",,0.35,1=VCC：PCB 方焊盘；按丝印脚名接线,
SEN-032,传感器,MQ-2 烟雾/可燃气体模块（4P）,MQ-2 module,淘宝通用,无,不适用,未查（淘宝需登录）,淘宝（未核实）,MQ-2 烟雾传感器模块,未查询（淘宝需登录，按关键词自查）,无,炜盛 MQ-2，加热式，只能定性,5V（加热丝 5V，功耗规格书 ≤800mW 量级，见兼容性速查）,DO/AO 电平随供电；5V 供电时 AO 最高 5V，接 3.3V 主控 ADC 要分压,4,底板排针 1=VCC、2=GND、3=DO、4=AO（教程站（VCC GND DO AO））,2.54,不适用,方针 0.64（排针）,1,1.7×1.7,未核（模块外形各家不同，底板只放排针）,底板焊 1×4 直排针，杜邦线按丝印脚名一一对接；要把模块直接插在排母上，先对照模块丝印确认顺序相同,8.2（排针）,StudentHW:Hdr_MQ-2_4P,StudentHW:Module_Hdr_MQ-2_4P,无,https://www.winsen-sensor.com/d/files/PDF/Semiconductor%20Gas%20Sensor/MQ-2%20(Ver1.4)%20-%20Manual.pdf,底板上只有排针，尺寸按 HDR-001 排针图纸（evidence/HDR-001/dim_PZ254_1xN.png）；模块本身没有厂家图,evidence/HDR-001/dim_PZ254_1xN.png,C,要预热（规格书标准条件预热 24h 以上），电流大，只能定性判断有无,,规格书缺（淘宝模块，datasheet_url 给的是芯片规格书或厂家资料页）。脚序来源：教程站（VCC GND DO AO），二手资料，到货对照丝印。环宽：排针焊盘 1.7、孔 1.0，按 0.35 放宽（2.54 脚距）。模块无 3D 模型。,是,0.64,"1,2",,0.35,1=VCC：PCB 方焊盘；按丝印脚名接线,
SEN-033,传感器,MQ-135 空气质量模块（4P）,MQ-135 module,淘宝通用,无,不适用,未查（淘宝需登录）,淘宝（未核实）,MQ-135 空气质量模块,未查询（淘宝需登录，按关键词自查）,无,炜盛 MQ-135，加热式，只能定性,5V（加热丝 5V，功耗规格书 ≤800mW 量级，见兼容性速查）,DO/AO 电平随供电；5V 供电时 AO 最高 5V，接 3.3V 主控 ADC 要分压,4,底板排针 1=VCC、2=GND、3=DO、4=AO（教程站（VCC GND DO AO））,2.54,不适用,方针 0.64（排针）,1,1.7×1.7,未核（模块外形各家不同，底板只放排针）,底板焊 1×4 直排针，杜邦线按丝印脚名一一对接；要把模块直接插在排母上，先对照模块丝印确认顺序相同,8.2（排针）,StudentHW:Hdr_MQ-135_4P,StudentHW:Module_Hdr_MQ-135_4P,无,https://www.winsen-sensor.com/d/files/PDF/Semiconductor%20Gas%20Sensor/MQ135%20(Ver1.4)%20-%20Manual.pdf,底板上只有排针，尺寸按 HDR-001 排针图纸（evidence/HDR-001/dim_PZ254_1xN.png）；模块本身没有厂家图,evidence/HDR-001/dim_PZ254_1xN.png,C,要预热（规格书标准条件预热 24h 以上），电流大，只能定性判断有无,,规格书缺（淘宝模块，datasheet_url 给的是芯片规格书或厂家资料页）。脚序来源：教程站（VCC GND DO AO），二手资料，到货对照丝印。环宽：排针焊盘 1.7、孔 1.0，按 0.35 放宽（2.54 脚距）。模块无 3D 模型。,是,0.64,"1,2",,0.35,1=VCC：PCB 方焊盘；按丝印脚名接线,
SEN-035,传感器,TCRT5000 红外反射/循迹模块（4P）,TCRT5000 module,淘宝通用,无,不适用,未查（淘宝需登录）,淘宝（未核实）,TCRT5000 循迹模块,未查询（淘宝需登录，按关键词自查）,无,TCRT5000 反射式光电 + 比较器，检测距离约 15mm（Vishay）,3.3–5V（教程站）,DO/AO 随供电,4,底板排针 1=VCC、2=GND、3=DO、4=AO（教程站（VCC GND D0 A0））,2.54,不适用,方针 0.64（排针）,1,1.7×1.7,未核（模块外形各家不同，底板只放排针）,底板焊 1×4 直排针，杜邦线按丝印脚名一一对接；要把模块直接插在排母上，先对照模块丝印确认顺序相同,8.2（排针）,StudentHW:Hdr_TCRT5000_4P,StudentHW:Module_Hdr_TCRT5000_4P,无,https://www.vishay.com/en/product/83760/,底板上只有排针，尺寸按 HDR-001 排针图纸（evidence/HDR-001/dim_PZ254_1xN.png）；模块本身没有厂家图,evidence/HDR-001/dim_PZ254_1xN.png,C,DO 阈值靠板上电位器；AO 是模拟量,,规格书缺（淘宝模块，datasheet_url 给的是芯片规格书或厂家资料页）。脚序来源：教程站（VCC GND D0 A0），二手资料，到货对照丝印。环宽：排针焊盘 1.7、孔 1.0，按 0.35 放宽（2.54 脚距）。模块无 3D 模型。,是,0.64,"1,2",,0.35,1=VCC：PCB 方焊盘；按丝印脚名接线,
SEN-030,传感器,电容式土壤湿度传感器 v1.2（3P）,Capacitive soil moisture v1.2,淘宝通用,无,不适用,未查（淘宝需登录）,淘宝（未核实）,电容式土壤湿度传感器 v1.2,未查询（淘宝需登录，按关键词自查）,无,TLC555 振荡 + 电容测湿，AOUT 模拟（教程站：约 1.2–3V）,3.3–5.5V（教程站）,AOUT 模拟，最高约 3V,3,底板排针 1=GND、2=VCC、3=AOUT（教程站（GND VCC AOUT））,2.54,不适用,方针 0.64（排针）,1,1.7×1.7,未核（模块外形各家不同，底板只放排针）,底板焊 1×3 直排针，杜邦线按丝印脚名一一对接；要把模块直接插在排母上，先对照模块丝印确认顺序相同,8.2（排针）,StudentHW:Hdr_Soil_v1.2_3P,StudentHW:Module_Hdr_Soil_v1.2_3P,无,https://lastminuteengineers.com/capacitive-soil-moisture-sensor-arduino/,底板上只有排针，尺寸按 HDR-001 排针图纸（evidence/HDR-001/dim_PZ254_1xN.png）；模块本身没有厂家图,evidence/HDR-001/dim_PZ254_1xN.png,C,板边要做防水；部分批次缺稳压芯片导致 3.3V 下不准,,规格书缺（淘宝模块，datasheet_url 给的是芯片规格书或厂家资料页）。脚序来源：教程站（GND VCC AOUT），二手资料，到货对照丝印。环宽：排针焊盘 1.7、孔 1.0，按 0.35 放宽（2.54 脚距）。模块无 3D 模型。,是,0.64,"1,2",,0.35,1=GND：PCB 方焊盘；按丝印脚名接线,
SEN-031,传感器,水位传感器（3P，S + -）,Water level sensor,淘宝通用,无,不适用,未查（淘宝需登录）,淘宝（未核实）,水位传感器 模块 S+-,未查询（淘宝需登录，按关键词自查）,无,裸露梳状电极，模拟输出,3.3–5V（教程站）,S 模拟输出随供电,3,底板排针 1=SIG、2=VCC、3=GND（Iduino SE045 资料（S + -））,2.54,不适用,方针 0.64（排针）,1,1.7×1.7,未核（模块外形各家不同，底板只放排针）,底板焊 1×3 直排针，杜邦线按丝印脚名一一对接；要把模块直接插在排母上，先对照模块丝印确认顺序相同,8.2（排针）,StudentHW:Hdr_WaterLevel_3P,StudentHW:Module_Hdr_WaterLevel_3P,无,https://cdn-reichelt.de/documents/datenblatt/A300/SE045.pdf,底板上只有排针，尺寸按 HDR-001 排针图纸（evidence/HDR-001/dim_PZ254_1xN.png）；模块本身没有厂家图,evidence/HDR-001/dim_PZ254_1xN.png,C,电极长期通电会电解腐蚀，只在测量时供电,,规格书缺（淘宝模块，datasheet_url 给的是芯片规格书或厂家资料页）。脚序来源：Iduino SE045 资料（S + -），二手资料，到货对照丝印。环宽：排针焊盘 1.7、孔 1.0，按 0.35 放宽（2.54 脚距）。模块无 3D 模型。,是,0.64,"1,2",,0.35,1=SIG：PCB 方焊盘；按丝印脚名接线,
SEN-034,传感器,SW-420 振动传感器模块（3P）,SW-420 module,淘宝通用,无,不适用,未查（淘宝需登录）,淘宝（未核实）,SW-420 振动传感器模块,未查询（淘宝需登录，按关键词自查）,无,振动开关 + 比较器，DO 输出,3.3–5V（教程站）,DO 随供电,3,底板排针 1=VCC、2=GND、3=DO（教程站（VCC GND D0））,2.54,不适用,方针 0.64（排针）,1,1.7×1.7,未核（模块外形各家不同，底板只放排针）,底板焊 1×3 直排针，杜邦线按丝印脚名一一对接；要把模块直接插在排母上，先对照模块丝印确认顺序相同,8.2（排针）,StudentHW:Hdr_SW-420_3P,StudentHW:Module_Hdr_SW-420_3P,无,https://microcontrollerslab.com/sw-420-vibration-sensor-module-pinout-interfacing-arduino-features/,底板上只有排针，尺寸按 HDR-001 排针图纸（evidence/HDR-001/dim_PZ254_1xN.png）；模块本身没有厂家图,evidence/HDR-001/dim_PZ254_1xN.png,C,只能判断有无振动，不能测加速度,,规格书缺（淘宝模块，datasheet_url 给的是芯片规格书或厂家资料页）。脚序来源：教程站（VCC GND D0），二手资料，到货对照丝印。环宽：排针焊盘 1.7、孔 1.0，按 0.35 放宽（2.54 脚距）。模块无 3D 模型。,是,0.64,"1,2",,0.35,1=VCC：PCB 方焊盘；按丝印脚名接线,
SEN-036,传感器,VS1838B 红外接收头（38kHz，3P）,VS1838B,淘宝通用,无,不适用,未查（淘宝需登录）,淘宝（未核实）,VS1838B 红外接收头,未查询（淘宝需登录，按关键词自查）,无,38kHz 红外遥控接收，OUT 低有效,2.7–5.5V（商家资料）,OUT 随供电,3,底板排针 1=OUT、2=GND、3=VCC（商家 VS1838B 资料（1 OUT、2 GND、3 VCC，球面朝自己））,2.54,不适用,方针 0.64（排针）,1,1.7×1.7,未核（模块外形各家不同，底板只放排针）,直接插在底板 3P 排母上或焊在 3 个孔上（孔 1.0，引脚细，可直接焊）,8.2（排针）,StudentHW:Hdr_VS1838B_3P,StudentHW:Module_Hdr_VS1838B_3P,无,https://www.electronicoscaldas.com/datasheet/VS1838B-M-WCON_Manual.pdf,底板上只有排针，尺寸按 HDR-001 排针图纸（evidence/HDR-001/dim_PZ254_1xN.png）；模块本身没有厂家图,evidence/HDR-001/dim_PZ254_1xN.png,C,同外形的接收头脚序可能不同（如 VCC/GND 对调），买到后按资料核对；VCC 加 RC 滤波更稳,,规格书缺（淘宝模块，datasheet_url 给的是芯片规格书或厂家资料页）。脚序来源：商家 VS1838B 资料（1 OUT、2 GND、3 VCC，球面朝自己），二手资料，到货对照丝印。环宽：排针焊盘 1.7、孔 1.0，按 0.35 放宽（2.54 脚距）。模块无 3D 模型。,是,0.64,"1,2",,0.35,1=OUT：PCB 方焊盘；按丝印脚名接线,
SEN-037,传感器,A3144 霍尔开关模块（KY-003，3P）,KY-003 A3144,淘宝通用,无,不适用,未查（淘宝需登录）,淘宝（未核实）,KY-003 霍尔传感器 A3144,未查询（淘宝需登录，按关键词自查）,无,A3144 单极霍尔开关，开漏 NPN 低有效（Joy-IT 资料）,A3144 4.5–24V（资料）,开漏输出，上拉到主控电压即可,3,底板排针 1=GND、2=VCC、3=SIG（Joy-IT KY-003 资料（丝印 - + S））,2.54,不适用,方针 0.64（排针）,1,1.7×1.7,未核（模块外形各家不同，底板只放排针）,底板焊 1×3 直排针，杜邦线按丝印脚名一一对接；要把模块直接插在排母上，先对照模块丝印确认顺序相同,8.2（排针）,StudentHW:Hdr_KY-003_3P,StudentHW:Module_Hdr_KY-003_3P,无,https://www.gotronic.fr/pj2-sen-ky003-manual-1932.pdf,底板上只有排针，尺寸按 HDR-001 排针图纸（evidence/HDR-001/dim_PZ254_1xN.png）；模块本身没有厂家图,evidence/HDR-001/dim_PZ254_1xN.png,C,A3144 最低 4.5V，3.3V 供电不可靠；输出开漏要上拉,,规格书缺（淘宝模块，datasheet_url 给的是芯片规格书或厂家资料页）。脚序来源：Joy-IT KY-003 资料（丝印 - + S），二手资料，到货对照丝印。环宽：排针焊盘 1.7、孔 1.0，按 0.35 放宽（2.54 脚距）。模块无 3D 模型。,是,0.64,"1,2",,0.35,1=GND：PCB 方焊盘；按丝印脚名接线,
SEN-038,传感器,HX711 称重模块（底板 4P 数字口）,HX711 module,淘宝通用,无,不适用,未查（淘宝需登录）,淘宝（未核实）,HX711 称重模块,未查询（淘宝需登录，按关键词自查）,无,24 位 ADC，两线 DT/SCK（非 I2C），称重传感器接 E+ E- A- A+,VCC 2.6–5.5V（教程站）,DT/SCK 随供电,4,底板排针 1=GND、2=DT、3=SCK、4=VCC（教程站（GND DT SCK VCC）；称重传感器 4 线直接焊在模块另一侧）,2.54,不适用,方针 0.64（排针）,1,1.7×1.7,未核（模块外形各家不同，底板只放排针）,底板焊 1×4 直排针，杜邦线按丝印脚名一一对接；要把模块直接插在排母上，先对照模块丝印确认顺序相同,8.2（排针）,StudentHW:Hdr_HX711_4P,StudentHW:Module_Hdr_HX711_4P,无,https://github.com/sparkfun/HX711-Load-Cell-Amplifier/blob/master/datasheets/hx711F_EN.pdf,底板上只有排针，尺寸按 HDR-001 排针图纸（evidence/HDR-001/dim_PZ254_1xN.png）；模块本身没有厂家图,evidence/HDR-001/dim_PZ254_1xN.png,C,红板/绿板两种，部分绿板 E- 没接地需改；接线颜色按传感器说明,,规格书缺（淘宝模块，datasheet_url 给的是芯片规格书或厂家资料页）。脚序来源：教程站（GND DT SCK VCC）；称重传感器 4 线直接焊在模块另一侧，二手资料，到货对照丝印。环宽：排针焊盘 1.7、孔 1.0，按 0.35 放宽（2.54 脚距）。模块无 3D 模型。,是,0.64,"1,2",,0.35,1=GND：PCB 方焊盘；按丝印脚名接线,
SEN-039,传感器,ACS712 电流模块 5A（3P）,ACS712-05B module,淘宝通用,无,不适用,未查（淘宝需登录）,淘宝（未核实）,ACS712 5A 电流模块,未查询（淘宝需登录，按关键词自查）,无,霍尔电流，±5A，185mV/A，0A 时输出 VCC/2（教程站）,4.5–5.5V（教程站）,OUT 0–5V 模拟，接 3.3V 主控 ADC 要分压,3,底板排针 1=VCC、2=OUT、3=GND（教程站（VCC OUT GND，被测电流走模块螺钉端子））,2.54,不适用,方针 0.64（排针）,1,1.7×1.7,未核（模块外形各家不同，底板只放排针）,底板焊 1×3 直排针，杜邦线按丝印脚名一一对接；要把模块直接插在排母上，先对照模块丝印确认顺序相同,8.2（排针）,StudentHW:Hdr_ACS712_05B_3P,StudentHW:Module_Hdr_ACS712_05B_3P,无,https://www.allegromicro.com/en/products/sense/current-sensor-ics/zero-to-fifty-amp-integrated-conductor-sensor-ics/acs712,底板上只有排针，尺寸按 HDR-001 排针图纸（evidence/HDR-001/dim_PZ254_1xN.png）；模块本身没有厂家图,evidence/HDR-001/dim_PZ254_1xN.png,C,5V 供电零点 2.5V，3.3V ADC 测不到上半量程；小电流分辨率差，测 mA 级用 INA219,,规格书缺（淘宝模块，datasheet_url 给的是芯片规格书或厂家资料页）。脚序来源：教程站（VCC OUT GND，被测电流走模块螺钉端子），二手资料，到货对照丝印。环宽：排针焊盘 1.7、孔 1.0，按 0.35 放宽（2.54 脚距）。模块无 3D 模型。,是,0.64,"1,2",,0.35,1=VCC：PCB 方焊盘；按丝印脚名接线,
SEN-040,传感器,ACS712 电流模块 20A（3P）,ACS712-20A module,淘宝通用,无,不适用,未查（淘宝需登录）,淘宝（未核实）,ACS712 20A 电流模块,未查询（淘宝需登录，按关键词自查）,无,霍尔电流，±20A，100mV/A，0A 时输出 VCC/2（教程站）,4.5–5.5V（教程站）,OUT 0–5V 模拟，接 3.3V 主控 ADC 要分压,3,底板排针 1=VCC、2=OUT、3=GND（教程站（VCC OUT GND，被测电流走模块螺钉端子））,2.54,不适用,方针 0.64（排针）,1,1.7×1.7,未核（模块外形各家不同，底板只放排针）,底板焊 1×3 直排针，杜邦线按丝印脚名一一对接；要把模块直接插在排母上，先对照模块丝印确认顺序相同,8.2（排针）,StudentHW:Hdr_ACS712_20A_3P,StudentHW:Module_Hdr_ACS712_20A_3P,无,https://www.allegromicro.com/en/products/sense/current-sensor-ics/zero-to-fifty-amp-integrated-conductor-sensor-ics/acs712,底板上只有排针，尺寸按 HDR-001 排针图纸（evidence/HDR-001/dim_PZ254_1xN.png）；模块本身没有厂家图,evidence/HDR-001/dim_PZ254_1xN.png,C,5V 供电零点 2.5V，3.3V ADC 测不到上半量程；小电流分辨率差，测 mA 级用 INA219,,规格书缺（淘宝模块，datasheet_url 给的是芯片规格书或厂家资料页）。脚序来源：教程站（VCC OUT GND，被测电流走模块螺钉端子），二手资料，到货对照丝印。环宽：排针焊盘 1.7、孔 1.0，按 0.35 放宽（2.54 脚距）。模块无 3D 模型。,是,0.64,"1,2",,0.35,1=VCC：PCB 方焊盘；按丝印脚名接线,
SEN-041,传感器,INA219 电流电压模块（I2C，0.1Ω）,INA219 module,淘宝通用,无,不适用,未查（淘宝需登录）,淘宝（未核实）,INA219 电流模块,未查询（淘宝需登录，按关键词自查）,无,INA219，0–26V、约 ±3.2A（0.1Ω 分流），I2C 0x40（A0/A1 焊盘可改 0x41/0x44/0x45）,VCC 3–5.5V（教程站）,随 VCC；板上上拉未核,4,底板排针 1=VCC、2=GND、3=SCL、4=SDA（教程站（VCC GND SCL SDA，VIN+/VIN- 在模块端子上））,2.54,不适用,方针 0.64（排针）,1,1.7×1.7,未核（模块外形各家不同，底板只放排针）,底板焊 1×4 直排针，杜邦线按丝印脚名一一对接；要把模块直接插在排母上，先对照模块丝印确认顺序相同,8.2（排针）,StudentHW:Hdr_INA219_4P,StudentHW:Module_Hdr_INA219_4P,无,https://cdn-shop.adafruit.com/datasheets/ina219.pdf,底板上只有排针，尺寸按 HDR-001 排针图纸（evidence/HDR-001/dim_PZ254_1xN.png）；模块本身没有厂家图,evidence/HDR-001/dim_PZ254_1xN.png,C,被测电路和模块要共地；高边测量，VIN+ 接电源、VIN- 接负载,,规格书缺（淘宝模块，datasheet_url 给的是芯片规格书或厂家资料页）。脚序来源：教程站（VCC GND SCL SDA，VIN+/VIN- 在模块端子上），二手资料，到货对照丝印。环宽：排针焊盘 1.7、孔 1.0，按 0.35 放宽（2.54 脚距）。模块无 3D 模型。,是,0.64,"1,2",,0.35,1=VCC：PCB 方焊盘；按丝印脚名接线,
SEN-042,传感器,0–25V 电压检测模块（分压 5:1）,Voltage sensor 0-25V,淘宝通用,无,不适用,未查（淘宝需登录）,淘宝（未核实）,0-25V 电压检测模块,未查询（淘宝需登录，按关键词自查）,无,30k/7.5k 分压，输出 = 输入/5（教程站）,无需供电（纯电阻分压）,S 输出 = Vin/5；3.3V 主控只能测到约 16.5V,2,底板排针 1=SIG、2=GND（教程站（S 接 ADC，- 接 GND，+ 未接））,2.54,不适用,方针 0.64（排针）,1,1.7×1.7,未核（模块外形各家不同，底板只放排针）,底板焊 1×2 直排针，杜邦线按丝印脚名一一对接；要把模块直接插在排母上，先对照模块丝印确认顺序相同,8.2（排针）,StudentHW:Hdr_VSENSE25_2P,StudentHW:Module_Hdr_VSENSE25_2P,无,https://components101.com/sensors/voltage-sensor-module,底板上只有排针，尺寸按 HDR-001 排针图纸（evidence/HDR-001/dim_PZ254_1xN.png）；模块本身没有厂家图,evidence/HDR-001/dim_PZ254_1xN.png,C,3.3V 主控满量程只有约 16.5V，测 25V 会超 ADC 量程,,规格书缺（淘宝模块，datasheet_url 给的是芯片规格书或厂家资料页）。脚序来源：教程站（S 接 ADC，- 接 GND，+ 未接），二手资料，到货对照丝印。模块的 + 脚内部不接，底板只出 SIG、GND。环宽：排针焊盘 1.7、孔 1.0，按 0.35 放宽（2.54 脚距）。模块无 3D 模型。,是,0.64,"1,2",,0.35,1=SIG：PCB 方焊盘；按丝印脚名接线,
SEN-043,传感器,ATGM336H 北斗/GPS 定位模块（5P）,ATGM336H module,淘宝通用,无,不适用,未查（淘宝需登录）,淘宝（未核实）,ATGM336H GPS 北斗模块,未查询（淘宝需登录，按关键词自查）,无,中科微 ATGM336H-5N，UART 9600，GPS+北斗,3.3–5V（教程站）,TX/RX 电平以模块为准（多为 3.3V）,5,底板排针 1=VCC、2=GND、3=TX、4=RX、5=PPS（教程站与商家资料；淘宝板脚数和顺序不一）,2.54,不适用,方针 0.64（排针）,1,1.7×1.7,未核（模块外形各家不同，底板只放排针）,底板焊 1×5 直排针，杜邦线按丝印脚名一一对接；要把模块直接插在排母上，先对照模块丝印确认顺序相同,8.2（排针）,StudentHW:Hdr_ATGM336H_5P,StudentHW:Module_Hdr_ATGM336H_5P,无,https://www.tinytronics.nl/product_files/002176_ATGM336H.pdf,底板上只有排针，尺寸按 HDR-001 排针图纸（evidence/HDR-001/dim_PZ254_1xN.png）；模块本身没有厂家图,evidence/HDR-001/dim_PZ254_1xN.png,C,必须接天线，室内搜不到星；冷启动 30s 以上,,规格书缺（淘宝模块，datasheet_url 给的是芯片规格书或厂家资料页）。脚序来源：教程站与商家资料；淘宝板脚数和顺序不一，二手资料，到货对照丝印。环宽：排针焊盘 1.7、孔 1.0，按 0.35 放宽（2.54 脚距）。模块无 3D 模型。,是,0.64,"1,2",,0.35,1=VCC：PCB 方焊盘；按丝印脚名接线,
SEN-044,传感器,NEO-6M GPS 模块（GY-GPS6MV2，4P）,GY-GPS6MV2,淘宝通用,无,不适用,未查（淘宝需登录）,淘宝（未核实）,GY-GPS6MV2 NEO-6M,未查询（淘宝需登录，按关键词自查）,无,u-blox NEO-6M，UART 9600（u-blox 规格书默认）,3.3–5V（模块带 3.3V 稳压，教程站）,教程站称逻辑脚耐 5V（未核）,4,底板排针 1=VCC、2=RX、3=TX、4=GND（教程站（多数资料 VCC RX TX GND，也有资料写 VCC GND TX RX，对照丝印））,2.54,不适用,方针 0.64（排针）,1,1.7×1.7,未核（模块外形各家不同，底板只放排针）,底板焊 1×4 直排针，杜邦线按丝印脚名一一对接；要把模块直接插在排母上，先对照模块丝印确认顺序相同,8.2（排针）,StudentHW:Hdr_NEO-6M_4P,StudentHW:Module_Hdr_NEO-6M_4P,无,https://content.u-blox.com/sites/default/files/products/documents/NEO-6_DataSheet_(GPS.G6-HW-09005).pdf,底板上只有排针，尺寸按 HDR-001 排针图纸（evidence/HDR-001/dim_PZ254_1xN.png）；模块本身没有厂家图,evidence/HDR-001/dim_PZ254_1xN.png,C,市面不少是翻新/仿 NEO-6M；室内搜不到星,,规格书缺（淘宝模块，datasheet_url 给的是芯片规格书或厂家资料页）。脚序来源：教程站（多数资料 VCC RX TX GND，也有资料写 VCC GND TX RX，对照丝印），二手资料，到货对照丝印。环宽：排针焊盘 1.7、孔 1.0，按 0.35 放宽（2.54 脚距）。模块无 3D 模型。,是,0.64,"1,2",,0.35,1=VCC：PCB 方焊盘；按丝印脚名接线,
SEN-045,传感器,RC522 RFID 读卡模块（13.56MHz，8P）,RC522 RFID module,淘宝通用,无,不适用,未查（淘宝需登录）,淘宝（未核实）,RC522 RFID 读卡模块,未查询（淘宝需登录，按关键词自查）,无,NXP MFRC522，SPI（模块默认）,3.3V（VCC 不能接 5V）,3.3V；教程站称 SPI 脚可承受 5V（未核）,8,底板排针 1=SDA、2=SCK、3=MOSI、4=MISO、5=IRQ、6=GND、7=RST、8=3V3（教程站（SDA SCK MOSI MISO IRQ GND RST 3.3V））,2.54,不适用,方针 0.64（排针）,1,1.7×1.7,未核（模块外形各家不同，底板只放排针）,底板焊 1×8 直排针，杜邦线按丝印脚名一一对接；要把模块直接插在排母上，先对照模块丝印确认顺序相同,8.2（排针）,StudentHW:Hdr_RC522_8P,StudentHW:Module_Hdr_RC522_8P,无,https://www.nxp.com/docs/en/data-sheet/MFRC522.pdf,底板上只有排针，尺寸按 HDR-001 排针图纸（evidence/HDR-001/dim_PZ254_1xN.png）；模块本身没有厂家图,evidence/HDR-001/dim_PZ254_1xN.png,C,VCC 接 5V 会烧；SDA 脚其实是 SPI 的 CS,,规格书缺（淘宝模块，datasheet_url 给的是芯片规格书或厂家资料页）。脚序来源：教程站（SDA SCK MOSI MISO IRQ GND RST 3.3V），二手资料，到货对照丝印。环宽：排针焊盘 1.7、孔 1.0，按 0.35 放宽（2.54 脚距）。模块无 3D 模型。,是,0.64,"1,2",,0.35,1=SDA：PCB 方焊盘；按丝印脚名接线,
SEN-046,传感器,AS608 光学指纹模块（6P）,AS608 fingerprint,淘宝通用,无,不适用,未查（淘宝需登录）,淘宝（未核实）,AS608 指纹模块,未查询（淘宝需登录，按关键词自查）,无,UART 57600（教程站）,3.3–6V（教程站，各资料不一）,UART 3.3V/5V TTL（教程站）,6,底板排针 1=VCC、2=GND、3=TX、4=RX、5=TOUCH、6=3V3（教程站（资料之间线色和顺序有冲突，到货对照模块说明））,2.54,不适用,方针 0.64（排针）,1,1.7×1.7,未核（模块外形各家不同，底板只放排针）,底板焊 1×6 直排针，杜邦线按丝印脚名一一对接；要把模块直接插在排母上，先对照模块丝印确认顺序相同,8.2（排针）,StudentHW:Hdr_AS608_6P,StudentHW:Module_Hdr_AS608_6P,无,https://robu.in/wp-content/uploads/2020/08/AS608-Optical-Fingerprint-Sensor-Fingerprint-Module.pdf,底板上只有排针，尺寸按 HDR-001 排针图纸（evidence/HDR-001/dim_PZ254_1xN.png）；模块本身没有厂家图,evidence/HDR-001/dim_PZ254_1xN.png,C,线色各家不同，务必看商品说明；TOUCH 为手指感应输出,,规格书缺（淘宝模块，datasheet_url 给的是芯片规格书或厂家资料页）。脚序来源：教程站（资料之间线色和顺序有冲突，到货对照模块说明），二手资料，到货对照丝印。环宽：排针焊盘 1.7、孔 1.0，按 0.35 放宽（2.54 脚距）。模块无 3D 模型。,是,0.64,"1,2",,0.35,1=VCC：PCB 方焊盘；按丝印脚名接线,
SEN-047,传感器,DS3231 高精度时钟模块（ZS-042，6P）,ZS-042 DS3231,淘宝通用,无,不适用,未查（淘宝需登录）,淘宝（未核实）,DS3231 时钟模块 ZS-042,未查询（淘宝需登录，按关键词自查）,无,DS3231 I2C 0x68（固定）；板载 AT24C32 EEPROM 0x57（A0–A2 焊盘可改）,2.3–5.5V（教程站）,模块带上拉（阻值和上拉电压未核，见兼容性速查）,6,底板排针 1=32K、2=SQW、3=SCL、4=SDA、5=VCC、6=GND（教程站（32K SQW SCL SDA VCC GND））,2.54,不适用,方针 0.64（排针）,1,1.7×1.7,未核（模块外形各家不同，底板只放排针）,底板焊 1×6 直排针，杜邦线按丝印脚名一一对接；要把模块直接插在排母上，先对照模块丝印确认顺序相同,8.2（排针）,StudentHW:Hdr_DS3231_6P,StudentHW:Module_Hdr_DS3231_6P,无,https://www.analog.com/media/en/technical-documentation/data-sheets/ds3231.pdf,底板上只有排针，尺寸按 HDR-001 排针图纸（evidence/HDR-001/dim_PZ254_1xN.png）；模块本身没有厂家图,evidence/HDR-001/dim_PZ254_1xN.png,C,0x68 与 MPU6050 冲突、0x57 与 MAX30102 冲突；ZS-042 的充电电路给 CR2032 充电，装不可充电纽扣电池要断开充电通路,,规格书缺（淘宝模块，datasheet_url 给的是芯片规格书或厂家资料页）。脚序来源：教程站（32K SQW SCL SDA VCC GND），二手资料，到货对照丝印。环宽：排针焊盘 1.7、孔 1.0，按 0.35 放宽（2.54 脚距）。模块无 3D 模型。,是,0.64,"1,2",,0.35,1=32K：PCB 方焊盘；按丝印脚名接线,
SEN-048,传感器,DS1302 时钟模块（5P）,DS1302 module,淘宝通用,无,不适用,未查（淘宝需登录）,淘宝（未核实）,DS1302 时钟模块,未查询（淘宝需登录，按关键词自查）,无,DS1302，三线（CLK DAT RST，非 I2C）,2.0–5.5V（教程站）,随供电,5,底板排针 1=VCC、2=GND、3=CLK、4=DAT、5=RST（教程站（VCC GND CLK DAT RST））,2.54,不适用,方针 0.64（排针）,1,1.7×1.7,未核（模块外形各家不同，底板只放排针）,底板焊 1×5 直排针，杜邦线按丝印脚名一一对接；要把模块直接插在排母上，先对照模块丝印确认顺序相同,8.2（排针）,StudentHW:Hdr_DS1302_5P,StudentHW:Module_Hdr_DS1302_5P,无,https://www.mouser.com/datasheet/2/256/ds1302-1177771.pdf,底板上只有排针，尺寸按 HDR-001 排针图纸（evidence/HDR-001/dim_PZ254_1xN.png）；模块本身没有厂家图,evidence/HDR-001/dim_PZ254_1xN.png,C,晶振精度差，走时误差比 DS3231 大；不是 I2C 不能挂总线,,规格书缺（淘宝模块，datasheet_url 给的是芯片规格书或厂家资料页）。脚序来源：教程站（VCC GND CLK DAT RST），二手资料，到货对照丝印。环宽：排针焊盘 1.7、孔 1.0，按 0.35 放宽（2.54 脚距）。模块无 3D 模型。,是,0.64,"1,2",,0.35,1=VCC：PCB 方焊盘；按丝印脚名接线,
SEN-049,传感器,Micro SD 卡模块（SPI，6P）,Micro SD module,淘宝通用,无,不适用,未查（淘宝需登录）,淘宝（未核实）,Micro SD 卡模块 SPI,未查询（淘宝需登录，按关键词自查）,无,SPI 读写 TF 卡，板载稳压和电平转换（教程站）,模块 VCC 3.3–5V（有的版本只接 5V，看稳压）,板载电平转换（74LVC125 类）时 MISO 输出电平未核,6,底板排针 1=GND、2=VCC、3=MISO、4=MOSI、5=SCK、6=CS（教程站（GND VCC MISO MOSI SCK CS））,2.54,不适用,方针 0.64（排针）,1,1.7×1.7,未核（模块外形各家不同，底板只放排针）,底板焊 1×6 直排针，杜邦线按丝印脚名一一对接；要把模块直接插在排母上，先对照模块丝印确认顺序相同,8.2（排针）,StudentHW:Hdr_MicroSD_6P,StudentHW:Module_Hdr_MicroSD_6P,无,https://lastminuteengineers.com/arduino-micro-sd-card-module-tutorial/,底板上只有排针，尺寸按 HDR-001 排针图纸（evidence/HDR-001/dim_PZ254_1xN.png）；模块本身没有厂家图,evidence/HDR-001/dim_PZ254_1xN.png,C,带电平转换的版本 MISO 不释放总线，与其他 SPI 设备共线可能冲突；卡要 FAT32,,规格书缺（淘宝模块，datasheet_url 给的是芯片规格书或厂家资料页）。脚序来源：教程站（GND VCC MISO MOSI SCK CS），二手资料，到货对照丝印。环宽：排针焊盘 1.7、孔 1.0，按 0.35 放宽（2.54 脚距）。模块无 3D 模型。,是,0.64,"1,2",,0.35,1=GND：PCB 方焊盘；按丝印脚名接线,
ACT-001,执行器,1 路 5V 继电器模块（高电平触发）,1CH 5V relay module (高电平触发),淘宝通用,无,不适用,未查（淘宝需登录）,淘宝（未核实）,5V 继电器模块 1路 高电平触发,未查询（淘宝需登录，按关键词自查）,无,松乐 SRD-05VDC-SL-C 继电器 + 三极管驱动，高电平触发；触点 10A 250VAC/30VDC（商家资料）,5V，线圈约 70mA（SRD 线圈 70Ω，教程站）,模块输入一般 3.3V 可驱动（未核，看驱动管和光耦）,3,底板排针 1=VCC、2=GND、3=IN（教程站（VCC GND IN，负载接模块螺钉端子 COM NO NC））,2.54,不适用,方针 0.64（排针）,1,1.7×1.7,未核（模块外形各家不同，底板只放排针）,底板焊 1×3 直排针，杜邦线按丝印脚名一一对接；要把模块直接插在排母上，先对照模块丝印确认顺序相同,8.2（排针）,StudentHW:Hdr_Relay_H_3P,StudentHW:Module_Hdr_Relay_H_3P,无,https://www.lcsc.com/product-detail/C35449.html,底板上只有排针，尺寸按 HDR-001 排针图纸（evidence/HDR-001/dim_PZ254_1xN.png）；模块本身没有厂家图,evidence/HDR-001/dim_PZ254_1xN.png,C,高/低电平触发两种外观很像，看丝印和商品选项；有的模块带跳线可切换；负载端是强电时注意绝缘,,规格书缺（淘宝模块，datasheet_url 给的是芯片规格书或厂家资料页）。脚序来源：教程站（VCC GND IN，负载接模块螺钉端子 COM NO NC），二手资料，到货对照丝印。环宽：排针焊盘 1.7、孔 1.0，按 0.35 放宽（2.54 脚距）。模块无 3D 模型。,是,0.64,"1,2",,0.35,1=VCC：PCB 方焊盘；按丝印脚名接线,
ACT-002,执行器,1 路 5V 继电器模块（低电平触发）,1CH 5V relay module (低电平触发),淘宝通用,无,不适用,未查（淘宝需登录）,淘宝（未核实）,5V 继电器模块 1路 低电平触发,未查询（淘宝需登录，按关键词自查）,无,松乐 SRD-05VDC-SL-C 继电器 + 三极管驱动，低电平触发；触点 10A 250VAC/30VDC（商家资料）,5V，线圈约 70mA（SRD 线圈 70Ω，教程站）,模块输入一般 3.3V 可驱动（未核，看驱动管和光耦）,3,底板排针 1=VCC、2=GND、3=IN（教程站（VCC GND IN，负载接模块螺钉端子 COM NO NC））,2.54,不适用,方针 0.64（排针）,1,1.7×1.7,未核（模块外形各家不同，底板只放排针）,底板焊 1×3 直排针，杜邦线按丝印脚名一一对接；要把模块直接插在排母上，先对照模块丝印确认顺序相同,8.2（排针）,StudentHW:Hdr_Relay_L_3P,StudentHW:Module_Hdr_Relay_L_3P,无,https://www.lcsc.com/product-detail/C35449.html,底板上只有排针，尺寸按 HDR-001 排针图纸（evidence/HDR-001/dim_PZ254_1xN.png）；模块本身没有厂家图,evidence/HDR-001/dim_PZ254_1xN.png,C,高/低电平触发两种外观很像，看丝印和商品选项；有的模块带跳线可切换；负载端是强电时注意绝缘,,规格书缺（淘宝模块，datasheet_url 给的是芯片规格书或厂家资料页）。脚序来源：教程站（VCC GND IN，负载接模块螺钉端子 COM NO NC），二手资料，到货对照丝印。环宽：排针焊盘 1.7、孔 1.0，按 0.35 放宽（2.54 脚距）。模块无 3D 模型。,是,0.64,"1,2",,0.35,1=VCC：PCB 方焊盘；按丝印脚名接线,
ACT-003,执行器,松乐 SRD-05VDC-SL-C 5V 继电器（裸件，直插）,SRD-05VDC-SL-C,Songle（松乐）,C35449,不适用,未查到,未查到,SRD-05VDC-SL-C 继电器,未查询（淘宝需登录，按关键词自查）,自己搭驱动嫌麻烦就用继电器模块（ACT-001/002）,SPDT，线圈 5V 约 70Ω/71mA，触点 10A 250VAC / 10A 30VDC（教程站转述规格书）,线圈 5V,不适用（需三极管驱动 + 续流二极管）,5,按 KiCad 官方 SANYOU_SRD_Form_C 符号与封装：1=COM、2/5=线圈、3=NC、4=NO（以封装焊盘号为准，焊前对照实物底面标记）,12.0（两线圈脚）,12.2（线圈脚到触点脚）,图中标 2-1×0.4 扁脚和 2-Φ0.6 圆脚，哪几只为扁脚图上看不清；官方封装孔 1.0（线圈）/1.3（COM、触点）,1.3、1,3×3、2.5×2.5,19.1 × 15.5 × 15.3 max（松乐规格书）,卧装直插,15.3 max,Relay:SANYOU_SRD_Form_C,Relay_THT:Relay_SPDT_SANYOU_SRD_Series_Form_C,${KICAD10_3DMODEL_DIR}/Relay_THT.3dshapes/Relay_SPDT_SANYOU_SRD_Series_Form_C.step,https://www.lcsc.com/product-detail/C35449.html,松乐 SRD 规格书第 1 页 5. DIMENSION/DRILLING（dim_SRD_drilling.png，GitHub 公开转存）：线圈两脚距 12±0.05、COM 到线圈 2±0.05、线圈到触点 12.2±0.05；KiCad 官方 SANYOU SRD 封装各脚位与之相差 ≤0.05,evidence/ACT-003/datasheet.pdf;evidence/ACT-003/dim_SRD_drilling.png;evidence/ACT-003/source.txt,C,线圈必须并联续流二极管（1N4148/1N4007，K 接 +）；单片机 IO 不能直接驱动线圈,,C 编号由搜索引擎收录的嘉立创/立创商品页（C35449，SRD-05VDC-SL-C）对应，云端未能接口核实，jlc.json 待本地补。定 C 级原因：引脚截面（扁脚/圆脚对应哪几只）图上看不清，NO/NC 对应 3/4 号焊盘按 KiCad 官方符号，焊前对照继电器底面接线图。,否,,"2,5",SRD,,1=COM：PCB 焊盘号 1，焊前对照继电器底面引脚图,
ACT-004,执行器,SG90 9g 舵机（3 线）,SG90,淘宝通用,无,不适用,未查（淘宝需登录）,淘宝（未核实）,SG90 舵机 9g,未查询（淘宝需登录，按关键词自查）,无,180°，PWM 50Hz 1–2ms（资料）,4.8–6V，负载 200–250mA，堵转 500–750mA（教程站）,PWM 信号 3.3V 一般可驱动（未核）,3,底板排针 1=GND、2=VCC、3=PWM（舵机线色：棕/深灰=GND、红=VCC、橙=信号（教程站））,2.54,不适用,方针 0.64（排针）,1,1.7×1.7,未核（模块外形各家不同，底板只放排针）,底板焊 1×3 直排针，舵机 3P 杜邦头直接插（顺序 GND VCC PWM，与舵机线棕红橙一致）,8.2（排针）,StudentHW:Hdr_SG90_3P,StudentHW:Module_Hdr_SG90_3P,无,https://handsontec.com/dataspecs/motor_fan/SG90-Servo.pdf,底板上只有排针，尺寸按 HDR-001 排针图纸（evidence/HDR-001/dim_PZ254_1xN.png）；模块本身没有厂家图,evidence/HDR-001/dim_PZ254_1xN.png,C,舵机电源不能取自主控板 3.3V/5V 脚，单独供电并共地；多个舵机同时动作电流叠加,,规格书缺（淘宝模块，datasheet_url 给的是芯片规格书或厂家资料页）。脚序来源：舵机线色：棕/深灰=GND、红=VCC、橙=信号（教程站），二手资料，到货对照丝印。环宽：排针焊盘 1.7、孔 1.0，按 0.35 放宽（2.54 脚距）。模块无 3D 模型。,是,0.64,"1,2",,0.35,1=GND：PCB 方焊盘；按丝印脚名接线,
ACT-005,执行器,MG996R 金属齿舵机（3 线）,MG996R,淘宝通用,无,不适用,未查（淘宝需登录）,淘宝（未核实）,MG996R 舵机 金属齿,未查询（淘宝需登录，按关键词自查）,无,大扭矩金属齿，PWM 50Hz,4.8–7.2V，堵转约 2.5A（教程站）,PWM 信号 3.3V 一般可驱动（未核）,3,底板排针 1=GND、2=VCC、3=PWM（舵机线色：棕/深灰=GND、红=VCC、橙=信号（教程站））,2.54,不适用,方针 0.64（排针）,1,1.7×1.7,未核（模块外形各家不同，底板只放排针）,底板焊 1×3 直排针，舵机 3P 杜邦头直接插（顺序 GND VCC PWM，与舵机线棕红橙一致）,8.2（排针）,StudentHW:Hdr_MG996R_3P,StudentHW:Module_Hdr_MG996R_3P,无,https://www.electronicoscaldas.com/datasheet/MG996R_Tower-Pro.pdf,底板上只有排针，尺寸按 HDR-001 排针图纸（evidence/HDR-001/dim_PZ254_1xN.png）；模块本身没有厂家图,evidence/HDR-001/dim_PZ254_1xN.png,C,舵机电源不能取自主控板 3.3V/5V 脚，单独供电并共地；多个舵机同时动作电流叠加,,规格书缺（淘宝模块，datasheet_url 给的是芯片规格书或厂家资料页）。脚序来源：舵机线色：棕/深灰=GND、红=VCC、橙=信号（教程站），二手资料，到货对照丝印。环宽：排针焊盘 1.7、孔 1.0，按 0.35 放宽（2.54 脚距）。模块无 3D 模型。,是,0.64,"1,2",,0.35,1=GND：PCB 方焊盘；按丝印脚名接线,
ACT-006,执行器,28BYJ-48 步进电机 + ULN2003 驱动板（控制口 6P）,28BYJ-48 + ULN2003,淘宝通用,无,不适用,未查（淘宝需登录）,淘宝（未核实）,28BYJ-48 步进电机 ULN2003 驱动板,未查询（淘宝需登录，按关键词自查）,无,ULN2003 达林顿阵列驱动 5 线 4 相步进电机,电机电源 5V（教程站；12V 电机版另购）,IN1–IN4 3.3V 可驱动（ULN2003 输入，未核模块）,6,底板排针 1=IN1、2=IN2、3=IN3、4=IN4、5=VCC、6=GND（教程站（IN1–IN4 + 电源两脚））,2.54,不适用,方针 0.64（排针）,1,1.7×1.7,未核（模块外形各家不同，底板只放排针）,底板焊 1×6 直排针，杜邦线按丝印脚名一一对接；要把模块直接插在排母上，先对照模块丝印确认顺序相同,8.2（排针）,StudentHW:Hdr_ULN2003_6P,StudentHW:Module_Hdr_ULN2003_6P,无,https://www.ti.com/lit/ds/symlink/uln2003a.pdf,底板上只有排针，尺寸按 HDR-001 排针图纸（evidence/HDR-001/dim_PZ254_1xN.png）；模块本身没有厂家图,evidence/HDR-001/dim_PZ254_1xN.png,C,电机长时间通电发热，空闲时把 IN 全拉低；步进顺序 IN1-IN3-IN2-IN4（教程站）,,规格书缺（淘宝模块，datasheet_url 给的是芯片规格书或厂家资料页）。脚序来源：教程站（IN1–IN4 + 电源两脚），二手资料，到货对照丝印。环宽：排针焊盘 1.7、孔 1.0，按 0.35 放宽（2.54 脚距）。模块无 3D 模型。,是,0.64,"1,2",,0.35,1=IN1：PCB 方焊盘；按丝印脚名接线,
ACT-007,执行器,TB6612FNG 双路电机驱动模块（控制口 8P）,TB6612FNG module,淘宝通用,无,不适用,未查（淘宝需登录）,淘宝（未核实）,TB6612FNG 电机驱动模块,未查询（淘宝需登录，按关键词自查）,无,双 H 桥，每路 1.2A 连续、3.2A 峰值；VM 4.5–13.5V，VCC 2.7–5.5V（教程站转述规格书）,VM 电机电源 + VCC 逻辑电源分开,逻辑随 VCC（3.3V 主控就给 3.3V）,8,底板排针 1=PWMA、2=AIN2、3=AIN1、4=STBY、5=BIN1、6=BIN2、7=PWMB、8=GND（SparkFun TB6612FNG 模块一侧排针顺序）,2.54,不适用,方针 0.64（排针）,1,1.7×1.7,未核（模块外形各家不同，底板只放排针）,底板焊 1×8 直排针，杜邦线按丝印脚名一一对接；要把模块直接插在排母上，先对照模块丝印确认顺序相同,8.2（排针）,StudentHW:Hdr_TB6612_8P,StudentHW:Module_Hdr_TB6612_8P,无,https://toshiba.semicon-storage.com/info/TB6612FNG_datasheet_en_20141001.pdf?did=10660&prodName=TB6612FNG,底板上只有排针，尺寸按 HDR-001 排针图纸（evidence/HDR-001/dim_PZ254_1xN.png）；模块本身没有厂家图,evidence/HDR-001/dim_PZ254_1xN.png,C,STBY 必须拉高才工作；VM、VCC、电机输出另接，不在这排针上,,规格书缺（淘宝模块，datasheet_url 给的是芯片规格书或厂家资料页）。脚序来源：SparkFun TB6612FNG 模块一侧排针顺序，二手资料，到货对照丝印。底板只出控制信号 8P，电源和电机线走模块另一排或端子。环宽：排针焊盘 1.7、孔 1.0，按 0.35 放宽（2.54 脚距）。模块无 3D 模型。,是,0.64,"1,2",,0.35,1=PWMA：PCB 方焊盘；按丝印脚名接线,
ACT-008,执行器,L298N 双路电机驱动模块（控制口 7P）,L298N module,淘宝通用,无,不适用,未查（淘宝需登录）,淘宝（未核实）,L298N 电机驱动模块,未查询（淘宝需登录，按关键词自查）,无,L298N 双 H 桥（ST 规格书：供电最高 46V、总电流 4A）；模块常标 5–35V,电机电源 5–35V（模块资料），板载 5V 稳压可跳线,输入 TTL，3.3V 一般可识别（未核）,7,底板排针 1=ENA、2=IN1、3=IN2、4=IN3、5=IN4、6=ENB、7=GND（教程站（ENA IN1 IN2 IN3 IN4 ENB，电源和电机走螺钉端子））,2.54,不适用,方针 0.64（排针）,1,1.7×1.7,未核（模块外形各家不同，底板只放排针）,底板焊 1×7 直排针，杜邦线按丝印脚名一一对接；要把模块直接插在排母上，先对照模块丝印确认顺序相同,8.2（排针）,StudentHW:Hdr_L298N_7P,StudentHW:Module_Hdr_L298N_7P,无,https://www.st.com/resource/en/datasheet/l298.pdf,底板上只有排针，尺寸按 HDR-001 排针图纸（evidence/HDR-001/dim_PZ254_1xN.png）；模块本身没有厂家图,evidence/HDR-001/dim_PZ254_1xN.png,C,L298N 压降大（约 2V），低压电机推不动，小车优先 TB6612；ENA/ENB 跳线帽拔掉才能 PWM 调速,,规格书缺（淘宝模块，datasheet_url 给的是芯片规格书或厂家资料页）。脚序来源：教程站（ENA IN1 IN2 IN3 IN4 ENB，电源和电机走螺钉端子），二手资料，到货对照丝印。环宽：排针焊盘 1.7、孔 1.0，按 0.35 放宽（2.54 脚距）。模块无 3D 模型。,是,0.64,"1,2",,0.35,1=ENA：PCB 方焊盘；按丝印脚名接线,
ACT-009,执行器,DRV8833 双路电机驱动模块（控制口 6P）,DRV8833 module,淘宝通用,无,不适用,未查（淘宝需登录）,淘宝（未核实）,DRV8833 电机驱动模块,未查询（淘宝需登录，按关键词自查）,无,双 H 桥，2.7–10.8V，1.5A RMS（TI 产品页）,VCC 2.7–10.8V（电机电源）,输入 3.3V 可驱动（TI 规格书逻辑电平，未核模块）,6,底板排针 1=IN1、2=IN2、3=IN3、4=IN4、5=EEP、6=GND（教程站（模块 12P：EEP OUT1-4 ULT IN1-4 VCC GND））,2.54,不适用,方针 0.64（排针）,1,1.7×1.7,未核（模块外形各家不同，底板只放排针）,底板焊 1×6 直排针，杜邦线按丝印脚名一一对接；要把模块直接插在排母上，先对照模块丝印确认顺序相同,8.2（排针）,StudentHW:Hdr_DRV8833_6P,StudentHW:Module_Hdr_DRV8833_6P,无,https://www.ti.com/product/DRV8833,底板上只有排针，尺寸按 HDR-001 排针图纸（evidence/HDR-001/dim_PZ254_1xN.png）；模块本身没有厂家图,evidence/HDR-001/dim_PZ254_1xN.png,C,EEP（nSLEEP）要拉高才工作；电机电压最高 10.8V,,规格书缺（淘宝模块，datasheet_url 给的是芯片规格书或厂家资料页）。脚序来源：教程站（模块 12P：EEP OUT1-4 ULT IN1-4 VCC GND），二手资料，到货对照丝印。环宽：排针焊盘 1.7、孔 1.0，按 0.35 放宽（2.54 脚距）。模块无 3D 模型。,是,0.64,"1,2",,0.35,1=IN1：PCB 方焊盘；按丝印脚名接线,
ACT-010,执行器,DFPlayer Mini MP3 模块（底板控制口 7P）,DFPlayer Mini (DFR0299),淘宝通用,无,不适用,未查（淘宝需登录）,淘宝（未核实）,DFPlayer Mini MP3 模块,未查询（淘宝需登录，按关键词自查）,无,UART 9600 控制，TF 卡放 MP3；内置单声道功放直推 SPK1/SPK2,VCC 3.2–5V（DFRobot 官方）,UART 3.3V；RX 串 1k 电阻减少杂音（DFRobot wiki）,7,底板排针 1=VCC、2=RX、3=TX、4=GND、5=SPK1、6=SPK2、7=BUSY（DFRobot DFR0299 wiki 引脚定义（底板只取常用 7 脚））,2.54,不适用,方针 0.64（排针）,1,1.7×1.7,未核（模块外形各家不同，底板只放排针）,底板焊 1×7 直排针，杜邦线按丝印脚名一一对接；要把模块直接插在排母上，先对照模块丝印确认顺序相同,8.2（排针）,StudentHW:Hdr_DFPlayer_7P,StudentHW:Module_Hdr_DFPlayer_7P,无,https://wiki.dfrobot.com/DFPlayer_Mini_SKU_DFR0299,底板上只有排针，尺寸按 HDR-001 排针图纸（evidence/HDR-001/dim_PZ254_1xN.png）；模块本身没有厂家图,evidence/HDR-001/dim_PZ254_1xN.png,C,直接插板要按实物量两排间距（未核，见 待确认.md）；喇叭接 SPK1/SPK2 不要接地；仿品多，TF 卡格式和文件名有要求,,规格书缺（淘宝模块，datasheet_url 给的是芯片规格书或厂家资料页）。脚序来源：DFRobot DFR0299 wiki 引脚定义（底板只取常用 7 脚），二手资料，到货对照丝印。这里是杜邦线方案；模块 16P 双排直插的排距云端未核。环宽：排针焊盘 1.7、孔 1.0，按 0.35 放宽（2.54 脚距）。模块无 3D 模型。,是,0.64,"1,2",,0.35,1=VCC：PCB 方焊盘；按丝印脚名接线,
COM-001,通信,HC-05 蓝牙串口模块（6P，主从一体）,HC-05 module,淘宝通用,无,不适用,未查（淘宝需登录）,淘宝（未核实）,HC-05 蓝牙模块,未查询（淘宝需登录，按关键词自查）,无,蓝牙 2.0 SPP，主从可设，AT 指令（EN/KEY 进 AT 模式）,VCC 3.6–6V（教程站）,TXD/RXD 3.3V 电平（教程站）,6,底板排针 1=STATE、2=RXD、3=TXD、4=GND、5=VCC、6=EN（教程站 HC-05 引脚（底板顺序与常见底板一致））,2.54,不适用,方针 0.64（排针）,1,1.7×1.7,未核（模块外形各家不同，底板只放排针）,底板焊 1×6 直排针，杜邦线按丝印脚名一一对接；要把模块直接插在排母上，先对照模块丝印确认顺序相同,8.2（排针）,StudentHW:Hdr_HC-05_6P,StudentHW:Module_Hdr_HC-05_6P,无,https://components101.com/wireless/hc-05-bluetooth-module,底板上只有排针，尺寸按 HDR-001 排针图纸（evidence/HDR-001/dim_PZ254_1xN.png）；模块本身没有厂家图,evidence/HDR-001/dim_PZ254_1xN.png,C,5V 主控 TX 接模块 RXD 要分压；手机 iOS 不支持经典蓝牙 SPP,,规格书缺（淘宝模块，datasheet_url 给的是芯片规格书或厂家资料页）。脚序来源：教程站 HC-05 引脚（底板顺序与常见底板一致），二手资料，到货对照丝印。环宽：排针焊盘 1.7、孔 1.0，按 0.35 放宽（2.54 脚距）。模块无 3D 模型。,是,0.64,"1,2",,0.35,1=STATE：PCB 方焊盘；按丝印脚名接线,
COM-002,通信,HC-06 蓝牙串口模块（4P，从机）,HC-06 module,淘宝通用,无,不适用,未查（淘宝需登录）,淘宝（未核实）,HC-06 蓝牙模块,未查询（淘宝需登录，按关键词自查）,无,蓝牙 2.0 SPP，仅从机，默认 9600,模块 VCC（底板版常标 3.6–6V，以商品为准）,TXD/RXD 3.3V,4,底板排针 1=VCC、2=GND、3=TXD、4=RXD（教程站（VCC GND TXD RXD））,2.54,不适用,方针 0.64（排针）,1,1.7×1.7,未核（模块外形各家不同，底板只放排针）,底板焊 1×4 直排针，杜邦线按丝印脚名一一对接；要把模块直接插在排母上，先对照模块丝印确认顺序相同,8.2（排针）,StudentHW:Hdr_HC-06_4P,StudentHW:Module_Hdr_HC-06_4P,无,https://www.etechnophiles.com/hc06-pinout-specifications-datasheet/,底板上只有排针，尺寸按 HDR-001 排针图纸（evidence/HDR-001/dim_PZ254_1xN.png）；模块本身没有厂家图,evidence/HDR-001/dim_PZ254_1xN.png,C,只能当从机；5V 主控 TX 要分压,,规格书缺（淘宝模块，datasheet_url 给的是芯片规格书或厂家资料页）。脚序来源：教程站（VCC GND TXD RXD），二手资料，到货对照丝印。环宽：排针焊盘 1.7、孔 1.0，按 0.35 放宽（2.54 脚距）。模块无 3D 模型。,是,0.64,"1,2",,0.35,1=VCC：PCB 方焊盘；按丝印脚名接线,
COM-003,通信,ESP-01S Wi-Fi 模块（安信可，杜邦线 8P）,ESP-01S,淘宝通用,无,不适用,未查（淘宝需登录）,淘宝（未核实）,ESP-01S 安信可 WiFi 模块,未查询（淘宝需登录，按关键词自查）,无,ESP8266，AT 固件串口透传或自编程；只有 GPIO0、GPIO2 可用,3.0–3.6V，峰值约 300mA（安信可资料转述）,3.3V，不耐 5V,8,底板排针 1=GND、2=IO2、3=IO0、4=RXD、5=TXD、6=EN、7=RST、8=3V3（安信可 ESP-01S 规格书引脚编号 1–8（Tayda 转存））,2.54,不适用,方针 0.64（排针）,1,1.7×1.7,未核（模块外形各家不同，底板只放排针）,底板焊 1×8 直排针，杜邦线按丝印脚名一一对接；要把模块直接插在排母上，先对照模块丝印确认顺序相同,8.2（排针）,StudentHW:Hdr_ESP-01S_8P,StudentHW:Module_Hdr_ESP-01S_8P,无,https://www.taydaelectronics.com/datasheets/files/ESP-01S.pdf,底板上只有排针，尺寸按 HDR-001 排针图纸（evidence/HDR-001/dim_PZ254_1xN.png）；模块本身没有厂家图,evidence/HDR-001/dim_PZ254_1xN.png,C,ESP-01S 是 2×4 排针，不能插这排 1×8：用杜邦线或买 ESP-01 转接座；3.3V 电源要能给 500mA 以上；IO0 上电拉低进下载,,规格书缺（淘宝模块，datasheet_url 给的是芯片规格书或厂家资料页）。脚序来源：安信可 ESP-01S 规格书引脚编号 1–8（Tayda 转存），二手资料，到货对照丝印。环宽：排针焊盘 1.7、孔 1.0，按 0.35 放宽（2.54 脚距）。模块无 3D 模型。,是,0.64,"1,2",,0.35,1=GND：PCB 方焊盘；按丝印脚名接线,
COM-004,通信,NRF24L01 2.4G 无线模块（2×4 直插）,NRF24L01 module,淘宝通用,无,不适用,未查（淘宝需登录）,淘宝（未核实）,NRF24L01 无线模块 2.4G,未查询（淘宝需登录，按关键词自查）,带 PA+LNA 天线版距离远、耗电大,nRF24L01+，SPI，2.4GHz,1.9–3.6V，不能接 5V（教程站）,3.3V（芯片输入脚耐 5V 与否以规格书为准，未核）,8,1=GND、2=VCC、3=CE、4=CSN、5=SCK、6=MOSI、7=MISO、8=IRQ；单号一排、双号一排（Odd_Even，教程站常见图）,2.54,2.54,方针 0.64,1,1.7×1.7,未核,底板焊 2×4 排母，模块插上，天线朝板外,排母 8.5 + 模块,StudentHW:NRF24L01_Module_2x4,Connector_PinSocket_2.54mm:PinSocket_2x04_P2.54mm_Vertical,${KICAD10_3DMODEL_DIR}/Connector_PinSocket_2.54mm.3dshapes/PinSocket_2x04_P2.54mm_Vertical.step,https://cdn.sparkfun.com/assets/3/d/8/5/1/nRF24L01P_Product_Specification_1_0.pdf,底板为 2×4 排母，尺寸按 SKT-001 排母图纸（evidence/SKT-001/dim_PM254_1xN.png）；模块无厂家图,evidence/SKT-001/dim_PM254_1xN.png,C,VCC 接 5V 直接烧；电源旁加 10µF+100nF，否则发射时复位；2×4 排序按模块背面丝印核对,,规格书缺（淘宝模块，datasheet_url 为 Nordic nRF24L01+ 规格书）。脚序为教程站常见图，二手资料，到货对照丝印。环宽：排母焊盘 1.7、孔 1.0，按 0.35 放宽。,是,0.64,"1,3",,0.35,1=GND：PCB 方焊盘；模块上 1 脚一般是方焊盘,
COM-005,通信,MAX485 TTL 转 RS485 模块（控制口 6P）,MAX485 module,淘宝通用,无,不适用,未查（淘宝需登录）,淘宝（未核实）,MAX485 模块 TTL转485,未查询（淘宝需登录，按关键词自查）,无,MAX485 半双工，最高 2.5Mbps（ADI 规格书）；A/B 走模块螺钉端子,5V（ADI 规格书单 5V 供电）,5V 器件；RO 输出 5V，3.3V 主控要分压或换 MAX3485,6,底板排针 1=VCC、2=GND、3=RO、4=RE、5=DE、6=DI（教程站（RO RE DE DI / VCC B A GND 两排））,2.54,不适用,方针 0.64（排针）,1,1.7×1.7,未核（模块外形各家不同，底板只放排针）,底板焊 1×6 直排针，杜邦线按丝印脚名一一对接；要把模块直接插在排母上，先对照模块丝印确认顺序相同,8.2（排针）,StudentHW:Hdr_MAX485_6P,StudentHW:Module_Hdr_MAX485_6P,无,https://www.analog.com/media/en/technical-documentation/data-sheets/MAX1487-MAX491.pdf,底板上只有排针，尺寸按 HDR-001 排针图纸（evidence/HDR-001/dim_PZ254_1xN.png）；模块本身没有厂家图,evidence/HDR-001/dim_PZ254_1xN.png,C,3.3V 系统优先 MAX3485 版本；RE、DE 可并在一起由一个 IO 控制收发,,规格书缺（淘宝模块，datasheet_url 给的是芯片规格书或厂家资料页）。脚序来源：教程站（RO RE DE DI / VCC B A GND 两排），二手资料，到货对照丝印。环宽：排针焊盘 1.7、孔 1.0，按 0.35 放宽（2.54 脚距）。模块无 3D 模型。,是,0.64,"1,2",,0.35,1=VCC：PCB 方焊盘；按丝印脚名接线,
PMD-001,电源模块,TP4056 Type-C 锂电充电模块（带保护，不上板）,TP4056 + DW01A module,淘宝通用,无,不适用,未查（淘宝需登录）,淘宝（未核实）,TP4056 Type-C 充电模块 带保护,未查询（淘宝需登录，按关键词自查）,不带保护版（PMD-002）,TP4056 线性充电 4.2V，R_PROG 1.2k 对应 1A；DW01A + 8205A 保护（商家资料）,Type-C 5V 输入,不适用,0,焊盘 IN+ IN-（或 Type-C）、B+ B-（接电池）、OUT+ OUT-（经保护后的输出）（商家资料（TP4056 Type-C 带保护板））,不适用,不适用,不适用,不适用,不适用,不适用,不上板：模块用导线或 2P 端子（TERM-001/XH）连底板，电池接 BAT-001 电池座,不适用,不适用,不适用,无,https://datasheet.lcsc.com/lcsc/1809261820_TOPPOWER-Nanjing-Extension-Microelectronics-TP4056-42-ESOP8_C16581.pdf,不上板，不需要尺寸图,,C,负载要接 OUT+/OUT-（带保护），不要接 B+/B-；1A 充电模块很烫，小电池要把 R_PROG 改大,,不上板。规格书缺（淘宝模块/成品，datasheet_url 为芯片规格书或厂家资料）。,否,,"1,2",,,不上板,
PMD-002,电源模块,TP4056 Type-C 锂电充电模块（不带保护，不上板）,TP4056 module (no protection),淘宝通用,无,不适用,未查（淘宝需登录）,淘宝（未核实）,TP4056 Type-C 充电模块 不带保护,未查询（淘宝需登录，按关键词自查）,带保护版（PMD-001）,TP4056 线性充电 4.2V，只有 B+ B-,Type-C 5V 输入,不适用,0,焊盘 IN+ IN-（或 Type-C）、B+ B-（商家资料）,不适用,不适用,不适用,不适用,不适用,不适用,不上板：导线或端子连接,不适用,不适用,不适用,无,https://datasheet.lcsc.com/lcsc/1809261820_TOPPOWER-Nanjing-Extension-Microelectronics-TP4056-42-ESOP8_C16581.pdf,不上板，不需要尺寸图,,C,规范 3.3 节：锂电必须带保护，用这个版本时电池本身要带保护板（PMD-006）,,不上板。规格书缺（淘宝模块/成品，datasheet_url 为芯片规格书或厂家资料）。,否,,"1,2",,,不上板,
PMD-003,电源模块,MP1584 小体积降压模块（3A，不上板）,MP1584EN buck module,淘宝通用,无,不适用,未查（淘宝需登录）,淘宝（未核实）,MP1584 降压模块 3A 可调,未查询（淘宝需登录，按关键词自查）,无,MP1584EN，输入 4.5–28V，输出 0.8–20V 可调，最大 3A，22×17×4.3mm（商家资料）,输入 4.5–28V,不适用,0,IN+ IN- OUT+ OUT- 四个焊盘（商家资料）,不适用,不适用,不适用,不适用,不适用,不适用,不上板：四根导线或排针焊在底板 4 个孔上（孔距按实物量）,不适用,不适用,不适用,无,https://www.mouser.com/datasheet/2/277/MP1584_r1.0-779241.pdf,不上板，不需要尺寸图,,C,出厂电压随机，接负载前先用万用表调好；3A 是峰值，长期 1.5A 以下,,不上板。规格书缺（淘宝模块/成品，datasheet_url 为芯片规格书或厂家资料）。,否,,"1,2",,,不上板,
PMD-004,电源模块,LM2596 降压模块（3A，不上板）,LM2596 buck module,淘宝通用,无,不适用,未查（淘宝需登录）,淘宝（未核实）,LM2596 降压模块,未查询（淘宝需登录，按关键词自查）,无,LM2596-ADJ，输入 4–40V，输出 1.25–37V，3A（商家资料，不同版本尺寸差别大）,输入 4–40V,不适用,0,IN+ IN- OUT+ OUT-（有的带数显）（商家资料）,不适用,不适用,不适用,不适用,不适用,不适用,不上板：导线连接,不适用,不适用,不适用,无,https://www.ti.com/product/LM2596,不上板，不需要尺寸图,,C,150kHz 开关频率，纹波比 MP1584 大；版本多（43×21 小板、66×36 数显板），开孔按实物,,不上板。规格书缺（淘宝模块/成品，datasheet_url 为芯片规格书或厂家资料）。,否,,"1,2",,,不上板,
PMD-005,电源模块,MT3608 升压模块（2A，不上板）,MT3608 boost module,淘宝通用,无,不适用,未查（淘宝需登录）,淘宝（未核实）,MT3608 升压模块,未查询（淘宝需登录，按关键词自查）,无,MT3608，输入 2–24V，输出可调最高 28V，最大 2A，37.2×17.2×14mm（商家资料）,输入 2–24V,不适用,0,VIN+ VIN- VOUT+ VOUT-（商家资料）,不适用,不适用,不适用,不适用,不适用,不适用,不上板：导线连接,不适用,不适用,不适用,无,https://components101.com/sites/default/files/component_datasheet/MT3608-Step-Up-Power-Module-Datasheet.pdf,不上板，不需要尺寸图,,C,升压后输入电流是输出电流的数倍，锂电升 5V 时电池电流大；空载先调电压,,不上板。规格书缺（淘宝模块/成品，datasheet_url 为芯片规格书或厂家资料）。,否,,"1,2",,,不上板,
PMD-006,电源模块,18650 锂电池（带保护板，不上板）,18650 Li-ion with protection,淘宝通用,无,不适用,未查（淘宝需登录）,淘宝（未核实）,18650 锂电池 带保护板 尖头,未查询（淘宝需登录，按关键词自查）,无,单节 3.7V（满电 4.2V），带保护板版本,不适用,不适用,0,正负极装入 BAT-001 电池座（规范 3.3 节）,不适用,不适用,不适用,不适用,不适用,不适用,不上板：装在 BAT-001（18650 电池座）里,不适用,不适用,不适用,无,https://www.lcsc.com/product-detail/C5290176.html,不上板，不需要尺寸图,,C,"带保护板的电池比裸电芯长约 2–3mm，先确认电池座放得下；不买""大容量""虚标电池",,不上板。规格书缺（淘宝模块/成品，datasheet_url 为芯片规格书或厂家资料）。datasheet_url 为 BAT-001 电池座的立创页（电池本身是淘宝商品，无规格书）。,否,,"1,2",,,不上板,
